# Blender 5.0.0
# www.blender.org
mtllib body_fixed.mtl
o female_template-2
v -0.640288 3.416121 0.293503
v -0.655278 3.468086 0.192364
v -0.617144 3.257950 0.211972
v -0.637627 3.311859 0.113774
v -0.619554 3.103828 0.151132
v -0.640879 3.156227 0.058052
v -0.630166 2.969898 0.117701
v -0.640791 3.019066 0.032688
v -0.660528 2.829020 0.082175
v -0.671157 2.872107 0.001988
v -0.762722 2.693451 -0.008036
v -0.777080 2.734215 -0.091658
v -0.561805 3.307938 0.437159
v -0.611243 3.360260 0.375069
v -0.561228 3.171061 0.366615
v -0.596940 3.212158 0.298176
v -0.553608 2.994743 0.297872
v -0.593010 3.047016 0.235052
v -0.574638 2.865957 0.257296
v -0.607424 2.915310 0.194563
v -0.606669 2.736532 0.213520
v -0.636049 2.782108 0.154708
v -0.702535 2.598618 0.137815
v -0.734614 2.646517 0.069502
v -0.146081 3.085560 0.726979
v -0.071843 3.081396 0.743334
v -0.141901 2.954865 0.655574
v -0.070761 2.950308 0.674862
v -0.142355 2.812098 0.595527
v -0.072474 2.810965 0.616423
v -0.277507 2.676699 0.482604
v -0.207911 2.663200 0.514017
v -0.211127 2.816408 0.567064
v -0.276046 2.823935 0.527212
v -0.145540 2.517921 0.502519
v -0.136396 2.658779 0.540121
v -0.226316 2.526203 0.478441
v -0.073285 2.672205 0.567146
v -0.069657 2.517296 0.516686
v -0.304347 2.540886 0.448598
v -0.178295 2.372328 0.493685
v -0.086836 2.367632 0.510678
v -0.274942 2.973755 0.592513
v -0.333935 2.998978 0.554973
v -0.339195 2.843901 0.490151
v 0.000000 2.515253 0.521418
v 0.000000 2.672129 0.574558
v -0.364306 2.394075 0.421378
v -0.272328 2.380342 0.464299
v -0.660167 2.551432 0.197156
v -0.567972 2.689705 0.265803
v -0.529931 2.815426 0.314759
v -0.505487 2.946184 0.357144
v 0.000000 2.950687 0.684311
v 0.000000 3.083218 0.751450
v -0.656706 3.564693 0.070066
v -0.638903 3.361441 0.003709
v -0.683565 2.908325 -0.084718
v -0.756869 2.763996 -0.168067
v -0.662715 3.063179 -0.055008
v -0.649227 3.204815 -0.038430
v -0.628272 3.645741 -0.071755
v -0.605027 3.406559 -0.105350
v -0.673896 2.937965 -0.191450
v -0.754633 2.793957 -0.257043
v -0.622487 3.236265 -0.142771
v -0.644436 3.095201 -0.162897
v -0.549507 3.675236 -0.215327
v -0.548275 3.443916 -0.229054
v -0.648646 2.963039 -0.305342
v -0.739453 2.822960 -0.352250
v -0.569515 3.256317 -0.254443
v -0.605447 3.115290 -0.281607
v -0.485999 3.691982 -0.316453
v -0.474395 3.458717 -0.324987
v -0.603468 2.974766 -0.421120
v -0.701394 2.831579 -0.453691
v -0.497901 3.254763 -0.343408
v -0.543545 3.123152 -0.381184
v -0.407698 3.691366 -0.395450
v -0.402600 3.463196 -0.373192
v -0.535072 2.969166 -0.517788
v -0.630504 2.831707 -0.580064
v -0.416046 3.253990 -0.408623
v -0.464643 3.115860 -0.453708
v -0.307684 3.683037 -0.443719
v -0.305355 3.472567 -0.433361
v -0.419281 2.939404 -0.617797
v -0.486716 2.781782 -0.689356
v -0.311774 3.259501 -0.462502
v -0.356046 3.097813 -0.523951
v -0.099082 3.662523 -0.511468
v 0.000000 3.657005 -0.525063
v 0.000000 3.465189 -0.519730
v -0.092712 3.469065 -0.514240
v -0.135467 2.913401 -0.674788
v 0.000000 2.904224 -0.674426
v 0.000000 2.697519 -0.773211
v -0.171893 2.721926 -0.765769
v 0.000000 3.269907 -0.539910
v -0.094413 3.267902 -0.540364
v 0.000000 3.093487 -0.593019
v -0.117796 3.085709 -0.602806
v 0.000000 2.811028 0.626077
v 0.000000 2.366142 0.515322
v -0.354499 3.135088 0.629711
v -0.291527 3.109812 0.667256
v -0.210504 2.959949 0.627140
v -0.380851 2.563309 0.407949
v -0.452073 2.415411 0.369222
v -0.347261 2.697165 0.446729
v -0.219703 3.094667 0.700799
v -0.468109 3.212225 0.543165
v -0.514441 3.256701 0.494576
v -0.480993 2.772575 0.367027
v -0.456601 2.905037 0.405742
v -0.520800 2.646589 0.316883
v -0.607217 2.504974 0.257685
v -0.205300 3.670633 -0.484681
v -0.191645 3.272173 -0.517016
v -0.215786 3.095671 -0.585818
v -0.199941 3.473372 -0.491230
v -0.258918 2.913424 -0.653941
v -0.316819 2.745626 -0.752512
v -0.449075 3.083065 0.469585
v -0.511150 3.119902 0.424248
v -1.519792 2.238043 0.202111
v -1.954237 2.175402 0.184084
v -1.798726 2.097725 0.350434
v -1.400021 2.155266 0.312960
v -2.352126 2.055342 0.201846
v -2.229434 1.988451 0.354912
v -2.595657 1.871372 0.196330
v -2.476102 1.771563 0.356186
v -2.756872 1.667658 0.213849
v -2.630934 1.570667 0.385260
v -2.917990 1.411591 0.227559
v -2.772029 1.312796 0.386470
v -3.036180 1.101799 0.222126
v -3.133000 0.908749 0.186775
v -3.034281 0.873276 0.307291
v -2.882416 1.051731 0.333650
v -3.249289 0.790649 0.170748
v -3.172101 0.693274 0.352659
v -3.393194 0.643681 0.203560
v -1.631297 1.975594 0.442670
v -1.251637 2.072968 0.377589
v -2.014832 1.854376 0.474191
v -2.295118 1.652390 0.497219
v -2.462789 1.443090 0.511824
v -2.611075 1.222780 0.507817
v -2.895757 0.756866 0.479530
v -2.763290 1.014048 0.440156
v -3.002879 0.581831 0.473034
v -1.238890 1.807241 0.579287
v -1.593458 1.636129 0.646998
v -1.414698 1.558668 0.800222
v -0.988858 1.725143 0.691335
v -1.912048 1.439074 0.699973
v -1.764552 1.319721 0.805872
v -2.114964 1.235582 0.710199
v -2.000179 1.118774 0.780179
v -2.293159 1.016672 0.656146
v -2.162046 0.902645 0.689669
v -2.399932 0.817877 0.561190
v -2.520551 0.623899 0.460996
v -2.314523 0.598343 0.371631
v -2.252169 0.724190 0.567841
v -0.619995 1.731310 0.743924
v -0.655387 1.576641 0.865106
v -0.395119 1.569233 0.863487
v -0.368318 1.720352 0.739936
v -1.330490 1.448553 0.913518
v -0.969329 1.541162 0.856181
v -1.668747 1.216089 0.889600
v -1.899539 0.994320 0.858561
v -2.061255 0.787052 0.747380
v -2.148309 0.632572 0.569600
v 0.000000 1.561468 0.864981
v 0.000000 1.712973 0.753525
v -0.170216 1.716846 0.748773
v -0.182982 1.563465 0.864740
v -1.271757 1.287457 1.017030
v -0.933173 1.389231 0.959293
v -1.601962 1.073149 0.979992
v -1.831302 0.868580 0.916664
v -1.972758 0.667088 0.777361
v -1.240001 1.136221 1.096882
v -0.915870 1.225559 1.060004
v -1.545859 0.961193 1.045817
v -1.776570 0.751497 0.977517
v -1.906575 0.545174 0.798607
v -1.234136 0.946718 1.235480
v -0.927267 1.026766 1.181384
v -1.524775 0.809530 1.137411
v -1.737498 0.635948 1.034944
v 0.000000 1.251465 1.071440
v -0.189587 1.264011 1.076020
v -0.191026 1.067268 1.187506
v 0.000000 1.059393 1.179274
v -1.273883 0.762936 1.293458
v -0.997090 0.823938 1.332315
v -1.534721 0.667274 1.239329
v -1.708954 0.504080 1.111312
v -0.183821 0.858509 1.290785
v 0.000000 0.857895 1.267756
v 0.000000 1.415060 0.966375
v -0.186383 1.419821 0.968726
v -0.716153 2.319714 0.246615
v -0.778522 2.378529 0.191754
v -1.609263 2.301298 0.050099
v -2.039000 2.217054 -0.000887
v -2.414643 2.098900 0.020882
v -2.647341 1.917088 0.015111
v -2.837049 1.723360 0.008199
v -3.007262 1.470224 0.011127
v -3.158384 1.217964 -0.000255
v -3.266551 1.004192 -0.015199
v -3.360095 0.824766 -0.008674
v -3.463416 0.671804 0.012805
v -0.400850 1.429811 0.969834
v -0.401423 1.085518 1.195133
v -0.419060 0.859951 1.294324
v -0.735515 1.902790 0.558891
v -0.512354 1.888817 0.601705
v -0.404376 1.284740 1.074956
v -0.319729 1.883398 0.628571
v -0.921065 1.946791 0.481681
v -0.342745 2.226826 0.489777
v -0.456593 2.239403 0.441230
v -0.225907 2.218210 0.524076
v -0.559157 2.258596 0.380758
v -1.099785 2.278011 0.149612
v -1.007768 2.208668 0.233479
v -0.837852 2.434961 0.114236
v -0.891797 2.506763 0.030216
v -0.940073 2.716623 -0.450683
v -0.873176 2.732796 -0.540314
v -0.362132 2.590401 -0.805617
v -0.200343 2.559330 -0.825248
v -0.955377 2.704172 -0.335956
v 0.000000 2.524591 -0.863124
v -0.566884 2.635464 -0.752882
v -0.959950 2.671867 -0.258760
v -0.931313 2.574339 -0.076445
v -0.949435 2.622791 -0.169430
v -0.770016 2.694744 -0.667460
v -1.248793 2.500977 -0.252661
v -1.251243 2.546774 -0.378215
v -0.872901 2.539448 -0.770821
v -0.646775 2.491739 -0.843065
v -1.233085 2.439112 -0.126666
v -1.035536 2.586069 -0.676817
v -1.151394 2.593752 -0.561757
v -1.243405 2.564051 -0.464326
v -0.422599 2.453762 -0.867741
v -0.222233 2.428829 -0.877647
v 0.000000 2.406199 -0.897920
v -0.244722 2.304455 -0.936526
v 0.000000 2.289621 -0.932786
v -1.388790 2.402716 -0.697089
v -1.218304 2.388454 -0.825887
v -0.974351 2.391232 -0.885817
v -0.711629 2.357712 -0.940427
v -1.658320 2.348724 -0.132720
v -1.629536 2.374027 -0.267978
v -0.474282 2.326952 -0.939215
v -1.582740 2.390207 -0.426066
v -1.513951 2.403839 -0.566665
v -0.918185 2.155651 0.296064
v -0.425608 2.061237 0.532126
v -0.580059 2.074501 0.480269
v -0.275981 2.055382 0.567155
v -0.713747 2.098856 0.409013
v -1.183121 2.352081 0.014357
v -0.109782 2.215279 0.543706
v 0.000000 2.214128 0.552465
v -0.134122 2.052555 0.592837
v 0.000000 2.052248 0.603711
v -0.154506 1.882570 0.655876
v 0.000000 1.882078 0.665221
v -0.651754 1.426519 0.957416
v -0.646538 1.275560 1.055793
v -0.644361 1.069281 1.181642
v -0.695652 0.847675 1.311954
v -0.255897 2.123253 -1.008146
v 0.000000 2.116308 -0.995184
v -2.047154 2.260906 -0.309366
v -1.953947 2.250504 -0.466797
v -0.501898 2.160538 -1.022846
v -0.763641 2.212738 -1.058603
v -1.774198 2.243286 -0.635149
v -1.586423 2.239687 -0.789621
v -1.339343 2.228418 -0.909396
v -1.042015 2.228659 -1.004117
v -2.056225 2.253197 -0.153476
v -1.724530 2.071701 -0.860153
v -1.414986 2.058136 -1.010991
v -1.104280 2.057932 -1.126956
v -0.811066 2.033195 -1.183348
v -2.404655 2.121677 -0.158671
v -2.346318 2.116373 -0.338026
v -0.260183 1.940149 -1.054758
v 0.000000 1.932598 -1.047745
v -2.199095 2.109468 -0.522686
v -0.537702 1.983656 -1.097977
v -1.986817 2.092697 -0.682639
v -1.443735 1.830662 -1.110717
v -1.437810 1.592213 -1.186522
v -1.787954 1.576912 -1.064537
v -1.881283 1.819088 -0.942919
v -1.416538 1.402100 -1.289556
v -1.720354 1.374626 -1.138196
v -1.353635 1.051983 -1.332779
v -1.311515 0.867247 -1.326695
v -1.569842 0.849648 -1.171204
v -1.616098 1.029863 -1.189780
v -1.130178 1.842350 -1.221870
v -1.145201 1.614450 -1.261452
v -1.118397 1.395950 -1.325744
v -1.060208 1.043585 -1.376048
v -1.026553 0.859833 -1.368336
v -0.841809 1.839724 -1.262874
v -0.865067 1.583052 -1.271082
v -0.849001 1.371548 -1.312283
v -0.789463 1.014662 -1.332449
v -0.761958 0.834858 -1.324264
v -0.545640 1.774992 -1.157865
v -0.554446 1.561848 -1.209856
v -0.547636 1.359818 -1.239276
v -0.534815 0.994505 -1.270551
v -0.267752 1.743698 -1.101924
v -0.265421 1.537960 -1.146307
v -0.276226 1.339243 -1.179110
v -0.280083 0.990377 -1.208977
v -0.274614 0.827463 -1.207969
v 0.000000 1.735662 -1.091542
v 0.000000 1.529308 -1.130085
v 0.000000 1.332809 -1.154043
v 0.000000 0.977955 -1.185990
v 0.000000 0.822287 -1.178801
v -2.639798 1.936619 -0.202206
v -2.566769 1.948713 -0.384701
v -2.415749 1.938204 -0.572427
v -2.203919 1.896444 -0.730105
v -2.591805 0.947117 -0.792404
v -2.431341 0.881290 -0.771673
v -2.710923 0.753321 -0.767791
v -2.846811 1.719046 -0.235529
v -2.759500 1.726568 -0.444824
v -1.788247 0.767454 -0.970957
v -2.596821 1.753450 -0.608365
v -2.425514 1.716141 -0.751185
v -2.431702 1.133032 -0.839426
v -2.283340 1.043726 -0.864334
v -2.007238 0.870474 -0.882723
v -2.121768 0.822182 -0.778869
v -3.030042 1.479420 -0.245415
v -2.940961 1.485260 -0.472921
v -2.789878 1.492826 -0.633741
v -2.650622 1.489092 -0.744942
v -2.223524 1.605240 -0.878466
v -2.455076 1.433325 -0.843523
v -2.086072 1.460825 -0.977453
v -2.285020 1.328110 -0.921297
v -3.184292 1.229963 -0.239926
v -3.091094 1.230341 -0.450298
v -2.947414 1.224405 -0.597248
v -2.790038 1.244907 -0.710848
v -2.626364 1.219023 -0.803174
v -2.862458 0.793108 -0.726212
v -2.757702 0.980398 -0.763207
v -3.363900 0.853979 -0.220885
v -3.276015 1.022940 -0.229120
v -3.197714 1.018703 -0.416012
v -3.289331 0.849205 -0.409498
v -3.070357 1.005579 -0.542394
v -3.167502 0.834517 -0.535491
v -2.919309 1.002970 -0.665005
v -3.025616 0.823292 -0.646797
v -3.452055 0.699478 -0.209784
v -3.386629 0.703089 -0.396200
v -2.158452 1.166687 -0.949674
v -1.850892 0.948383 -1.002538
v -1.981801 1.291536 -1.034585
v -1.357194 0.486277 1.475850
v -1.097580 0.529406 1.497375
v -0.846690 0.508511 1.515293
v -1.565458 0.542078 1.335598
v -1.319006 0.614605 1.395755
v -1.043634 0.667351 1.420808
v -0.751765 0.666046 1.423699
v -0.438228 0.606228 1.422330
v -0.179967 0.595518 1.382566
v 0.000000 0.611885 1.365955
v -0.644907 2.285610 0.310889
v -0.529191 2.446920 0.310880
v -0.454811 2.595390 0.361945
v -0.422860 2.738745 0.416298
v -0.401038 2.871500 0.449936
v -0.393027 3.042908 0.513872
v -0.413157 3.170500 0.589156
v -0.824781 2.125204 0.343363
v -1.093887 2.007872 0.420764
v -1.442606 1.889061 0.506773
v -1.795105 1.747185 0.556350
v -2.072099 1.540577 0.604942
v -2.265096 1.327484 0.628270
v -2.442025 1.118647 0.604461
v -2.588020 0.899759 0.552247
v -2.699842 0.684435 0.519946
v -1.375978 1.223406 -1.319163
v -1.653694 1.189388 -1.186425
v -1.084171 1.214485 -1.365692
v -0.811239 1.198952 -1.329011
v -0.539687 1.184006 -1.259314
v -0.284141 1.158411 -1.196533
v 0.000000 1.139540 -1.170161
v -2.067083 1.016518 -0.929330
v -2.179414 0.929522 -0.830041
v -2.313257 0.777306 -0.718747
v -1.905817 1.120831 -1.046141
v 0.640288 3.416121 0.293503
v 0.655278 3.468086 0.192364
v 0.617144 3.257950 0.211972
v 0.637627 3.311859 0.113774
v 0.619554 3.103828 0.151132
v 0.640879 3.156227 0.058052
v 0.630166 2.969898 0.117701
v 0.640791 3.019066 0.032688
v 0.660528 2.829020 0.082175
v 0.671157 2.872107 0.001988
v 0.762722 2.693451 -0.008036
v 0.777080 2.734215 -0.091658
v 0.561805 3.307938 0.437159
v 0.611243 3.360260 0.375069
v 0.561228 3.171061 0.366615
v 0.596940 3.212158 0.298176
v 0.553608 2.994743 0.297872
v 0.593010 3.047016 0.235052
v 0.574638 2.865957 0.257296
v 0.607424 2.915310 0.194563
v 0.606669 2.736532 0.213520
v 0.636049 2.782108 0.154708
v 0.702535 2.598618 0.137815
v 0.734614 2.646517 0.069502
v 0.071843 3.081396 0.743334
v 0.146081 3.085560 0.726979
v 0.070761 2.950308 0.674862
v 0.141901 2.954865 0.655574
v 0.072474 2.810965 0.616423
v 0.142355 2.812098 0.595527
v 0.277507 2.676699 0.482604
v 0.276046 2.823935 0.527212
v 0.211127 2.816408 0.567064
v 0.207911 2.663200 0.514017
v 0.145540 2.517921 0.502519
v 0.226316 2.526203 0.478441
v 0.136396 2.658779 0.540121
v 0.073285 2.672205 0.567146
v 0.069657 2.517296 0.516686
v 0.304347 2.540886 0.448598
v 0.086836 2.367632 0.510678
v 0.178295 2.372328 0.493685
v 0.339195 2.843901 0.490151
v 0.333935 2.998978 0.554973
v 0.274942 2.973755 0.592513
v 0.364306 2.394075 0.421378
v 0.272328 2.380342 0.464299
v 0.567972 2.689705 0.265803
v 0.660167 2.551432 0.197156
v 0.529931 2.815426 0.314759
v 0.505487 2.946184 0.357144
v 0.638903 3.361441 0.003709
v 0.656706 3.564693 0.070066
v 0.756869 2.763996 -0.168067
v 0.683565 2.908325 -0.084718
v 0.662715 3.063179 -0.055008
v 0.649227 3.204815 -0.038430
v 0.605027 3.406559 -0.105350
v 0.628272 3.645741 -0.071755
v 0.754633 2.793957 -0.257043
v 0.673896 2.937965 -0.191450
v 0.622487 3.236265 -0.142771
v 0.644436 3.095201 -0.162897
v 0.548275 3.443916 -0.229054
v 0.549507 3.675236 -0.215327
v 0.739453 2.822960 -0.352250
v 0.648646 2.963039 -0.305342
v 0.569515 3.256317 -0.254443
v 0.605447 3.115290 -0.281607
v 0.474395 3.458717 -0.324987
v 0.485999 3.691982 -0.316453
v 0.701394 2.831579 -0.453691
v 0.603468 2.974766 -0.421120
v 0.497901 3.254763 -0.343408
v 0.543545 3.123152 -0.381184
v 0.402600 3.463196 -0.373192
v 0.407698 3.691366 -0.395450
v 0.630504 2.831707 -0.580064
v 0.535072 2.969166 -0.517788
v 0.416046 3.253990 -0.408623
v 0.464643 3.115860 -0.453708
v 0.305355 3.472567 -0.433361
v 0.307684 3.683037 -0.443719
v 0.486716 2.781782 -0.689356
v 0.419281 2.939404 -0.617797
v 0.311774 3.259501 -0.462502
v 0.356046 3.097813 -0.523951
v 0.099082 3.662523 -0.511468
v 0.092712 3.469065 -0.514240
v 0.135467 2.913401 -0.674788
v 0.171893 2.721926 -0.765769
v 0.094413 3.267902 -0.540364
v 0.117796 3.085709 -0.602806
v 0.291527 3.109812 0.667256
v 0.354499 3.135088 0.629711
v 0.210504 2.959949 0.627140
v 0.380851 2.563309 0.407949
v 0.452073 2.415411 0.369222
v 0.347261 2.697165 0.446729
v 0.219703 3.094667 0.700799
v 0.468109 3.212225 0.543165
v 0.514441 3.256701 0.494576
v 0.456601 2.905037 0.405742
v 0.480993 2.772575 0.367027
v 0.520800 2.646589 0.316883
v 0.607217 2.504974 0.257685
v 0.205300 3.670633 -0.484681
v 0.191645 3.272173 -0.517016
v 0.215786 3.095671 -0.585818
v 0.199941 3.473372 -0.491230
v 0.258918 2.913424 -0.653941
v 0.316819 2.745626 -0.752512
v 0.449075 3.083065 0.469585
v 0.511150 3.119902 0.424248
v 1.519792 2.238043 0.202111
v 1.400021 2.155266 0.312960
v 1.798726 2.097725 0.350434
v 1.954237 2.175402 0.184084
v 2.229434 1.988451 0.354912
v 2.352126 2.055342 0.201846
v 2.476102 1.771563 0.356186
v 2.595657 1.871372 0.196330
v 2.630934 1.570667 0.385260
v 2.756872 1.667658 0.213849
v 2.772029 1.312796 0.386470
v 2.917990 1.411591 0.227559
v 3.036180 1.101799 0.222126
v 2.882416 1.051731 0.333650
v 3.034281 0.873276 0.307291
v 3.133000 0.908749 0.186775
v 3.172101 0.693274 0.352659
v 3.249289 0.790649 0.170748
v 1.251637 2.072968 0.377589
v 1.631297 1.975594 0.442670
v 2.014832 1.854376 0.474191
v 2.295118 1.652390 0.497219
v 2.462789 1.443090 0.511824
v 2.611075 1.222780 0.507817
v 2.763290 1.014048 0.440156
v 2.895757 0.756866 0.479530
v 1.238890 1.807241 0.579287
v 0.988858 1.725143 0.691335
v 1.414698 1.558668 0.800222
v 1.593458 1.636129 0.646998
v 1.764552 1.319721 0.805872
v 1.912048 1.439074 0.699973
v 2.000179 1.118774 0.780179
v 2.114964 1.235582 0.710199
v 2.162046 0.902645 0.689669
v 2.293159 1.016672 0.656146
v 2.399932 0.817877 0.561190
v 2.252169 0.724190 0.567841
v 2.520551 0.623899 0.460996
v 0.619995 1.731310 0.743924
v 0.368318 1.720352 0.739936
v 0.395119 1.569233 0.863487
v 0.655387 1.576641 0.865106
v 0.969329 1.541162 0.856181
v 1.330490 1.448553 0.913518
v 1.668747 1.216089 0.889600
v 1.899539 0.994320 0.858561
v 2.061255 0.787052 0.747380
v 2.148309 0.632572 0.569600
v 0.182982 1.563465 0.864740
v 0.170216 1.716846 0.748773
v 0.933173 1.389231 0.959293
v 1.271757 1.287457 1.017030
v 1.601962 1.073149 0.979992
v 1.831302 0.868580 0.916664
v 1.972758 0.667088 0.777361
v 0.915870 1.225559 1.060004
v 1.240001 1.136221 1.096882
v 1.545859 0.961193 1.045817
v 1.776570 0.751497 0.977517
v 0.927267 1.026766 1.181384
v 1.234136 0.946718 1.235480
v 1.524775 0.809530 1.137411
v 1.737498 0.635948 1.034944
v 0.191026 1.067268 1.187506
v 0.189587 1.264011 1.076020
v 0.997090 0.823938 1.332315
v 1.273883 0.762936 1.293458
v 1.534721 0.667274 1.239329
v 0.183821 0.858509 1.290785
v 0.186383 1.419821 0.968726
v 0.716153 2.319714 0.246615
v 0.778522 2.378529 0.191754
v 1.609263 2.301298 0.050099
v 2.039000 2.217054 -0.000887
v 2.414643 2.098900 0.020882
v 2.647341 1.917088 0.015111
v 2.837049 1.723360 0.008199
v 3.007262 1.470224 0.011127
v 3.158384 1.217964 -0.000255
v 3.266551 1.004192 -0.015199
v 3.360095 0.824766 -0.008674
v 0.400850 1.429811 0.969834
v 0.419060 0.859951 1.294324
v 0.401423 1.085518 1.195133
v 0.735515 1.902790 0.558891
v 0.512354 1.888817 0.601705
v 0.404376 1.284740 1.074956
v 0.319729 1.883398 0.628571
v 0.921065 1.946791 0.481681
v 0.342745 2.226826 0.489777
v 0.456593 2.239403 0.441230
v 0.225907 2.218210 0.524076
v 0.559157 2.258596 0.380758
v 1.099785 2.278011 0.149612
v 1.007768 2.208668 0.233479
v 0.837852 2.434961 0.114236
v 0.891797 2.506763 0.030216
v 0.940073 2.716623 -0.450683
v 0.873176 2.732796 -0.540314
v 0.362132 2.590401 -0.805617
v 0.200343 2.559330 -0.825248
v 0.955377 2.704172 -0.335956
v 0.566884 2.635464 -0.752882
v 0.959950 2.671867 -0.258760
v 0.931313 2.574339 -0.076445
v 0.949435 2.622791 -0.169430
v 0.770016 2.694744 -0.667460
v 1.248793 2.500977 -0.252661
v 1.251243 2.546774 -0.378215
v 0.872901 2.539448 -0.770821
v 0.646775 2.491739 -0.843065
v 1.233085 2.439112 -0.126666
v 1.035536 2.586069 -0.676817
v 1.151394 2.593752 -0.561757
v 1.243405 2.564051 -0.464326
v 0.422599 2.453762 -0.867741
v 0.222233 2.428829 -0.877647
v 1.388790 2.402716 -0.697089
v 1.218304 2.388454 -0.825887
v 0.974351 2.391232 -0.885817
v 0.711629 2.357712 -0.940427
v 1.658320 2.348724 -0.132720
v 1.629536 2.374027 -0.267978
v 0.474282 2.326952 -0.939215
v 1.582740 2.390207 -0.426066
v 0.244722 2.304455 -0.936526
v 1.513951 2.403839 -0.566665
v 0.918185 2.155651 0.296064
v 0.425608 2.061237 0.532126
v 0.580059 2.074501 0.480269
v 0.275981 2.055382 0.567155
v 0.713747 2.098856 0.409013
v 1.183121 2.352081 0.014357
v 0.109782 2.215279 0.543585
v 0.134122 2.052555 0.592837
v 0.154506 1.882570 0.655876
v 0.646538 1.275560 1.055793
v 0.651754 1.426519 0.957416
v 0.644361 1.069281 1.181642
v 0.695652 0.847675 1.311954
v 0.255897 2.123253 -1.008146
v 2.047154 2.260906 -0.309366
v 1.953947 2.250504 -0.466797
v 0.763641 2.212738 -1.058603
v 0.501898 2.160538 -1.022846
v 1.774198 2.243286 -0.635149
v 1.586423 2.239687 -0.789621
v 1.339343 2.228418 -0.909396
v 1.042015 2.228659 -1.004117
v 2.056225 2.253197 -0.153476
v 1.724530 2.071701 -0.860153
v 1.414986 2.058136 -1.010991
v 1.104280 2.057932 -1.126956
v 0.811066 2.033195 -1.183348
v 2.404655 2.121677 -0.158671
v 2.346318 2.116373 -0.338026
v 0.260183 1.940149 -1.054758
v 2.199095 2.109468 -0.522686
v 0.537702 1.983656 -1.097977
v 1.986817 2.092697 -0.682639
v 1.443735 1.830662 -1.110717
v 1.881283 1.819088 -0.942919
v 1.787954 1.576912 -1.064537
v 1.437810 1.592213 -1.186522
v 1.720354 1.374626 -1.138196
v 1.416538 1.402100 -1.289556
v 1.353635 1.051983 -1.332779
v 1.616098 1.029863 -1.189780
v 1.569842 0.849648 -1.171204
v 1.311515 0.867247 -1.326695
v 1.130178 1.842350 -1.221870
v 1.145201 1.614450 -1.261452
v 1.118397 1.395950 -1.325744
v 1.060208 1.043585 -1.376048
v 1.026553 0.859833 -1.368336
v 0.841809 1.839724 -1.262874
v 0.865067 1.583052 -1.271082
v 0.849001 1.371548 -1.312283
v 0.789463 1.014662 -1.332449
v 0.761958 0.834858 -1.324264
v 0.545640 1.774992 -1.157865
v 0.554446 1.561848 -1.209856
v 0.547636 1.359818 -1.239276
v 0.534815 0.994505 -1.270551
v 0.267752 1.743698 -1.101924
v 0.265421 1.537960 -1.146307
v 0.276226 1.339243 -1.179110
v 0.280083 0.990377 -1.208977
v 0.274614 0.827463 -1.207969
v 2.639798 1.936619 -0.202206
v 2.566769 1.948713 -0.384701
v 2.415749 1.938204 -0.572427
v 2.203919 1.896444 -0.730105
v 2.591805 0.947117 -0.792404
v 2.431341 0.881290 -0.771673
v 2.846811 1.719046 -0.235529
v 2.759500 1.726568 -0.444824
v 2.596821 1.753450 -0.608365
v 2.425514 1.716141 -0.751185
v 2.431702 1.133032 -0.839426
v 2.283340 1.043726 -0.864334
v 2.007238 0.870474 -0.882723
v 2.121768 0.822182 -0.778869
v 3.030042 1.479420 -0.245415
v 2.940961 1.485260 -0.472921
v 2.789878 1.492826 -0.633741
v 2.650622 1.489092 -0.744942
v 2.455076 1.433325 -0.843523
v 2.223524 1.605240 -0.878466
v 2.285020 1.328110 -0.921297
v 2.086072 1.460825 -0.977453
v 3.184292 1.229963 -0.239926
v 3.091094 1.230341 -0.450298
v 2.947414 1.224405 -0.597248
v 2.790038 1.244907 -0.710848
v 2.626364 1.219023 -0.803174
v 2.862458 0.793108 -0.726212
v 2.757702 0.980398 -0.763207
v 3.363900 0.853979 -0.220885
v 3.289331 0.849205 -0.409498
v 3.197714 1.018703 -0.416012
v 3.276015 1.022940 -0.229120
v 3.167502 0.834517 -0.535491
v 3.070357 1.005579 -0.542394
v 3.025616 0.823292 -0.646797
v 2.919309 1.002970 -0.665005
v 2.158452 1.166687 -0.949674
v 1.850892 0.948383 -1.002538
v 1.981801 1.291536 -1.034585
v 1.357194 0.486277 1.475850
v 1.097580 0.529406 1.497375
v 0.846690 0.508511 1.515293
v 1.565458 0.542078 1.335598
v 1.319006 0.614605 1.395755
v 1.043634 0.667351 1.420808
v 0.751765 0.666046 1.423699
v 0.438228 0.606228 1.422330
v 0.179967 0.595518 1.382566
v 0.644907 2.285610 0.310889
v 0.529191 2.446920 0.310880
v 0.454811 2.595390 0.361945
v 0.422860 2.738745 0.416298
v 0.401038 2.871500 0.449936
v 0.393027 3.042908 0.513872
v 0.413157 3.170500 0.589156
v 0.824781 2.125204 0.343363
v 1.093887 2.007872 0.420764
v 1.442606 1.889061 0.506773
v 1.795105 1.747185 0.556350
v 2.072099 1.540577 0.604942
v 2.265096 1.327484 0.628270
v 2.442025 1.118647 0.604461
v 2.588020 0.899759 0.552247
v 2.699842 0.684435 0.519946
v 1.653694 1.189388 -1.186425
v 1.375978 1.223406 -1.319163
v 1.084171 1.214485 -1.365692
v 0.811239 1.198952 -1.329011
v 0.539687 1.184006 -1.259314
v 0.284141 1.158411 -1.196533
v 2.179414 0.929522 -0.830041
v 2.067083 1.016518 -0.929330
v 2.313257 0.777306 -0.718747
v 1.905817 1.120831 -1.046141
vn -0.9806 -0.1288 0.1480
vn -0.9707 -0.2159 0.1057
vn -0.9881 -0.1527 0.0208
vn -0.9945 -0.0716 0.0765
vn -0.9701 -0.0284 0.2410
vn -0.9874 -0.0053 0.1582
vn -0.9647 0.0656 0.2550
vn -0.9795 0.0461 0.1960
vn -0.8994 0.2421 0.3640
vn -0.9280 0.2821 0.2435
vn -0.7410 0.4892 0.4599
vn -0.7272 0.6405 0.2468
vn -0.8712 -0.2303 0.4336
vn -0.8593 -0.3632 0.3602
vn -0.9182 -0.2900 0.2698
vn -0.9492 -0.1833 0.2559
vn -0.8534 -0.1215 0.5069
vn -0.9299 -0.0750 0.3602
vn -0.8409 -0.0082 0.5411
vn -0.9185 0.0288 0.3943
vn -0.8019 0.1056 0.5881
vn -0.8611 0.1684 0.4797
vn -0.7015 0.3123 0.6406
vn -0.7268 0.3882 0.5666
vn -0.2734 -0.6283 0.7283
vn -0.3179 -0.4174 0.8513
vn -0.1873 -0.4211 0.8875
vn -0.1401 -0.6397 0.7558
vn -0.3298 -0.3454 0.8786
vn -0.1967 -0.3556 0.9137
vn -0.4721 -0.1931 0.8601
vn -0.3814 -0.2462 0.8910
vn -0.4434 -0.3206 0.8370
vn -0.5409 -0.2793 0.7933
vn -0.2422 -0.1153 0.9633
vn -0.3221 -0.2888 0.9016
vn -0.3371 -0.0955 0.9366
vn -0.2034 -0.3234 0.9241
vn -0.1348 -0.1603 0.9778
vn -0.4270 -0.0734 0.9013
vn -0.2306 0.1270 0.9647
vn -0.1159 0.1070 0.9875
vn -0.5515 -0.3842 0.7404
vn -0.6430 -0.3611 0.6754
vn -0.5767 -0.2478 0.7785
vn -0.0000 -0.1776 0.9841
vn -0.0000 -0.3297 0.9441
vn -0.4218 0.1827 0.8881
vn -0.3374 0.1615 0.9274
vn -0.6501 0.2444 0.7194
vn -0.7407 0.0587 0.6693
vn -0.7732 -0.0377 0.6331
vn -0.7806 -0.1379 0.6097
vn -0.0000 -0.4244 0.9055
vn -0.0000 -0.6442 0.7649
vn -0.9846 -0.0534 -0.1667
vn -0.9903 0.0307 -0.1354
vn -0.9563 0.2559 0.1413
vn -0.7443 0.6435 0.1787
vn -0.9938 0.0918 0.0628
vn -0.9941 0.0925 -0.0569
vn -0.9318 -0.0241 -0.3623
vn -0.9417 0.0653 -0.3300
vn -0.9354 0.3493 -0.0548
vn -0.7116 0.6861 0.1509
vn -0.9395 0.1854 -0.2880
vn -0.9616 0.1972 -0.1908
vn -0.8540 0.0077 -0.5203
vn -0.8550 0.0795 -0.5125
vn -0.8787 0.4289 -0.2097
vn -0.6622 0.7479 -0.0472
vn -0.8382 0.2504 -0.4846
vn -0.8776 0.3083 -0.3671
vn -0.7434 -0.1183 -0.6584
vn -0.6928 0.0824 -0.7164
vn -0.7597 0.5061 -0.4082
vn -0.5964 0.7640 -0.2461
vn -0.6778 0.2904 -0.6755
vn -0.6970 0.4283 -0.5751
vn -0.5736 -0.1425 -0.8067
vn -0.5510 0.0532 -0.8328
vn -0.5423 0.5581 -0.6281
vn -0.4335 0.7022 -0.5649
vn -0.5178 0.3017 -0.8005
vn -0.4984 0.4862 -0.7178
vn -0.4229 -0.1168 -0.8986
vn -0.4936 0.0248 -0.8693
vn -0.2944 0.5372 -0.7904
vn -0.2663 0.5302 -0.8049
vn -0.4357 0.2834 -0.8543
vn -0.3559 0.4754 -0.8046
vn -0.1918 -0.0885 -0.9774
vn -0.0000 -0.1015 -0.9948
vn -0.0000 0.0530 -0.9986
vn -0.1300 0.0681 -0.9892
vn -0.0573 0.4119 -0.9094
vn -0.0000 0.4102 -0.9120
vn -0.0000 0.4170 -0.9089
vn -0.0151 0.3994 -0.9167
vn -0.0000 0.2046 -0.9788
vn -0.0986 0.2275 -0.9688
vn -0.0000 0.3500 -0.9367
vn -0.0427 0.3707 -0.9278
vn -0.0000 -0.3672 0.9301
vn -0.0000 0.1037 0.9946
vn -0.4378 -0.3999 0.8053
vn -0.5064 -0.0586 0.8603
vn -0.4966 0.2020 0.8441
vn -0.4782 -0.1646 0.8627
vn -0.7057 -0.0776 0.7042
vn -0.7120 -0.1390 0.6883
vn -0.6541 -0.0115 0.7563
vn -0.5850 0.1800 0.7908
vn -0.3184 0.2418 -0.9166
vn -0.2488 0.3942 -0.8847
vn -0.3424 0.0539 -0.9380
vn -0.1402 0.4690 -0.8720
vn -0.0946 0.4386 -0.8937
vn -0.3074 -0.0801 -0.9482
vn -0.7150 -0.3211 0.6210
vn -0.7806 -0.4969 0.3792
vn -0.8288 -0.4268 0.3620
vn -0.7604 -0.2816 0.5852
vn -0.5065 -0.6001 0.6191
vn -0.6284 -0.5731 0.5260
vn -0.3896 -0.6114 0.6888
vn -0.0719 0.8458 0.5286
vn -0.2078 0.8744 0.4384
vn -0.1143 0.6967 0.7082
vn -0.0057 0.7079 0.7063
vn -0.4039 0.7737 0.4880
vn -0.2945 0.6221 0.7255
vn -0.5866 0.6173 0.5242
vn -0.4387 0.4766 0.7619
vn -0.6581 0.5030 0.5603
vn -0.5030 0.3837 0.7745
vn -0.7128 0.3534 0.6058
vn -0.5891 0.2278 0.7753
vn -0.6706 0.2801 0.6869
vn -0.6648 0.4149 0.6212
vn -0.5602 0.4030 0.7237
vn -0.5785 0.2537 0.7753
vn -0.6262 0.5515 0.5511
vn -0.4384 0.5050 0.7435
vn -0.0488 0.5416 0.8392
vn 0.0198 0.6238 0.7813
vn -0.1540 0.4643 0.8722
vn -0.3121 0.3855 0.8683
vn -0.3824 0.3043 0.8724
vn -0.4631 0.1817 0.8675
vn -0.4470 0.3235 0.8340
vn -0.5101 0.1914 0.8385
vn -0.4689 0.3979 0.7885
vn -0.0841 0.6560 0.7500
vn -0.1993 0.5680 0.7985
vn -0.2461 0.6318 0.7351
vn -0.0940 0.6813 0.7259
vn -0.2495 0.4155 0.8747
vn -0.3216 0.4075 0.8547
vn -0.3461 0.2038 0.9158
vn -0.4311 0.1649 0.8871
vn -0.3557 -0.0957 0.9297
vn -0.4943 -0.1669 0.8531
vn -0.2056 -0.3852 0.8996
vn 0.1452 -0.4323 0.8900
vn -0.0201 -0.6579 0.7529
vn -0.3940 -0.4727 0.7882
vn -0.0451 0.6544 0.7548
vn -0.0397 0.5816 0.8125
vn 0.0094 0.6091 0.7930
vn -0.0044 0.6117 0.7911
vn -0.1990 0.5491 0.8117
vn -0.0630 0.6105 0.7895
vn -0.3707 0.3635 0.8547
vn -0.4801 0.1350 0.8668
vn -0.5752 -0.1409 0.8058
vn -0.0000 0.5878 0.8090
vn -0.0000 0.5379 0.8430
vn -0.0296 0.5587 0.8288
vn 0.0068 0.6006 0.7995
vn -0.1736 0.4587 0.8715
vn -0.0497 0.5313 0.8458
vn -0.4084 0.3240 0.8534
vn -0.5766 0.1002 0.8109
vn -0.5510 -0.1326 0.8239
vn -0.2177 0.4947 0.8414
vn -0.0580 0.5284 0.8470
vn -0.4386 0.3474 0.8288
vn -0.5949 0.1519 0.7893
vn -0.6410 -0.1271 0.7569
vn -0.1850 0.4475 0.8749
vn -0.0615 0.5507 0.8324
vn -0.5596 0.4358 0.7049
vn -0.5696 0.2931 0.7679
vn -0.0000 0.5154 0.8570
vn 0.0511 0.5288 0.8472
vn 0.0571 0.4611 0.8855
vn -0.0000 0.4581 0.8889
vn -0.2541 0.5001 0.8278
vn -0.1156 0.5645 0.8173
vn -0.5405 0.5218 0.6600
vn -0.6625 0.3426 0.6661
vn 0.0772 0.3967 0.9147
vn -0.0000 0.3749 0.9271
vn -0.0000 0.5614 0.8275
vn 0.0284 0.5762 0.8168
vn -0.4094 0.4354 0.8018
vn -0.4069 0.4617 0.7882
vn -0.1589 0.9118 0.3786
vn -0.2504 0.9253 0.2849
vn -0.4712 0.8528 0.2251
vn -0.6649 0.7166 0.2104
vn -0.7585 0.6105 0.2280
vn -0.8181 0.4990 0.2856
vn -0.8240 0.4317 0.3669
vn -0.8310 0.4302 0.3527
vn -0.7965 0.5323 0.2867
vn -0.8014 0.5540 0.2254
vn -0.6576 0.6206 0.4270
vn -0.0167 0.5905 0.8068
vn 0.0079 0.4704 0.8824
vn 0.0403 0.4346 0.8997
vn -0.1460 0.6436 0.7513
vn -0.1011 0.5661 0.8181
vn -0.0219 0.5511 0.8342
vn -0.1197 0.4730 0.8729
vn -0.1096 0.6585 0.7446
vn -0.2889 0.3249 0.9005
vn -0.3604 0.3838 0.8502
vn -0.2056 0.2829 0.9369
vn -0.4290 0.4361 0.7911
vn -0.1527 0.7484 0.6454
vn -0.1257 0.6740 0.7279
vn -0.4407 0.5261 0.7274
vn -0.4782 0.5876 0.6527
vn -0.4484 0.8911 -0.0693
vn -0.3970 0.8569 -0.3288
vn -0.0694 0.4049 -0.9117
vn -0.0507 0.3850 -0.9215
vn -0.4788 0.8594 0.1795
vn -0.0000 0.3812 -0.9245
vn -0.1562 0.5229 -0.8379
vn -0.4864 0.7881 0.3771
vn -0.5207 0.6726 0.5259
vn -0.5066 0.7357 0.4495
vn -0.2697 0.6897 -0.6720
vn -0.3632 0.8530 0.3748
vn -0.4375 0.8750 0.2075
vn -0.1675 0.6492 -0.7420
vn -0.0693 0.5796 -0.8119
vn -0.2799 0.8230 0.4943
vn -0.3079 0.7638 -0.5672
vn -0.4212 0.8558 -0.3005
vn -0.4604 0.8874 -0.0230
vn 0.0036 0.4588 -0.8885
vn -0.0223 0.4011 -0.9158
vn -0.0000 0.3106 -0.9506
vn 0.0413 0.3922 -0.9189
vn -0.0000 0.3194 -0.9476
vn -0.3878 0.7836 -0.4854
vn -0.2765 0.6726 -0.6864
vn -0.1482 0.6378 -0.7558
vn -0.0181 0.6053 -0.7958
vn -0.2381 0.9447 0.2254
vn -0.3042 0.9499 0.0721
vn 0.0778 0.4670 -0.8808
vn -0.3763 0.9245 -0.0615
vn -0.4198 0.8634 -0.2797
vn -0.1471 0.6358 0.7577
vn -0.2221 0.4009 0.8888
vn -0.2729 0.4945 0.8252
vn -0.1846 0.3427 0.9211
vn -0.2999 0.5753 0.7609
vn -0.2158 0.8009 0.5585
vn -0.1147 0.2660 0.9571
vn 0.0004 0.2655 0.9641
vn -0.1158 0.3272 0.9378
vn 0.0001 0.3207 0.9472
vn -0.0966 0.4241 0.9005
vn -0.0000 0.4073 0.9133
vn -0.0484 0.5388 0.8411
vn -0.0797 0.5362 0.8403
vn -0.0717 0.5257 0.8476
vn 0.0117 0.5003 0.8658
vn 0.0936 0.3113 -0.9457
vn -0.0000 0.3010 -0.9536
vn -0.3434 0.9310 -0.1237
vn -0.3630 0.8688 -0.3368
vn 0.1699 0.3980 -0.9015
vn 0.0329 0.5824 -0.8122
vn -0.3957 0.7808 -0.4835
vn -0.3734 0.6821 -0.6288
vn -0.2850 0.5961 -0.7506
vn -0.1797 0.6209 -0.7630
vn -0.2906 0.9476 0.1327
vn -0.3911 0.5525 -0.7360
vn -0.3179 0.5099 -0.7993
vn -0.2163 0.5182 -0.8274
vn 0.0895 0.4463 -0.8904
vn -0.5001 0.8651 -0.0384
vn -0.4801 0.8308 -0.2817
vn 0.1179 0.2423 -0.9630
vn -0.0000 0.2489 -0.9685
vn -0.4205 0.7691 -0.4813
vn 0.2620 0.2914 -0.9200
vn -0.3957 0.6481 -0.6507
vn -0.3305 0.3499 -0.8765
vn -0.3273 0.3226 -0.8881
vn -0.3565 0.2499 -0.9003
vn -0.3806 0.4151 -0.8263
vn -0.3092 0.2413 -0.9199
vn -0.4173 0.1426 -0.8975
vn -0.3257 -0.0430 -0.9445
vn -0.3113 -0.1026 -0.9447
vn -0.5429 -0.2102 -0.8131
vn -0.5187 -0.1572 -0.8404
vn -0.2215 0.3080 -0.9253
vn -0.1369 0.2289 -0.9638
vn -0.0425 0.2260 -0.9732
vn 0.0007 0.0057 -1.0000
vn 0.0297 -0.0382 -0.9988
vn 0.1172 0.2083 -0.9710
vn 0.1212 0.1434 -0.9822
vn 0.1568 0.1721 -0.9725
vn 0.2015 0.0163 -0.9794
vn 0.1963 -0.0146 -0.9804
vn 0.2619 0.2098 -0.9420
vn 0.2182 0.1898 -0.9573
vn 0.2337 0.1365 -0.9627
vn 0.2399 0.0528 -0.9694
vn 0.1322 0.2186 -0.9668
vn 0.1414 0.1789 -0.9736
vn 0.1587 0.1197 -0.9800
vn -0.0000 0.2061 -0.9785
vn -0.0000 0.1597 -0.9872
vn -0.0000 0.1035 -0.9946
vn -0.0000 0.0312 -0.9995
vn -0.0000 -0.0461 -0.9989
vn 0.0890 -0.0170 -0.9959
vn 0.1372 0.0537 -0.9891
vn -0.6625 0.7438 -0.0888
vn -0.5948 0.7281 -0.3406
vn -0.4783 0.6578 -0.5818
vn -0.3843 0.5424 -0.7470
vn -0.7603 0.6376 -0.1241
vn -0.6751 0.6154 -0.4069
vn -0.5469 0.5684 -0.6147
vn -0.4013 0.4760 -0.7826
vn -0.2303 -0.1862 -0.9551
vn -0.2465 -0.3306 -0.9110
vn -0.0682 -0.3653 -0.9284
vn -0.1401 -0.1219 -0.9826
vn -0.8220 0.5600 -0.1039
vn -0.7368 0.4892 -0.4668
vn -0.6179 0.3977 -0.6783
vn -0.4895 0.3164 -0.8126
vn -0.3539 0.3453 -0.8692
vn -0.3712 0.2037 -0.9059
vn -0.3429 0.1942 -0.9191
vn -0.3468 -0.0067 -0.9379
vn -0.8809 0.4549 -0.1307
vn -0.7730 0.3479 -0.5305
vn -0.6378 0.2204 -0.7380
vn -0.5314 0.1624 -0.8314
vn -0.3700 0.0628 -0.9269
vn -0.3506 0.0305 -0.9360
vn -0.3451 0.0274 -0.9382
vn -0.2560 0.0346 -0.9661
vn -0.8678 0.4758 -0.1431
vn -0.8933 0.4245 -0.1477
vn -0.7722 0.3474 -0.5321
vn -0.7512 0.4138 -0.5142
vn -0.6378 0.2574 -0.7260
vn -0.6327 0.3302 -0.7005
vn -0.5511 0.1967 -0.8110
vn -0.5372 0.2143 -0.8157
vn -0.8595 0.4957 -0.1249
vn -0.7860 0.4890 -0.3781
vn -0.3417 -0.2391 -0.9089
vn -0.5145 -0.3701 0.7735
vn -0.3644 -0.0243 -0.9309
vn -0.2647 0.5610 0.7844
vn -0.2734 0.5786 0.7684
vn -0.3594 0.6000 0.7147
vn -0.0984 0.5153 0.8514
vn -0.0843 0.5130 0.8543
vn 0.0128 0.4968 0.8678
vn 0.0377 0.4910 0.8703
vn 0.0915 0.4200 0.9029
vn 0.1190 0.3407 0.9326
vn -0.0000 0.3707 0.9287
vn -0.4545 0.4453 0.7715
vn -0.5111 0.1835 0.8397
vn -0.5811 -0.0623 0.8115
vn -0.5700 -0.1322 0.8110
vn -0.6244 -0.1838 0.7592
vn -0.7059 -0.3382 0.6224
vn -0.7135 -0.5391 0.4475
vn -0.2293 0.6143 0.7550
vn -0.0154 0.6260 0.7797
vn -0.0489 0.5540 0.8311
vn -0.1185 0.4728 0.8732
vn -0.2383 0.3922 0.8885
vn -0.3331 0.2547 0.9078
vn -0.3529 0.0658 0.9333
vn -0.2896 -0.0681 0.9547
vn -0.0529 -0.0248 0.9983
vn -0.2936 0.0651 -0.9537
vn -0.4745 -0.0389 -0.8794
vn -0.0161 0.1256 -0.9919
vn 0.1987 0.0913 -0.9758
vn 0.2431 0.0872 -0.9661
vn 0.1710 0.0797 -0.9820
vn -0.0000 0.0868 -0.9962
vn -0.3881 -0.3745 -0.8421
vn -0.2663 -0.4704 -0.8413
vn -0.0952 -0.4691 -0.8780
vn -0.4309 -0.2201 -0.8752
vn -0.4515 -0.4179 -0.7883
vn -0.3934 -0.4911 -0.7772
vn -0.4781 -0.3176 -0.8189
vn -0.5522 -0.2897 -0.7818
vn 0.9806 -0.1288 0.1480
vn 0.9945 -0.0716 0.0765
vn 0.9881 -0.1527 0.0208
vn 0.9707 -0.2159 0.1057
vn 0.9701 -0.0284 0.2410
vn 0.9874 -0.0053 0.1582
vn 0.9647 0.0656 0.2550
vn 0.9795 0.0461 0.1960
vn 0.8994 0.2421 0.3640
vn 0.9280 0.2821 0.2435
vn 0.7410 0.4892 0.4599
vn 0.7272 0.6405 0.2468
vn 0.8712 -0.2303 0.4336
vn 0.9492 -0.1833 0.2559
vn 0.9182 -0.2900 0.2698
vn 0.8593 -0.3632 0.3602
vn 0.8534 -0.1215 0.5069
vn 0.9299 -0.0750 0.3602
vn 0.8409 -0.0082 0.5411
vn 0.9185 0.0288 0.3943
vn 0.8019 0.1056 0.5881
vn 0.8611 0.1684 0.4797
vn 0.7015 0.3123 0.6406
vn 0.7268 0.3882 0.5666
vn 0.2734 -0.6284 0.7283
vn 0.1401 -0.6397 0.7558
vn 0.1873 -0.4211 0.8875
vn 0.3179 -0.4174 0.8513
vn 0.1967 -0.3556 0.9137
vn 0.3298 -0.3454 0.8786
vn 0.4721 -0.1931 0.8601
vn 0.5409 -0.2793 0.7933
vn 0.4434 -0.3206 0.8370
vn 0.3814 -0.2462 0.8910
vn 0.2422 -0.1153 0.9633
vn 0.3371 -0.0955 0.9366
vn 0.3221 -0.2888 0.9016
vn 0.2034 -0.3234 0.9241
vn 0.1348 -0.1603 0.9778
vn 0.4270 -0.0734 0.9013
vn 0.1159 0.1069 0.9875
vn 0.2306 0.1270 0.9647
vn 0.5767 -0.2478 0.7785
vn 0.6430 -0.3611 0.6754
vn 0.5515 -0.3842 0.7404
vn 0.4218 0.1827 0.8881
vn 0.3374 0.1615 0.9274
vn 0.7407 0.0587 0.6693
vn 0.6501 0.2444 0.7194
vn 0.7732 -0.0377 0.6331
vn 0.7806 -0.1379 0.6097
vn 0.9903 0.0307 -0.1354
vn 0.9846 -0.0534 -0.1667
vn 0.7443 0.6435 0.1787
vn 0.9563 0.2559 0.1413
vn 0.9938 0.0918 0.0628
vn 0.9941 0.0925 -0.0569
vn 0.9417 0.0653 -0.3300
vn 0.9318 -0.0241 -0.3623
vn 0.7116 0.6861 0.1509
vn 0.9354 0.3493 -0.0548
vn 0.9395 0.1854 -0.2880
vn 0.9616 0.1972 -0.1908
vn 0.8550 0.0795 -0.5125
vn 0.8540 0.0077 -0.5203
vn 0.6622 0.7479 -0.0472
vn 0.8787 0.4289 -0.2097
vn 0.8382 0.2504 -0.4846
vn 0.8776 0.3083 -0.3671
vn 0.6928 0.0824 -0.7164
vn 0.7434 -0.1183 -0.6584
vn 0.5964 0.7640 -0.2461
vn 0.7597 0.5061 -0.4082
vn 0.6778 0.2904 -0.6755
vn 0.6970 0.4283 -0.5751
vn 0.5510 0.0532 -0.8328
vn 0.5736 -0.1425 -0.8067
vn 0.4335 0.7022 -0.5649
vn 0.5423 0.5581 -0.6281
vn 0.5178 0.3017 -0.8005
vn 0.4984 0.4862 -0.7178
vn 0.4936 0.0248 -0.8693
vn 0.4229 -0.1168 -0.8986
vn 0.2663 0.5302 -0.8049
vn 0.2944 0.5372 -0.7904
vn 0.4357 0.2834 -0.8543
vn 0.3559 0.4754 -0.8046
vn 0.1918 -0.0885 -0.9774
vn 0.1300 0.0681 -0.9892
vn 0.0573 0.4119 -0.9094
vn 0.0151 0.3994 -0.9167
vn 0.0986 0.2275 -0.9688
vn 0.0427 0.3707 -0.9278
vn 0.4378 -0.3999 0.8053
vn 0.5064 -0.0586 0.8603
vn 0.4966 0.2020 0.8441
vn 0.4782 -0.1646 0.8627
vn 0.7120 -0.1390 0.6883
vn 0.7057 -0.0776 0.7042
vn 0.6541 -0.0115 0.7563
vn 0.5850 0.1800 0.7908
vn 0.3184 0.2418 -0.9166
vn 0.2488 0.3942 -0.8847
vn 0.3424 0.0539 -0.9380
vn 0.1402 0.4690 -0.8720
vn 0.0946 0.4386 -0.8937
vn 0.3074 -0.0802 -0.9482
vn 0.7150 -0.3211 0.6210
vn 0.7604 -0.2816 0.5852
vn 0.8288 -0.4268 0.3620
vn 0.7806 -0.4969 0.3792
vn 0.5065 -0.6001 0.6191
vn 0.6284 -0.5731 0.5260
vn 0.3896 -0.6114 0.6888
vn 0.0719 0.8458 0.5286
vn 0.0057 0.7079 0.7063
vn 0.1143 0.6967 0.7082
vn 0.2078 0.8744 0.4384
vn 0.2945 0.6221 0.7255
vn 0.4039 0.7737 0.4880
vn 0.4387 0.4766 0.7619
vn 0.5866 0.6173 0.5242
vn 0.5030 0.3837 0.7745
vn 0.6581 0.5030 0.5603
vn 0.5891 0.2278 0.7753
vn 0.7128 0.3534 0.6058
vn 0.6706 0.2801 0.6869
vn 0.5785 0.2537 0.7753
vn 0.5907 0.4012 0.7001
vn 0.6648 0.4149 0.6212
vn 0.5881 0.5577 0.5858
vn 0.6454 0.4997 0.5777
vn -0.0198 0.6238 0.7813
vn 0.0488 0.5416 0.8392
vn 0.1540 0.4643 0.8722
vn 0.3121 0.3855 0.8683
vn 0.3824 0.3043 0.8724
vn 0.4631 0.1817 0.8675
vn 0.5101 0.1914 0.8385
vn 0.3415 0.3050 0.8891
vn 0.0841 0.6560 0.7500
vn 0.0940 0.6813 0.7259
vn 0.2461 0.6318 0.7351
vn 0.1993 0.5680 0.7985
vn 0.3216 0.4075 0.8547
vn 0.2495 0.4155 0.8747
vn 0.4311 0.1649 0.8871
vn 0.3461 0.2038 0.9158
vn 0.4943 -0.1669 0.8531
vn 0.3557 -0.0957 0.9297
vn 0.0451 0.6544 0.7548
vn 0.0044 0.6117 0.7911
vn -0.0094 0.6091 0.7930
vn 0.0397 0.5816 0.8125
vn 0.0630 0.6105 0.7895
vn 0.1990 0.5491 0.8117
vn 0.3707 0.3635 0.8547
vn 0.4801 0.1350 0.8668
vn 0.5752 -0.1409 0.8058
vn -0.0068 0.6006 0.7995
vn 0.0296 0.5587 0.8288
vn 0.0497 0.5313 0.8458
vn 0.1736 0.4587 0.8715
vn 0.4084 0.3240 0.8534
vn 0.5249 0.1502 0.8378
vn 0.5335 -0.0893 0.8411
vn 0.0580 0.5284 0.8470
vn 0.2177 0.4947 0.8414
vn 0.4386 0.3474 0.8288
vn 0.4706 0.2493 0.8464
vn 0.0615 0.5507 0.8324
vn 0.1850 0.4475 0.8749
vn 0.5187 0.4475 0.7285
vn 0.5290 0.2850 0.7993
vn -0.0571 0.4611 0.8855
vn -0.0511 0.5288 0.8472
vn 0.1156 0.5645 0.8173
vn 0.2541 0.5001 0.8278
vn 0.3986 0.5634 0.7237
vn -0.0772 0.3967 0.9147
vn -0.0284 0.5762 0.8168
vn 0.4094 0.4354 0.8018
vn 0.4069 0.4617 0.7882
vn 0.1589 0.9118 0.3786
vn 0.2504 0.9253 0.2849
vn 0.4712 0.8528 0.2251
vn 0.6649 0.7166 0.2104
vn 0.7585 0.6105 0.2280
vn 0.8181 0.4990 0.2856
vn 0.8240 0.4317 0.3669
vn 0.8310 0.4302 0.3527
vn 0.8345 0.4468 0.3224
vn 0.0167 0.5905 0.8068
vn -0.0403 0.4346 0.8997
vn -0.0079 0.4704 0.8824
vn 0.1460 0.6436 0.7513
vn 0.1011 0.5661 0.8181
vn 0.0219 0.5511 0.8342
vn 0.1197 0.4730 0.8729
vn 0.1096 0.6585 0.7446
vn 0.2889 0.3249 0.9005
vn 0.3604 0.3838 0.8502
vn 0.2053 0.2828 0.9369
vn 0.4290 0.4361 0.7911
vn 0.1527 0.7484 0.6454
vn 0.1257 0.6740 0.7279
vn 0.4407 0.5261 0.7274
vn 0.4782 0.5876 0.6527
vn 0.4484 0.8911 -0.0693
vn 0.3970 0.8569 -0.3288
vn 0.0694 0.4049 -0.9117
vn 0.0507 0.3850 -0.9215
vn 0.4788 0.8594 0.1795
vn 0.1562 0.5229 -0.8379
vn 0.4864 0.7881 0.3771
vn 0.5207 0.6726 0.5259
vn 0.5066 0.7357 0.4495
vn 0.2697 0.6897 -0.6720
vn 0.3632 0.8530 0.3748
vn 0.4375 0.8750 0.2075
vn 0.1675 0.6492 -0.7420
vn 0.0693 0.5796 -0.8119
vn 0.2799 0.8230 0.4943
vn 0.3079 0.7638 -0.5672
vn 0.4212 0.8558 -0.3005
vn 0.4604 0.8874 -0.0230
vn -0.0036 0.4588 -0.8885
vn 0.0223 0.4011 -0.9158
vn 0.3878 0.7836 -0.4854
vn 0.2765 0.6726 -0.6864
vn 0.1482 0.6378 -0.7558
vn 0.0181 0.6053 -0.7958
vn 0.2381 0.9447 0.2254
vn 0.3042 0.9499 0.0721
vn -0.0778 0.4670 -0.8808
vn 0.3763 0.9245 -0.0615
vn -0.0413 0.3922 -0.9189
vn 0.4198 0.8634 -0.2797
vn 0.1471 0.6358 0.7577
vn 0.2221 0.4009 0.8888
vn 0.2729 0.4945 0.8252
vn 0.1846 0.3427 0.9211
vn 0.2999 0.5753 0.7609
vn 0.2158 0.8009 0.5585
vn 0.1146 0.2658 0.9572
vn 0.1157 0.3274 0.9378
vn 0.0966 0.4241 0.9005
vn 0.0797 0.5362 0.8403
vn 0.0484 0.5388 0.8411
vn 0.0717 0.5257 0.8476
vn -0.0117 0.5003 0.8658
vn -0.0936 0.3113 -0.9457
vn 0.3434 0.9310 -0.1237
vn 0.3630 0.8688 -0.3368
vn -0.0329 0.5824 -0.8122
vn -0.1699 0.3980 -0.9015
vn 0.3957 0.7808 -0.4835
vn 0.3734 0.6821 -0.6288
vn 0.2850 0.5961 -0.7506
vn 0.1797 0.6209 -0.7630
vn 0.2906 0.9476 0.1327
vn 0.3911 0.5525 -0.7360
vn 0.3179 0.5099 -0.7993
vn 0.2163 0.5182 -0.8274
vn -0.0895 0.4463 -0.8904
vn 0.5001 0.8651 -0.0384
vn 0.4801 0.8308 -0.2817
vn -0.1179 0.2423 -0.9630
vn 0.4205 0.7691 -0.4813
vn -0.2620 0.2914 -0.9200
vn 0.3957 0.6481 -0.6507
vn 0.3305 0.3499 -0.8765
vn 0.3806 0.4151 -0.8263
vn 0.3565 0.2499 -0.9003
vn 0.3273 0.3226 -0.8881
vn 0.4173 0.1426 -0.8975
vn 0.3092 0.2413 -0.9199
vn 0.3257 -0.0430 -0.9445
vn 0.4991 -0.1240 -0.8576
vn 0.4722 -0.1838 -0.8621
vn 0.3113 -0.1026 -0.9447
vn 0.2215 0.3080 -0.9253
vn 0.1369 0.2289 -0.9638
vn 0.0425 0.2260 -0.9732
vn -0.0007 0.0057 -1.0000
vn -0.0297 -0.0382 -0.9988
vn -0.1172 0.2083 -0.9710
vn -0.1212 0.1434 -0.9822
vn -0.1568 0.1721 -0.9725
vn -0.2015 0.0163 -0.9794
vn -0.1963 -0.0146 -0.9804
vn -0.2619 0.2098 -0.9420
vn -0.2182 0.1898 -0.9573
vn -0.2337 0.1365 -0.9627
vn -0.2399 0.0528 -0.9694
vn -0.1322 0.2186 -0.9668
vn -0.1414 0.1789 -0.9736
vn -0.1587 0.1197 -0.9800
vn -0.1372 0.0537 -0.9891
vn -0.0890 -0.0170 -0.9959
vn 0.6625 0.7438 -0.0888
vn 0.5948 0.7281 -0.3406
vn 0.4783 0.6578 -0.5818
vn 0.3843 0.5424 -0.7470
vn 0.7603 0.6376 -0.1241
vn 0.6751 0.6154 -0.4069
vn 0.5469 0.5684 -0.6147
vn 0.4013 0.4760 -0.7826
vn 0.2303 -0.1862 -0.9551
vn 0.1252 -0.1411 -0.9820
vn 0.0682 -0.3653 -0.9284
vn 0.2465 -0.3306 -0.9110
vn 0.8220 0.5600 -0.1039
vn 0.7368 0.4892 -0.4668
vn 0.6179 0.3977 -0.6783
vn 0.4895 0.3164 -0.8126
vn 0.3712 0.2037 -0.9059
vn 0.3539 0.3453 -0.8692
vn 0.3468 -0.0067 -0.9379
vn 0.3429 0.1942 -0.9191
vn 0.8809 0.4549 -0.1307
vn 0.7730 0.3479 -0.5305
vn 0.6378 0.2204 -0.7380
vn 0.5314 0.1624 -0.8314
vn 0.3700 0.0628 -0.9269
vn 0.3789 0.0292 -0.9250
vn 0.3451 0.0274 -0.9382
vn 0.8818 0.4576 -0.1140
vn 0.7714 0.4017 -0.4936
vn 0.7722 0.3474 -0.5321
vn 0.8933 0.4245 -0.1477
vn 0.6298 0.3224 -0.7066
vn 0.6378 0.2574 -0.7260
vn 0.5372 0.2143 -0.8157
vn 0.5511 0.1967 -0.8110
vn 0.3417 -0.2391 -0.9089
vn 0.5145 -0.3701 0.7735
vn 0.3516 -0.3582 0.8649
vn 0.2280 -0.2745 0.9342
vn 0.3644 -0.0243 -0.9309
vn 0.2647 0.5610 0.7844
vn 0.3594 0.6000 0.7147
vn 0.2734 0.5786 0.7684
vn 0.0843 0.5130 0.8543
vn 0.0984 0.5153 0.8514
vn -0.0377 0.4910 0.8703
vn -0.0128 0.4968 0.8678
vn -0.0915 0.4200 0.9029
vn -0.1190 0.3407 0.9326
vn 0.4545 0.4453 0.7715
vn 0.5111 0.1835 0.8397
vn 0.5811 -0.0623 0.8115
vn 0.5700 -0.1322 0.8110
vn 0.6244 -0.1838 0.7592
vn 0.7059 -0.3382 0.6224
vn 0.7135 -0.5391 0.4475
vn 0.2293 0.6143 0.7550
vn 0.0154 0.6260 0.7797
vn 0.0489 0.5540 0.8311
vn 0.1185 0.4728 0.8732
vn 0.2383 0.3922 0.8885
vn 0.3331 0.2547 0.9078
vn 0.3529 0.0658 0.9333
vn 0.2896 -0.0681 0.9547
vn -0.0394 -0.3051 0.9515
vn 0.0529 -0.0248 0.9983
vn 0.4745 -0.0389 -0.8794
vn 0.2936 0.0651 -0.9537
vn 0.0161 0.1256 -0.9919
vn -0.1987 0.0913 -0.9758
vn -0.2431 0.0872 -0.9661
vn -0.1710 0.0797 -0.9820
vn 0.2663 -0.4704 -0.8413
vn 0.3881 -0.3745 -0.8421
vn 0.0952 -0.4691 -0.8780
vn 0.4309 -0.2201 -0.8752
vn 0.3934 -0.4911 -0.7772
vn 0.4515 -0.4179 -0.7883
vn 0.4555 -0.3167 -0.8320
vt 0.340656 0.942293
vt 0.342486 0.949612
vt 0.337824 0.951413
vt 0.335583 0.945351
vt 0.336470 0.932713
vt 0.331554 0.936982
vt 0.329082 0.921085
vt 0.323280 0.924429
vt 0.318057 0.908327
vt 0.312099 0.913339
vt 0.306095 0.898100
vt 0.300372 0.901974
vt 0.348587 0.937914
vt 0.350759 0.945096
vt 0.346811 0.946906
vt 0.344125 0.940442
vt 0.345625 0.926882
vt 0.341333 0.929707
vt 0.340217 0.914559
vt 0.334887 0.917636
vt 0.330632 0.901790
vt 0.324229 0.904845
vt 0.317916 0.891229
vt 0.312654 0.894127
vt 0.376188 0.944152
vt 0.375706 0.932303
vt 0.378175 0.932480
vt 0.378366 0.945153
vt 0.375581 0.918694
vt 0.377713 0.918562
vt 0.364423 0.905456
vt 0.370072 0.903992
vt 0.371667 0.918952
vt 0.366831 0.919450
vt 0.372322 0.886407
vt 0.374340 0.903036
vt 0.367060 0.888334
vt 0.376944 0.902813
vt 0.376486 0.885820
vt 0.360924 0.889168
vt 0.369842 0.870442
vt 0.375290 0.868808
vt 0.367343 0.931919
vt 0.363307 0.932426
vt 0.361837 0.920338
vt 0.380530 0.885508
vt 0.380530 0.902464
vt 0.354803 0.872849
vt 0.362489 0.870439
vt 0.324676 0.886586
vt 0.336873 0.898337
vt 0.345149 0.911745
vt 0.349795 0.924436
vt 0.380530 0.932436
vt 0.380530 0.945988
vt 0.331883 0.954541
vt 0.329375 0.949293
vt 0.306362 0.918324
vt 0.293852 0.906368
vt 0.317191 0.929322
vt 0.325669 0.941736
vt 0.927132 0.301515
vt 0.917496 0.279389
vt 0.933628 0.272221
vt 0.942956 0.293106
vt 0.300569 0.923794
vt 0.287839 0.912998
vt 0.954236 0.264676
vt 0.963771 0.282878
vt 0.319061 0.945938
vt 0.310978 0.935257
vt 0.910785 0.255341
vt 0.926169 0.249820
vt 0.294895 0.930336
vt 0.283165 0.919662
vt 0.945750 0.243287
vt 0.311902 0.950454
vt 0.304889 0.941105
vt 0.905451 0.233210
vt 0.919666 0.229507
vt 0.290065 0.936819
vt 0.278581 0.927135
vt 0.939038 0.224217
vt 0.306161 0.954986
vt 0.299731 0.946952
vt 0.900192 0.215427
vt 0.914073 0.211917
vt 0.284619 0.943811
vt 0.275065 0.935450
vt 0.933672 0.207803
vt 0.301764 0.959214
vt 0.294977 0.951824
vt 0.894077 0.196215
vt 0.908155 0.192759
vt 0.281031 0.949383
vt 0.272354 0.942437
vt 0.926956 0.189146
vt 0.297619 0.964413
vt 0.290906 0.957600
vt 0.884936 0.162965
vt 0.882943 0.153731
vt 0.898472 0.151554
vt 0.899801 0.160093
vt 0.276069 0.958974
vt 0.274316 0.962204
vt 0.266499 0.957822
vt 0.268449 0.953924
vt 0.918968 0.148696
vt 0.919796 0.156800
vt 0.290990 0.972190
vt 0.289345 0.973856
vt 0.283213 0.968308
vt 0.284920 0.966516
vt 0.380530 0.918514
vt 0.380530 0.869364
vt 0.371789 0.932218
vt 0.354471 0.890891
vt 0.346985 0.874491
vt 0.359246 0.906483
vt 0.349336 0.909462
vt 0.353075 0.923064
vt 0.342879 0.894985
vt 0.331657 0.882802
vt 0.294042 0.968422
vt 0.287463 0.962192
vt 0.903154 0.175904
vt 0.923325 0.172603
vt 0.278364 0.954370
vt 0.270377 0.948845
vt 0.888701 0.179003
vt 0.355837 0.933852
vt 0.357740 0.943591
vt 0.354480 0.943886
vt 0.352030 0.935051
vt 0.368249 0.943499
vt 0.364507 0.943506
vt 0.372449 0.943634
vt 0.269293 0.858633
vt 0.250662 0.848891
vt 0.257625 0.840623
vt 0.275868 0.850176
vt 0.235094 0.841650
vt 0.241048 0.834484
vt 0.222443 0.835771
vt 0.229287 0.828387
vt 0.212710 0.832788
vt 0.218196 0.825026
vt 0.205374 0.831297
vt 0.209718 0.823323
vt 0.199403 0.829973
vt 0.194062 0.829214
vt 0.197934 0.820587
vt 0.203403 0.821619
vt 0.188239 0.828307
vt 0.192198 0.819224
vt 0.265689 0.833251
vt 0.283617 0.842310
vt 0.250181 0.827996
vt 0.238179 0.821965
vt 0.226783 0.816826
vt 0.217321 0.814007
vt 0.203680 0.810138
vt 0.209980 0.811847
vt 0.197544 0.808793
vt 0.291691 0.820570
vt 0.273261 0.814528
vt 0.286750 0.807020
vt 0.312087 0.813543
vt 0.258693 0.809061
vt 0.268553 0.801274
vt 0.246538 0.802595
vt 0.254966 0.794025
vt 0.235512 0.796789
vt 0.242288 0.787688
vt 0.226204 0.791419
vt 0.218086 0.787721
vt 0.221679 0.775454
vt 0.231871 0.781576
vt 0.338182 0.812879
vt 0.339132 0.801090
vt 0.359055 0.801690
vt 0.358930 0.811900
vt 0.296851 0.798129
vt 0.318915 0.801399
vt 0.277207 0.792261
vt 0.261553 0.784420
vt 0.247833 0.777824
vt 0.380530 0.800363
vt 0.380530 0.810403
vt 0.371218 0.811051
vt 0.371397 0.800979
vt 0.304758 0.789362
vt 0.324629 0.791511
vt 0.284503 0.783581
vt 0.267461 0.775892
vt 0.253687 0.769215
vt 0.311490 0.779949
vt 0.329918 0.781530
vt 0.290721 0.774102
vt 0.273547 0.766452
vt 0.260288 0.760089
vt 0.316075 0.769955
vt 0.333298 0.772737
vt 0.295838 0.763512
vt 0.279859 0.755606
vt 0.380530 0.773064
vt 0.371258 0.776475
vt 0.371621 0.765129
vt 0.380530 0.760407
vt 0.320649 0.758363
vt 0.336921 0.760037
vt 0.300974 0.752407
vt 0.287205 0.744378
vt 0.374353 0.745493
vt 0.380530 0.743162
vt 0.380530 0.791168
vt 0.371324 0.791304
vt 0.317956 0.870535
vt 0.309444 0.875106
vt 0.263631 0.865612
vt 0.245860 0.856433
vt 0.230868 0.849030
vt 0.217949 0.843636
vt 0.209124 0.840790
vt 0.202662 0.839153
vt 0.197050 0.837859
vt 0.191701 0.836907
vt 0.185685 0.835759
vt 0.179086 0.834892
vt 0.181317 0.827495
vt 0.360050 0.791926
vt 0.363859 0.768079
vt 0.366368 0.750475
vt 0.324051 0.826969
vt 0.342480 0.824726
vt 0.361696 0.779261
vt 0.358276 0.823324
vt 0.307991 0.831184
vt 0.355998 0.852895
vt 0.346304 0.856262
vt 0.365083 0.851835
vt 0.336444 0.860941
vt 0.286102 0.868548
vt 0.294459 0.862102
vt 0.301842 0.879958
vt 0.295751 0.883480
vt 0.270345 0.910563
vt 0.268054 0.918966
vt 0.263571 0.944530
vt 0.262385 0.950945
vt 0.273177 0.903630
vt 0.261378 0.956178
vt 0.264291 0.937236
vt 0.277115 0.897718
vt 0.288530 0.887771
vt 0.282163 0.892732
vt 0.265370 0.929347
vt 0.266288 0.884166
vt 0.262174 0.889523
vt 0.256689 0.924107
vt 0.256659 0.933204
vt 0.272079 0.879130
vt 0.257976 0.912699
vt 0.258287 0.903252
vt 0.259800 0.896055
vt 0.256506 0.941205
vt 0.256058 0.948783
vt 0.255158 0.954843
vt 0.249585 0.947285
vt 0.249210 0.954370
vt 0.248307 0.899039
vt 0.248859 0.907926
vt 0.248856 0.919288
vt 0.249329 0.929450
vt 0.256962 0.871015
vt 0.252564 0.876945
vt 0.249454 0.938536
vt 0.249399 0.883237
vt 0.248269 0.890750
vt 0.302702 0.857885
vt 0.348339 0.837644
vt 0.336393 0.841004
vt 0.360042 0.836272
vt 0.324827 0.847386
vt 0.278581 0.874128
vt 0.375530 0.850719
vt 0.380530 0.851790
vt 0.371533 0.835724
vt 0.380530 0.838656
vt 0.370471 0.822631
vt 0.380530 0.822414
vt 0.341991 0.791681
vt 0.344767 0.781917
vt 0.348167 0.771751
vt 0.351834 0.758673
vt 0.243178 0.946783
vt 0.243165 0.954552
vt 0.238605 0.869624
vt 0.237369 0.877606
vt 0.242886 0.937001
vt 0.242373 0.926688
vt 0.237846 0.886514
vt 0.239178 0.896045
vt 0.240733 0.906235
vt 0.241596 0.916621
vt 0.241224 0.862617
vt 0.230623 0.893834
vt 0.233057 0.905627
vt 0.234531 0.916394
vt 0.235734 0.925995
vt 0.226712 0.855873
vt 0.224944 0.863414
vt 0.237252 0.947680
vt 0.237613 0.955185
vt 0.225952 0.872772
vt 0.236574 0.937415
vt 0.228094 0.882642
vt 0.225739 0.906539
vt 0.219250 0.910581
vt 0.216083 0.900041
vt 0.221393 0.892190
vt 0.213213 0.914650
vt 0.210729 0.905797
vt 0.147746 0.702481
vt 0.151589 0.697208
vt 0.157557 0.704464
vt 0.152965 0.709724
vt 0.227694 0.918172
vt 0.221200 0.920865
vt 0.214939 0.923380
vt 0.142109 0.695962
vt 0.145689 0.690506
vt 0.228942 0.928981
vt 0.222885 0.931768
vt 0.217099 0.933922
vt 0.137133 0.689793
vt 0.140576 0.685571
vt 0.230350 0.938797
vt 0.223908 0.940438
vt 0.218069 0.942097
vt 0.132074 0.684607
vt 0.231124 0.947867
vt 0.224881 0.948791
vt 0.218816 0.950080
vt 0.231907 0.956092
vt 0.225940 0.957217
vt 0.220770 0.958300
vt 0.120482 0.674153
vt 0.123704 0.670501
vt 0.130058 0.675935
vt 0.126751 0.679482
vt 0.214819 0.851677
vt 0.215132 0.860479
vt 0.216349 0.869244
vt 0.219095 0.879025
vt 0.206655 0.849193
vt 0.207106 0.858011
vt 0.208689 0.866323
vt 0.211302 0.874785
vt 0.199870 0.884493
vt 0.198478 0.890226
vt 0.192221 0.888133
vt 0.193580 0.882926
vt 0.200883 0.847464
vt 0.200766 0.856134
vt 0.202713 0.864312
vt 0.204888 0.872120
vt 0.212937 0.884074
vt 0.206320 0.879925
vt 0.211160 0.892042
vt 0.205696 0.887193
vt 0.195728 0.846097
vt 0.196011 0.854732
vt 0.197587 0.863008
vt 0.199209 0.870608
vt 0.200234 0.877823
vt 0.188795 0.875913
vt 0.194160 0.876610
vt 0.188917 0.881600
vt 0.184760 0.844306
vt 0.190548 0.845082
vt 0.191026 0.853698
vt 0.185338 0.853052
vt 0.192439 0.862058
vt 0.186503 0.861308
vt 0.193543 0.869639
vt 0.187882 0.869023
vt 0.178294 0.843784
vt 0.178830 0.852755
vt 0.202979 0.893374
vt 0.236730 0.771641
vt 0.207243 0.898439
vt 0.323890 0.738944
vt 0.323490 0.750222
vt 0.305619 0.742885
vt 0.336630 0.738833
vt 0.337184 0.750077
vt 0.348518 0.734452
vt 0.351153 0.744644
vt 0.367562 0.731323
vt 0.374496 0.730693
vt 0.380530 0.730552
vt 0.326925 0.865893
vt 0.339260 0.878609
vt 0.348348 0.892311
vt 0.354063 0.908052
vt 0.357063 0.921468
vt 0.359049 0.932893
vt 0.361025 0.943405
vt 0.313478 0.853072
vt 0.293954 0.836730
vt 0.276491 0.827240
vt 0.261197 0.821632
vt 0.248598 0.815782
vt 0.236716 0.809912
vt 0.226890 0.805250
vt 0.218747 0.801093
vt 0.211762 0.798539
vt 0.207350 0.918490
vt 0.205245 0.910212
vt 0.209844 0.926322
vt 0.211652 0.935905
vt 0.212975 0.943576
vt 0.214111 0.951460
vt 0.216070 0.959342
vt 0.198659 0.898193
vt 0.194694 0.894717
vt 0.190194 0.892176
vt 0.202093 0.903326
vt 0.201802 0.922349
vt 0.199056 0.914014
vt 0.204650 0.930304
vt 0.206619 0.937923
vt 0.208068 0.945038
vt 0.209529 0.952303
vt 0.211492 0.960317
vt 0.192779 0.901756
vt 0.190126 0.898018
vt 0.196024 0.907169
vt 0.163651 0.711209
vt 0.157432 0.715855
vt 0.420404 0.942293
vt 0.425478 0.945351
vt 0.423237 0.951413
vt 0.418574 0.949612
vt 0.424591 0.932713
vt 0.429507 0.936982
vt 0.431979 0.921085
vt 0.437781 0.924429
vt 0.443004 0.908327
vt 0.448961 0.913339
vt 0.454966 0.898100
vt 0.460689 0.901974
vt 0.412474 0.937914
vt 0.416935 0.940442
vt 0.414249 0.946906
vt 0.410301 0.945096
vt 0.415436 0.926882
vt 0.419727 0.929707
vt 0.420844 0.914559
vt 0.426174 0.917636
vt 0.430429 0.901790
vt 0.436832 0.904845
vt 0.443145 0.891229
vt 0.448406 0.894127
vt 0.384872 0.944152
vt 0.382695 0.945153
vt 0.382886 0.932480
vt 0.385354 0.932303
vt 0.383348 0.918562
vt 0.385479 0.918694
vt 0.396638 0.905456
vt 0.394230 0.919450
vt 0.389394 0.918952
vt 0.390989 0.903992
vt 0.388738 0.886407
vt 0.394001 0.888334
vt 0.386720 0.903036
vt 0.384116 0.902813
vt 0.384575 0.885820
vt 0.400137 0.889168
vt 0.385771 0.868808
vt 0.391219 0.870442
vt 0.399224 0.920338
vt 0.397754 0.932426
vt 0.393717 0.931919
vt 0.406258 0.872849
vt 0.398571 0.870439
vt 0.424187 0.898337
vt 0.436385 0.886586
vt 0.415912 0.911745
vt 0.411266 0.924436
vt 0.431686 0.949293
vt 0.429177 0.954541
vt 0.467208 0.906368
vt 0.454699 0.918324
vt 0.443869 0.929322
vt 0.435392 0.941736
vt 0.927130 0.664811
vt 0.942957 0.673213
vt 0.933638 0.694102
vt 0.917502 0.686941
vt 0.473222 0.912998
vt 0.460491 0.923794
vt 0.963777 0.683433
vt 0.954248 0.701639
vt 0.450083 0.935257
vt 0.442000 0.945938
vt 0.926188 0.716506
vt 0.910801 0.710992
vt 0.477896 0.919662
vt 0.466166 0.930336
vt 0.945772 0.723031
vt 0.456172 0.941105
vt 0.449159 0.950454
vt 0.919693 0.736822
vt 0.905476 0.733125
vt 0.482480 0.927135
vt 0.470995 0.936819
vt 0.939067 0.742104
vt 0.461329 0.946952
vt 0.454899 0.954986
vt 0.914107 0.754414
vt 0.900224 0.750909
vt 0.485995 0.935450
vt 0.476441 0.943811
vt 0.933708 0.758520
vt 0.466083 0.951824
vt 0.459297 0.959214
vt 0.908196 0.773574
vt 0.894116 0.770124
vt 0.488707 0.942437
vt 0.480029 0.949383
vt 0.926999 0.777180
vt 0.470155 0.957600
vt 0.463441 0.964413
vt 0.884989 0.803378
vt 0.899856 0.806244
vt 0.898530 0.814783
vt 0.883000 0.812613
vt 0.484991 0.958974
vt 0.492611 0.953924
vt 0.494562 0.957822
vt 0.486744 0.962204
vt 0.919852 0.809529
vt 0.919027 0.817634
vt 0.470070 0.972190
vt 0.476141 0.966516
vt 0.477847 0.968308
vt 0.471715 0.973856
vt 0.389272 0.932218
vt 0.406590 0.890891
vt 0.414076 0.874491
vt 0.401815 0.906483
vt 0.407985 0.923064
vt 0.411724 0.909462
vt 0.418181 0.894985
vt 0.429404 0.882802
vt 0.467018 0.968422
vt 0.473598 0.962192
vt 0.903202 0.790432
vt 0.923375 0.793725
vt 0.482697 0.954370
vt 0.490684 0.948845
vt 0.888748 0.787338
vt 0.405223 0.933852
vt 0.409030 0.935051
vt 0.406581 0.943886
vt 0.403320 0.943591
vt 0.392812 0.943499
vt 0.396554 0.943506
vt 0.388612 0.943634
vt 0.491767 0.858633
vt 0.485193 0.850176
vt 0.503435 0.840623
vt 0.510398 0.848891
vt 0.520013 0.834484
vt 0.525967 0.841650
vt 0.531774 0.828387
vt 0.538617 0.835771
vt 0.542864 0.825026
vt 0.548350 0.832788
vt 0.551343 0.823323
vt 0.555687 0.831297
vt 0.561657 0.829973
vt 0.557657 0.821619
vt 0.563127 0.820587
vt 0.566999 0.829214
vt 0.568863 0.819224
vt 0.572822 0.828307
vt 0.477443 0.842310
vt 0.495372 0.833251
vt 0.510880 0.827996
vt 0.522881 0.821965
vt 0.534277 0.816826
vt 0.543739 0.814007
vt 0.551081 0.811847
vt 0.557380 0.810138
vt 0.469369 0.820570
vt 0.448973 0.813543
vt 0.474310 0.807020
vt 0.487799 0.814528
vt 0.492507 0.801274
vt 0.502368 0.809061
vt 0.506095 0.794025
vt 0.514522 0.802595
vt 0.518772 0.787688
vt 0.525549 0.796789
vt 0.422879 0.812879
vt 0.402130 0.811900
vt 0.402005 0.801690
vt 0.421928 0.801090
vt 0.442145 0.801399
vt 0.464209 0.798129
vt 0.483854 0.792261
vt 0.499508 0.784420
vt 0.513228 0.777824
vt 0.389663 0.800979
vt 0.389843 0.811051
vt 0.436431 0.791511
vt 0.456302 0.789362
vt 0.476558 0.783581
vt 0.493600 0.775892
vt 0.507373 0.769215
vt 0.431143 0.781530
vt 0.449571 0.779949
vt 0.470340 0.774102
vt 0.487513 0.766452
vt 0.427763 0.772737
vt 0.444986 0.769955
vt 0.465223 0.763512
vt 0.481202 0.755606
vt 0.389440 0.765129
vt 0.389802 0.776475
vt 0.424140 0.760037
vt 0.440412 0.758363
vt 0.460087 0.752407
vt 0.386707 0.745493
vt 0.389737 0.791304
vt 0.443104 0.870535
vt 0.451616 0.875106
vt 0.497430 0.865612
vt 0.515200 0.856433
vt 0.530193 0.849030
vt 0.543111 0.843636
vt 0.551937 0.840790
vt 0.558398 0.839153
vt 0.564010 0.837859
vt 0.569360 0.836907
vt 0.575376 0.835759
vt 0.401010 0.791926
vt 0.394692 0.750475
vt 0.397201 0.768079
vt 0.437010 0.826969
vt 0.418580 0.824726
vt 0.399364 0.779261
vt 0.402784 0.823324
vt 0.453070 0.831184
vt 0.405062 0.852895
vt 0.414757 0.856262
vt 0.395978 0.851835
vt 0.424616 0.860941
vt 0.474959 0.868548
vt 0.466601 0.862102
vt 0.459218 0.879958
vt 0.465310 0.883480
vt 0.490715 0.910563
vt 0.493007 0.918966
vt 0.497490 0.944530
vt 0.498676 0.950945
vt 0.487884 0.903630
vt 0.499683 0.956178
vt 0.496769 0.937236
vt 0.483946 0.897718
vt 0.472531 0.887771
vt 0.478897 0.892732
vt 0.495690 0.929347
vt 0.494772 0.884166
vt 0.498886 0.889523
vt 0.504372 0.924107
vt 0.504402 0.933204
vt 0.488982 0.879130
vt 0.503085 0.912699
vt 0.502774 0.903252
vt 0.501260 0.896055
vt 0.504554 0.941205
vt 0.505002 0.948783
vt 0.505903 0.954843
vt 0.512753 0.899039
vt 0.512201 0.907926
vt 0.512204 0.919288
vt 0.511731 0.929450
vt 0.504099 0.871015
vt 0.508497 0.876945
vt 0.511607 0.938536
vt 0.511662 0.883237
vt 0.511476 0.947285
vt 0.512792 0.890750
vt 0.458359 0.857885
vt 0.412722 0.837644
vt 0.424668 0.841004
vt 0.401019 0.836272
vt 0.436234 0.847386
vt 0.482480 0.874128
vt 0.385530 0.850719
vt 0.389527 0.835724
vt 0.390590 0.822631
vt 0.416294 0.781917
vt 0.419069 0.791681
vt 0.412893 0.771751
vt 0.409227 0.758673
vt 0.517883 0.946783
vt 0.517896 0.954552
vt 0.511850 0.954370
vt 0.522455 0.869624
vt 0.523692 0.877606
vt 0.518687 0.926688
vt 0.518175 0.937001
vt 0.523214 0.886514
vt 0.521882 0.896045
vt 0.520328 0.906235
vt 0.519464 0.916621
vt 0.519837 0.862617
vt 0.530438 0.893834
vt 0.528004 0.905627
vt 0.526530 0.916394
vt 0.525326 0.925995
vt 0.534348 0.855873
vt 0.536116 0.863414
vt 0.523808 0.947680
vt 0.523447 0.955185
vt 0.535109 0.872772
vt 0.524487 0.937415
vt 0.532967 0.882642
vt 0.535322 0.906539
vt 0.539667 0.892190
vt 0.544978 0.900041
vt 0.541811 0.910581
vt 0.550331 0.905797
vt 0.547848 0.914650
vt 0.613314 0.702481
vt 0.608095 0.709724
vt 0.603503 0.704464
vt 0.609472 0.697208
vt 0.533366 0.918172
vt 0.539861 0.920865
vt 0.546122 0.923380
vt 0.618951 0.695962
vt 0.615371 0.690506
vt 0.532119 0.928981
vt 0.538175 0.931768
vt 0.543962 0.933922
vt 0.623927 0.689793
vt 0.620485 0.685571
vt 0.530711 0.938797
vt 0.537153 0.940438
vt 0.542992 0.942097
vt 0.628986 0.684607
vt 0.529936 0.947867
vt 0.536179 0.948791
vt 0.542244 0.950080
vt 0.529153 0.956092
vt 0.535120 0.957217
vt 0.540291 0.958300
vt 0.640579 0.674153
vt 0.634309 0.679482
vt 0.631002 0.675935
vt 0.637357 0.670501
vt 0.546242 0.851677
vt 0.545929 0.860479
vt 0.544711 0.869244
vt 0.541965 0.879025
vt 0.554405 0.849193
vt 0.553954 0.858011
vt 0.552372 0.866323
vt 0.549758 0.874785
vt 0.561191 0.884493
vt 0.567481 0.882926
vt 0.568839 0.888133
vt 0.562582 0.890226
vt 0.560178 0.847464
vt 0.560294 0.856134
vt 0.558347 0.864312
vt 0.556172 0.872120
vt 0.554740 0.879925
vt 0.548124 0.884074
vt 0.555364 0.887193
vt 0.549901 0.892042
vt 0.565332 0.846097
vt 0.565050 0.854732
vt 0.563473 0.863008
vt 0.561852 0.870608
vt 0.560826 0.877823
vt 0.572266 0.875913
vt 0.566901 0.876610
vt 0.576301 0.844306
vt 0.575723 0.853052
vt 0.570035 0.853698
vt 0.570513 0.845082
vt 0.574557 0.861308
vt 0.568621 0.862058
vt 0.573179 0.869023
vt 0.567518 0.869639
vt 0.558082 0.893374
vt 0.524331 0.771641
vt 0.529190 0.781576
vt 0.534857 0.791419
vt 0.553817 0.898439
vt 0.437170 0.738944
vt 0.455441 0.742885
vt 0.437570 0.750222
vt 0.423876 0.750077
vt 0.424431 0.738833
vt 0.409908 0.744644
vt 0.412542 0.734452
vt 0.393498 0.731323
vt 0.386565 0.730693
vt 0.434135 0.865893
vt 0.421801 0.878609
vt 0.412712 0.892311
vt 0.406998 0.908052
vt 0.403998 0.921468
vt 0.402012 0.932893
vt 0.400036 0.943405
vt 0.447582 0.853072
vt 0.467106 0.836730
vt 0.484570 0.827240
vt 0.499863 0.821632
vt 0.512462 0.815782
vt 0.524345 0.809912
vt 0.534170 0.805250
vt 0.542314 0.801093
vt 0.542974 0.787721
vt 0.549299 0.798539
vt 0.555815 0.910212
vt 0.553711 0.918490
vt 0.551217 0.926322
vt 0.549409 0.935905
vt 0.548086 0.943576
vt 0.546949 0.951460
vt 0.544991 0.959342
vt 0.566366 0.894717
vt 0.562402 0.898193
vt 0.570866 0.892176
vt 0.558967 0.903326
vt 0.562005 0.914014
vt 0.559259 0.922349
vt 0.556411 0.930304
vt 0.554442 0.937923
vt 0.552993 0.945038
vt 0.551531 0.952303
vt 0.549568 0.960317
vt 0.570934 0.898018
vt 0.568282 0.901756
vt 0.565037 0.907169
s 1
usemtl material_0
f 3/1/1 1/2/2 2/3/3
f 3/1/1 2/3/3 4/4/4
f 5/5/5 3/1/1 4/4/4
f 5/5/5 4/4/4 6/6/6
f 7/7/7 5/5/5 6/6/6
f 7/7/7 6/6/6 8/8/8
f 9/9/9 7/7/7 8/8/8
f 9/9/9 8/8/8 10/10/10
f 11/11/11 9/9/9 10/10/10
f 11/11/11 10/10/10 12/12/12
f 15/13/13 13/14/14 14/15/15
f 15/13/13 14/15/15 16/16/16
f 17/17/17 15/13/13 16/16/16
f 17/17/17 16/16/16 18/18/18
f 19/19/19 17/17/17 18/18/18
f 19/19/19 18/18/18 20/20/20
f 21/21/21 19/19/19 20/20/20
f 21/21/21 20/20/20 22/22/22
f 23/23/23 21/21/21 22/22/22
f 23/23/23 22/22/22 24/24/24
f 25/25/25 27/26/26 28/27/27
f 25/25/25 28/27/27 26/28/28
f 27/26/26 29/29/29 30/30/30
f 27/26/26 30/30/30 28/27/27
f 31/31/31 32/32/32 33/33/33
f 31/31/31 33/33/33 34/34/34
f 35/35/35 36/36/36 32/32/32
f 35/35/35 32/32/32 37/37/37
f 29/29/29 36/36/36 38/38/38
f 29/29/29 38/38/38 30/30/30
f 36/36/36 35/35/35 39/39/39
f 36/36/36 39/39/39 38/38/38
f 40/40/40 37/37/37 32/32/32
f 40/40/40 32/32/32 31/31/31
f 36/36/36 29/29/29 33/33/33
f 36/36/36 33/33/33 32/32/32
f 35/35/35 41/41/41 42/42/42
f 35/35/35 42/42/42 39/39/39
f 34/34/34 43/43/43 44/44/44
f 34/34/34 44/44/44 45/45/45
f 38/38/38 39/39/39 46/46/46
f 38/38/38 46/46/46 47/47/47
f 48/48/48 49/49/49 37/37/37
f 48/48/48 37/37/37 40/40/40
f 21/21/21 23/23/23 50/50/50
f 21/21/21 50/50/50 51/51/51
f 19/19/19 21/21/21 51/51/51
f 19/19/19 51/51/51 52/52/52
f 17/17/17 19/19/19 52/52/52
f 17/17/17 52/52/52 53/53/53
f 26/28/28 28/27/27 54/54/54
f 26/28/28 54/54/54 55/55/55
f 1/2/2 3/1/1 16/16/16
f 1/2/2 16/16/16 14/15/15
f 3/1/1 5/5/5 18/18/18
f 3/1/1 18/18/18 16/16/16
f 5/5/5 7/7/7 20/20/20
f 5/5/5 20/20/20 18/18/18
f 7/7/7 9/9/9 22/22/22
f 7/7/7 22/22/22 20/20/20
f 9/9/9 11/11/11 24/24/24
f 9/9/9 24/24/24 22/22/22
f 2/3/3 56/56/56 57/57/57
f 2/3/3 57/57/57 4/4/4
f 10/10/10 58/58/58 59/59/59
f 10/10/10 59/59/59 12/12/12
f 8/8/8 60/60/60 58/58/58
f 8/8/8 58/58/58 10/10/10
f 6/6/6 61/61/61 60/60/60
f 6/6/6 60/60/60 8/8/8
f 4/4/4 57/57/57 61/61/61
f 4/4/4 61/61/61 6/6/6
f 56/62/56 62/63/62 63/64/63
f 56/62/56 63/64/63 57/65/57
f 58/58/58 64/66/64 65/67/65
f 58/58/58 65/67/65 59/59/59
f 57/65/57 63/64/63 66/68/66
f 57/65/57 66/68/66 61/69/61
f 61/61/61 66/70/66 67/71/67
f 61/61/61 67/71/67 60/60/60
f 60/60/60 67/71/67 64/66/64
f 60/60/60 64/66/64 58/58/58
f 62/63/62 68/72/68 69/73/69
f 62/63/62 69/73/69 63/64/63
f 64/66/64 70/74/70 71/75/71
f 64/66/64 71/75/71 65/67/65
f 63/64/63 69/73/69 72/76/72
f 63/64/63 72/76/72 66/68/66
f 66/70/66 72/77/72 73/78/73
f 66/70/66 73/78/73 67/71/67
f 67/71/67 73/78/73 70/74/70
f 67/71/67 70/74/70 64/66/64
f 68/72/68 74/79/74 75/80/75
f 68/72/68 75/80/75 69/73/69
f 70/74/70 76/81/76 77/82/77
f 70/74/70 77/82/77 71/75/71
f 69/73/69 75/80/75 78/83/78
f 69/73/69 78/83/78 72/76/72
f 72/77/72 78/84/78 79/85/79
f 72/77/72 79/85/79 73/78/73
f 73/78/73 79/85/79 76/81/76
f 73/78/73 76/81/76 70/74/70
f 74/79/74 80/86/80 81/87/81
f 74/79/74 81/87/81 75/80/75
f 76/81/76 82/88/82 83/89/83
f 76/81/76 83/89/83 77/82/77
f 75/80/75 81/87/81 84/90/84
f 75/80/75 84/90/84 78/83/78
f 78/84/78 84/91/84 85/92/85
f 78/84/78 85/92/85 79/85/79
f 79/85/79 85/92/85 82/88/82
f 79/85/79 82/88/82 76/81/76
f 80/86/80 86/93/86 87/94/87
f 80/86/80 87/94/87 81/87/81
f 82/88/82 88/95/88 89/96/89
f 82/88/82 89/96/89 83/89/83
f 81/87/81 87/94/87 90/97/90
f 81/87/81 90/97/90 84/90/84
f 84/91/84 90/98/90 91/99/91
f 84/91/84 91/99/91 85/92/85
f 85/92/85 91/99/91 88/95/88
f 85/92/85 88/95/88 82/88/82
f 92/100/92 93/101/93 94/102/94
f 92/100/92 94/102/94 95/103/95
f 96/104/96 97/105/97 98/106/98
f 96/104/96 98/106/98 99/107/99
f 95/103/95 94/102/94 100/108/100
f 95/103/95 100/108/100 101/109/101
f 101/110/101 100/111/100 102/112/102
f 101/110/101 102/112/102 103/113/103
f 103/113/103 102/112/102 97/105/97
f 103/113/103 97/105/97 96/104/96
f 28/27/27 30/30/30 104/114/104
f 28/27/27 104/114/104 54/54/54
f 47/47/47 104/114/104 30/30/30
f 47/47/47 30/30/30 38/38/38
f 39/39/39 42/42/42 105/115/105
f 39/39/39 105/115/105 46/46/46
f 33/33/33 108/116/106 43/43/43
f 33/33/33 43/43/43 34/34/34
f 29/29/29 27/26/26 108/116/106
f 29/29/29 108/116/106 33/33/33
f 35/35/35 37/37/37 49/49/49
f 35/35/35 49/49/49 41/41/41
f 109/117/107 110/118/108 48/48/48
f 109/117/107 48/48/48 40/40/40
f 111/119/109 109/117/107 40/40/40
f 111/119/109 40/40/40 31/31/31
f 31/31/31 34/34/34 45/45/45
f 31/31/31 45/45/45 111/119/109
f 53/53/53 52/52/52 115/120/110
f 53/53/53 115/120/110 116/121/111
f 52/52/52 51/51/51 117/122/112
f 52/52/52 117/122/112 115/120/110
f 51/51/51 50/50/50 118/123/113
f 51/51/51 118/123/113 117/122/112
f 120/124/114 101/110/101 103/113/103
f 120/124/114 103/113/103 121/125/115
f 122/126/116 95/103/95 101/109/101
f 122/126/116 101/109/101 120/127/114
f 123/128/117 96/104/96 99/107/99
f 123/128/117 99/107/99 124/129/118
f 119/130/119 92/100/92 95/103/95
f 119/130/119 95/103/95 122/126/116
f 121/125/115 103/113/103 96/104/96
f 121/125/115 96/104/96 123/128/117
f 125/131/120 113/132/121 114/133/122
f 125/131/120 114/133/122 126/134/123
f 13/14/14 15/13/13 126/134/123
f 13/14/14 126/134/123 114/133/122
f 107/135/124 106/136/125 44/44/44
f 107/135/124 44/44/44 43/43/43
f 112/137/126 107/135/124 43/43/43
f 112/137/126 43/43/43 108/116/106
f 27/26/26 25/25/25 112/137/126
f 27/26/26 112/137/126 108/116/106
f 125/131/120 126/134/123 53/53/53
f 125/131/120 53/53/53 116/121/111
f 15/13/13 17/17/17 53/53/53
f 15/13/13 53/53/53 126/134/123
f 90/98/90 120/124/114 121/125/115
f 90/98/90 121/125/115 91/99/91
f 87/94/87 122/126/116 120/127/114
f 87/94/87 120/127/114 90/97/90
f 88/95/88 123/128/117 124/129/118
f 88/95/88 124/129/118 89/96/89
f 86/93/86 119/130/119 122/126/116
f 86/93/86 122/126/116 87/94/87
f 91/99/91 121/125/115 123/128/117
f 91/99/91 123/128/117 88/95/88
f 127/138/127 128/139/128 129/140/129
f 127/138/127 129/140/129 130/141/130
f 128/139/128 131/142/131 132/143/132
f 128/139/128 132/143/132 129/140/129
f 131/142/131 133/144/133 134/145/134
f 131/142/131 134/145/134 132/143/132
f 133/144/133 135/146/135 136/147/136
f 133/144/133 136/147/136 134/145/134
f 135/146/135 137/148/137 138/149/138
f 135/146/135 138/149/138 136/147/136
f 139/150/139 140/151/140 141/152/141
f 139/150/139 141/152/141 142/153/142
f 140/151/140 143/154/143 144/155/144
f 140/151/140 144/155/144 141/152/141
f 130/141/130 129/140/129 146/156/145
f 130/141/130 146/156/145 147/157/146
f 129/140/129 132/143/132 148/158/147
f 129/140/129 148/158/147 146/156/145
f 132/143/132 134/145/134 149/159/148
f 132/143/132 149/159/148 148/158/147
f 134/145/134 136/147/136 150/160/149
f 134/145/134 150/160/149 149/159/148
f 136/147/136 138/149/138 151/161/150
f 136/147/136 151/161/150 150/160/149
f 142/153/142 141/152/141 152/162/151
f 142/153/142 152/162/151 153/163/152
f 141/152/141 144/155/144 154/164/153
f 141/152/141 154/164/153 152/162/151
f 155/165/154 156/166/155 157/167/156
f 155/165/154 157/167/156 158/168/157
f 156/166/155 159/169/158 160/170/159
f 156/166/155 160/170/159 157/167/156
f 159/169/158 161/171/160 162/172/161
f 159/169/158 162/172/161 160/170/159
f 161/171/160 163/173/162 164/174/163
f 161/171/160 164/174/163 162/172/161
f 165/175/164 166/176/165 167/177/166
f 165/175/164 167/177/166 168/178/167
f 169/179/168 170/180/169 171/181/170
f 169/179/168 171/181/170 172/182/171
f 158/168/157 157/167/156 173/183/172
f 158/168/157 173/183/172 174/184/173
f 157/167/156 160/170/159 175/185/174
f 157/167/156 175/185/174 173/183/172
f 160/170/159 162/172/161 176/186/175
f 160/170/159 176/186/175 175/185/174
f 162/172/161 164/174/163 177/187/176
f 162/172/161 177/187/176 176/186/175
f 179/188/177 180/189/178 181/190/179
f 179/188/177 181/190/179 182/191/180
f 174/184/173 173/183/172 183/192/181
f 174/184/173 183/192/181 184/193/182
f 173/183/172 175/185/174 185/194/183
f 173/183/172 185/194/183 183/192/181
f 175/185/174 176/186/175 186/195/184
f 175/185/174 186/195/184 185/194/183
f 176/186/175 177/187/176 187/196/185
f 176/186/175 187/196/185 186/195/184
f 182/191/180 181/190/179 172/182/171
f 182/191/180 172/182/171 171/181/170
f 184/193/182 183/192/181 188/197/186
f 184/193/182 188/197/186 189/198/187
f 183/192/181 185/194/183 190/199/188
f 183/192/181 190/199/188 188/197/186
f 185/194/183 186/195/184 191/200/189
f 185/194/183 191/200/189 190/199/188
f 186/195/184 187/196/185 192/201/190
f 186/195/184 192/201/190 191/200/189
f 158/168/157 174/184/173 170/180/169
f 158/168/157 170/180/169 169/179/168
f 189/198/187 188/197/186 193/202/191
f 189/198/187 193/202/191 194/203/192
f 188/197/186 190/199/188 195/204/193
f 188/197/186 195/204/193 193/202/191
f 190/199/188 191/200/189 196/205/194
f 190/199/188 196/205/194 195/204/193
f 197/206/195 198/207/196 199/208/197
f 197/206/195 199/208/197 200/209/198
f 194/203/192 193/202/191 201/210/199
f 194/203/192 201/210/199 202/211/200
f 193/202/191 195/204/193 203/212/201
f 193/202/191 203/212/201 201/210/199
f 195/204/193 196/205/194 204/213/202
f 195/204/193 204/213/202 203/212/201
f 200/209/198 199/208/197 205/214/203
f 200/209/198 205/214/203 206/215/204
f 207/216/205 208/217/206 198/207/196
f 207/216/205 198/207/196 197/206/195
f 179/188/177 182/191/180 208/217/206
f 179/188/177 208/217/206 207/216/205
f 209/218/207 118/123/113 50/50/50
f 209/218/207 50/50/50 210/219/208
f 211/220/209 212/221/210 128/139/128
f 211/220/209 128/139/128 127/138/127
f 212/221/210 213/222/211 131/142/131
f 212/221/210 131/142/131 128/139/128
f 213/222/211 214/223/212 133/144/133
f 213/222/211 133/144/133 131/142/131
f 214/223/212 215/224/213 135/146/135
f 214/223/212 135/146/135 133/144/133
f 215/224/213 216/225/214 137/148/137
f 215/224/213 137/148/137 135/146/135
f 217/226/215 218/227/216 140/151/140
f 217/226/215 140/151/140 139/150/139
f 218/227/216 219/228/217 143/154/143
f 218/227/216 143/154/143 140/151/140
f 219/228/217 220/229/218 145/230/219
f 219/228/217 145/230/219 143/154/143
f 182/191/180 171/181/170 221/231/220
f 182/191/180 221/231/220 208/217/206
f 199/208/197 222/232/221 223/233/222
f 199/208/197 223/233/222 205/214/203
f 224/234/223 158/168/157 169/179/168
f 224/234/223 169/179/168 225/235/224
f 198/207/196 226/236/225 222/232/221
f 198/207/196 222/232/221 199/208/197
f 208/217/206 221/231/220 226/236/225
f 208/217/206 226/236/225 198/207/196
f 225/235/224 169/179/168 172/182/171
f 225/235/224 172/182/171 227/237/226
f 228/238/227 155/165/154 158/168/157
f 228/238/227 158/168/157 224/234/223
f 229/239/228 49/49/49 48/48/48
f 229/239/228 48/48/48 230/240/229
f 231/241/230 41/41/41 49/49/49
f 231/241/230 49/49/49 229/239/228
f 230/240/229 48/48/48 110/118/108
f 230/240/229 110/118/108 232/242/231
f 233/243/232 127/138/127 130/141/130
f 233/243/232 130/141/130 234/244/233
f 235/245/234 23/23/23 24/24/24
f 235/245/234 24/24/24 236/246/235
f 237/247/236 71/75/71 77/82/77
f 237/247/236 77/82/77 238/248/237
f 239/249/238 124/129/118 99/107/99
f 239/249/238 99/107/99 240/250/239
f 241/251/240 65/67/65 71/75/71
f 241/251/240 71/75/71 237/247/236
f 240/250/239 99/107/99 98/106/98
f 240/250/239 98/106/98 242/252/241
f 124/129/118 239/249/238 243/253/242
f 124/129/118 243/253/242 89/96/89
f 244/254/243 59/59/59 65/67/65
f 244/254/243 65/67/65 241/251/240
f 245/255/244 11/11/11 12/12/12
f 245/255/244 12/12/12 246/256/245
f 247/257/246 83/89/83 89/96/89
f 247/257/246 89/96/89 243/253/242
f 246/256/245 12/12/12 59/59/59
f 246/256/245 59/59/59 244/254/243
f 238/248/237 77/82/77 83/89/83
f 238/248/237 83/89/83 247/257/246
f 248/258/247 246/256/245 244/254/243
f 248/258/247 244/254/243 249/259/248
f 250/260/249 247/257/246 243/253/242
f 250/260/249 243/253/242 251/261/250
f 252/262/251 245/255/244 246/256/245
f 252/262/251 246/256/245 248/258/247
f 253/263/252 238/248/237 247/257/246
f 253/263/252 247/257/246 250/260/249
f 254/264/253 237/247/236 238/248/237
f 254/264/253 238/248/237 253/263/252
f 255/265/254 241/251/240 237/247/236
f 255/265/254 237/247/236 254/264/253
f 256/266/255 239/249/238 240/250/239
f 256/266/255 240/250/239 257/267/256
f 249/259/248 244/254/243 241/251/240
f 249/259/248 241/251/240 255/265/254
f 239/249/238 256/266/255 251/261/250
f 239/249/238 251/261/250 243/253/242
f 257/267/256 240/250/239 242/252/241
f 257/267/256 242/252/241 258/268/257
f 259/269/258 257/267/256 258/268/257
f 259/269/258 258/268/257 260/270/259
f 261/271/260 254/264/253 253/263/252
f 261/271/260 253/263/252 262/272/261
f 262/272/261 253/263/252 250/260/249
f 262/272/261 250/260/249 263/273/262
f 263/273/262 250/260/249 251/261/250
f 263/273/262 251/261/250 264/274/263
f 265/275/264 252/262/251 248/258/247
f 265/275/264 248/258/247 266/276/265
f 256/266/255 267/277/266 264/274/263
f 256/266/255 264/274/263 251/261/250
f 266/276/265 248/258/247 249/259/248
f 266/276/265 249/259/248 268/278/267
f 267/277/266 256/266/255 257/267/256
f 267/277/266 257/267/256 259/269/258
f 268/278/267 249/259/248 255/265/254
f 268/278/267 255/265/254 269/279/268
f 269/279/268 255/265/254 254/264/253
f 269/279/268 254/264/253 261/271/260
f 270/280/269 209/218/207 210/219/208
f 270/280/269 210/219/208 234/244/233
f 271/281/270 229/239/228 230/240/229
f 271/281/270 230/240/229 272/282/271
f 273/283/272 231/241/230 229/239/228
f 273/283/272 229/239/228 271/281/270
f 272/282/271 230/240/229 232/242/231
f 272/282/271 232/242/231 274/284/273
f 23/23/23 235/245/234 210/219/208
f 23/23/23 210/219/208 50/50/50
f 233/243/232 235/245/234 236/246/235
f 233/243/232 236/246/235 275/285/274
f 147/157/146 270/280/269 234/244/233
f 147/157/146 234/244/233 130/141/130
f 245/255/244 252/262/251 275/285/274
f 245/255/244 275/285/274 236/246/235
f 127/138/127 233/243/232 275/285/274
f 127/138/127 275/285/274 211/220/209
f 224/234/223 272/282/271 274/284/273
f 224/234/223 274/284/273 228/238/227
f 235/245/234 233/243/232 234/244/233
f 235/245/234 234/244/233 210/219/208
f 227/237/226 273/283/272 271/281/270
f 227/237/226 271/281/270 225/235/224
f 225/235/224 271/281/270 272/282/271
f 225/235/224 272/282/271 224/234/223
f 252/262/251 265/275/264 211/220/209
f 252/262/251 211/220/209 275/285/274
f 245/255/244 236/246/235 24/24/24
f 245/255/244 24/24/24 11/11/11
f 42/42/42 276/286/275 277/287/276
f 42/42/42 277/287/276 105/115/105
f 276/286/275 278/288/277 279/289/278
f 276/286/275 279/289/278 277/287/276
f 278/288/277 280/290/279 281/291/280
f 278/288/277 281/291/280 279/289/278
f 280/290/279 181/190/179 180/189/178
f 280/290/279 180/189/178 281/291/280
f 221/231/220 282/292/281 283/293/282
f 221/231/220 283/293/282 226/236/225
f 226/236/225 283/293/282 284/294/283
f 226/236/225 284/294/283 222/232/221
f 222/232/221 284/294/283 285/295/284
f 222/232/221 285/295/284 223/233/222
f 171/181/170 170/180/169 282/292/281
f 171/181/170 282/292/281 221/231/220
f 231/241/230 276/286/275 42/42/42
f 231/241/230 42/42/42 41/41/41
f 278/288/277 276/286/275 231/241/230
f 278/288/277 231/241/230 273/283/272
f 273/283/272 227/237/226 280/290/279
f 273/283/272 280/290/279 278/288/277
f 227/237/226 172/182/171 181/190/179
f 227/237/226 181/190/179 280/290/279
f 170/180/169 174/184/173 184/193/182
f 170/180/169 184/193/182 282/292/281
f 284/294/283 194/203/192 202/211/200
f 284/294/283 202/211/200 285/295/284
f 283/293/282 189/198/187 194/203/192
f 283/293/282 194/203/192 284/294/283
f 282/292/281 184/193/182 189/198/187
f 282/292/281 189/198/187 283/293/282
f 286/296/285 259/269/258 260/270/259
f 286/296/285 260/270/259 287/297/286
f 288/298/287 266/276/265 268/278/267
f 288/298/287 268/278/267 289/299/288
f 267/277/266 290/300/289 291/301/290
f 267/277/266 291/301/290 264/274/263
f 289/299/288 268/278/267 269/279/268
f 289/299/288 269/279/268 292/302/291
f 290/300/289 267/277/266 259/269/258
f 290/300/289 259/269/258 286/296/285
f 292/302/291 269/279/268 261/271/260
f 292/302/291 261/271/260 293/303/292
f 293/303/292 261/271/260 262/272/261
f 293/303/292 262/272/261 294/304/293
f 294/304/293 262/272/261 263/273/262
f 294/304/293 263/273/262 295/305/294
f 295/305/294 263/273/262 264/274/263
f 295/305/294 264/274/263 291/301/290
f 296/306/295 265/275/264 266/276/265
f 296/306/295 266/276/265 288/298/287
f 297/307/296 293/303/292 294/304/293
f 297/307/296 294/304/293 298/308/297
f 298/308/297 294/304/293 295/305/294
f 298/308/297 295/305/294 299/309/298
f 299/309/298 295/305/294 291/301/290
f 299/309/298 291/301/290 300/310/299
f 301/311/300 296/306/295 288/298/287
f 301/311/300 288/298/287 302/312/301
f 303/313/302 286/296/285 287/297/286
f 303/313/302 287/297/286 304/314/303
f 302/312/301 288/298/287 289/299/288
f 302/312/301 289/299/288 305/315/304
f 290/300/289 306/316/305 300/310/299
f 290/300/289 300/310/299 291/301/290
f 305/315/304 289/299/288 292/302/291
f 305/315/304 292/302/291 307/317/306
f 306/316/305 290/300/289 286/296/285
f 306/316/305 286/296/285 303/313/302
f 307/317/306 292/302/291 293/303/292
f 307/317/306 293/303/292 297/307/296
f 308/318/307 309/319/308 310/320/309
f 308/318/307 310/320/309 311/321/310
f 309/319/308 312/322/311 313/323/312
f 309/319/308 313/323/312 310/320/309
f 314/324/313 315/325/314 316/326/315
f 314/324/313 316/326/315 317/327/316
f 318/328/317 319/329/318 309/319/308
f 318/328/317 309/319/308 308/318/307
f 319/329/318 320/330/319 312/322/311
f 319/329/318 312/322/311 309/319/308
f 321/331/320 322/332/321 315/325/314
f 321/331/320 315/325/314 314/324/313
f 323/333/322 324/334/323 319/329/318
f 323/333/322 319/329/318 318/328/317
f 324/334/323 325/335/324 320/330/319
f 324/334/323 320/330/319 319/329/318
f 326/336/325 327/337/326 322/332/321
f 326/336/325 322/332/321 321/331/320
f 328/338/327 329/339/328 324/334/323
f 328/338/327 324/334/323 323/333/322
f 329/339/328 330/340/329 325/335/324
f 329/339/328 325/335/324 324/334/323
f 331/341/330 327/337/326 326/336/325
f 332/342/331 333/343/332 329/339/328
f 332/342/331 329/339/328 328/338/327
f 333/343/332 334/344/333 330/340/329
f 333/343/332 330/340/329 329/339/328
f 337/345/334 338/346/335 333/343/332
f 337/345/334 333/343/332 332/342/331
f 338/346/335 339/347/336 334/344/333
f 338/346/335 334/344/333 333/343/332
f 340/348/337 341/349/338 336/350/339
f 340/348/337 336/350/339 335/351/340
f 311/321/310 297/307/296 298/308/297
f 311/321/310 298/308/297 308/318/307
f 308/318/307 298/308/297 299/309/298
f 308/318/307 299/309/298 318/328/317
f 318/328/317 299/309/298 300/310/299
f 318/328/317 300/310/299 323/333/322
f 306/316/305 328/338/327 323/333/322
f 306/316/305 323/333/322 300/310/299
f 328/338/327 306/316/305 303/313/302
f 328/338/327 303/313/302 332/342/331
f 332/342/331 303/313/302 304/314/303
f 332/342/331 304/314/303 337/345/334
f 213/222/211 212/221/210 296/306/295
f 213/222/211 296/306/295 301/311/300
f 212/221/210 211/220/209 265/275/264
f 212/221/210 265/275/264 296/306/295
f 342/352/341 301/311/300 302/312/301
f 342/352/341 302/312/301 343/353/342
f 343/353/342 302/312/301 305/315/304
f 343/353/342 305/315/304 344/354/343
f 344/354/343 305/315/304 307/317/306
f 344/354/343 307/317/306 345/355/344
f 349/356/345 342/352/341 343/353/342
f 349/356/345 343/353/342 350/357/346
f 350/357/346 343/353/342 344/354/343
f 350/357/346 344/354/343 352/358/347
f 352/358/347 344/354/343 345/355/344
f 352/358/347 345/355/344 353/359/348
f 354/360/349 355/361/350 347/362/351
f 354/360/349 347/362/351 346/363/352
f 358/364/353 349/356/345 350/357/346
f 358/364/353 350/357/346 359/365/354
f 359/365/354 350/357/346 352/358/347
f 359/365/354 352/358/347 360/366/355
f 360/366/355 352/358/347 353/359/348
f 360/366/355 353/359/348 361/367/356
f 361/367/356 353/359/348 362/368/357
f 361/367/356 362/368/357 363/369/358
f 363/369/358 362/368/357 364/370/359
f 363/369/358 364/370/359 365/371/360
f 366/372/361 358/364/353 359/365/354
f 366/372/361 359/365/354 367/373/362
f 367/373/362 359/365/354 360/366/355
f 367/373/362 360/366/355 368/374/363
f 368/374/363 360/366/355 361/367/356
f 368/374/363 361/367/356 369/375/364
f 369/375/364 361/367/356 363/369/358
f 369/375/364 363/369/358 370/376/365
f 370/376/365 363/369/358 365/371/360
f 370/376/365 365/371/360 354/360/349
f 371/377/366 372/378/367 346/363/352
f 371/377/366 346/363/352 348/379/368
f 373/380/369 374/381/370 375/382/371
f 373/380/369 375/382/371 376/383/372
f 376/383/372 375/382/371 377/384/373
f 376/383/372 377/384/373 378/385/374
f 378/385/374 377/384/373 379/386/375
f 378/385/374 379/386/375 380/387/376
f 380/387/376 379/386/375 372/378/367
f 380/387/376 372/378/367 371/377/366
f 381/388/377 373/380/369 376/383/372
f 381/388/377 376/383/372 382/389/378
f 382/389/378 376/383/372 378/385/374
f 365/371/360 383/390/379 355/361/350
f 365/371/360 355/361/350 354/360/349
f 374/381/370 366/372/361 367/373/362
f 374/381/370 367/373/362 375/382/371
f 375/382/371 367/373/362 368/374/363
f 375/382/371 368/374/363 377/384/373
f 377/384/373 368/374/363 369/375/364
f 377/384/373 369/375/364 379/386/375
f 379/386/375 369/375/364 370/376/365
f 379/386/375 370/376/365 372/378/367
f 372/378/367 370/376/365 354/360/349
f 372/378/367 354/360/349 346/363/352
f 164/174/163 168/178/167 178/391/380
f 164/174/163 178/391/380 177/187/176
f 137/148/137 139/150/139 142/153/142
f 137/148/137 142/153/142 138/149/138
f 216/225/214 217/226/215 139/150/139
f 216/225/214 139/150/139 137/148/137
f 138/149/138 142/153/142 153/163/152
f 138/149/138 153/163/152 151/161/150
f 163/173/162 165/175/164 168/178/167
f 163/173/162 168/178/167 164/174/163
f 214/223/212 213/222/211 301/311/300
f 214/223/212 301/311/300 342/352/341
f 215/224/213 214/223/212 342/352/341
f 215/224/213 342/352/341 349/356/345
f 349/356/345 358/364/353 216/225/214
f 349/356/345 216/225/214 215/224/213
f 217/226/215 216/225/214 358/364/353
f 217/226/215 358/364/353 366/372/361
f 366/372/361 374/381/370 218/227/216
f 366/372/361 218/227/216 217/226/215
f 374/381/370 373/380/369 219/228/217
f 374/381/370 219/228/217 218/227/216
f 220/229/218 219/228/217 373/380/369
f 220/229/218 373/380/369 381/388/377
f 385/392/381 383/390/379 365/371/360
f 385/392/381 365/371/360 364/370/359
f 386/393/382 390/394/383 389/395/384
f 386/393/382 387/396/385 391/397/386
f 386/393/382 391/397/386 390/394/383
f 387/396/385 388/398/387 392/399/388
f 387/396/385 392/399/388 391/397/386
f 388/398/387 393/400/389 392/399/388
f 389/395/384 390/394/383 201/210/199
f 389/395/384 201/210/199 203/212/201
f 390/394/383 391/397/386 202/211/200
f 390/394/383 202/211/200 201/210/199
f 285/295/284 202/211/200 391/397/386
f 285/295/284 391/397/386 392/399/388
f 223/233/222 285/295/284 392/399/388
f 223/233/222 392/399/388 393/400/389
f 206/215/204 205/214/203 394/401/390
f 206/215/204 394/401/390 395/402/391
f 205/214/203 223/233/222 393/400/389
f 205/214/203 393/400/389 394/401/390
f 396/403/392 397/404/393 118/123/113
f 396/403/392 118/123/113 209/218/207
f 397/404/393 398/405/394 117/122/112
f 397/404/393 117/122/112 118/123/113
f 398/405/394 399/406/395 115/120/110
f 398/405/394 115/120/110 117/122/112
f 399/406/395 400/407/396 116/121/111
f 399/406/395 116/121/111 115/120/110
f 400/407/396 401/408/397 125/131/120
f 400/407/396 125/131/120 116/121/111
f 401/408/397 402/409/398 113/132/121
f 401/408/397 113/132/121 125/131/120
f 403/410/399 396/403/392 209/218/207
f 403/410/399 209/218/207 270/280/269
f 403/410/399 404/411/400 228/238/227
f 403/410/399 228/238/227 274/284/273
f 405/412/401 404/411/400 147/157/146
f 405/412/401 147/157/146 146/156/145
f 406/413/402 405/412/401 146/156/145
f 406/413/402 146/156/145 148/158/147
f 407/414/403 406/413/402 148/158/147
f 407/414/403 148/158/147 149/159/148
f 408/415/404 407/414/403 149/159/148
f 408/415/404 149/159/148 150/160/149
f 408/415/404 409/416/405 163/173/162
f 408/415/404 163/173/162 161/171/160
f 410/417/406 409/416/405 151/161/150
f 410/417/406 151/161/150 153/163/152
f 410/417/406 411/418/407 166/176/165
f 410/417/406 166/176/165 165/175/164
f 232/242/231 110/118/108 397/404/393
f 232/242/231 397/404/393 396/403/392
f 110/118/108 109/117/107 398/405/394
f 110/118/108 398/405/394 397/404/393
f 109/117/107 111/119/109 399/406/395
f 109/117/107 399/406/395 398/405/394
f 111/119/109 45/45/45 400/407/396
f 111/119/109 400/407/396 399/406/395
f 45/45/45 44/44/44 401/408/397
f 45/45/45 401/408/397 400/407/396
f 44/44/44 106/136/125 402/409/398
f 44/44/44 402/409/398 401/408/397
f 274/284/273 232/242/231 396/403/392
f 274/284/273 396/403/392 403/410/399
f 270/280/269 147/157/146 404/411/400
f 270/280/269 404/411/400 403/410/399
f 155/165/154 228/238/227 404/411/400
f 155/165/154 404/411/400 405/412/401
f 156/166/155 155/165/154 405/412/401
f 156/166/155 405/412/401 406/413/402
f 159/169/158 156/166/155 406/413/402
f 159/169/158 406/413/402 407/414/403
f 161/171/160 159/169/158 407/414/403
f 161/171/160 407/414/403 408/415/404
f 150/160/149 151/161/150 409/416/405
f 150/160/149 409/416/405 408/415/404
f 165/175/164 163/173/162 409/416/405
f 165/175/164 409/416/405 410/417/406
f 153/163/152 152/162/151 411/418/407
f 153/163/152 411/418/407 410/417/406
f 312/322/311 412/419/408 413/420/409
f 312/322/311 413/420/409 313/323/312
f 320/330/319 414/421/410 412/419/408
f 320/330/319 412/419/408 312/322/311
f 325/335/324 415/422/411 414/421/410
f 325/335/324 414/421/410 320/330/319
f 330/340/329 416/423/412 415/422/411
f 330/340/329 415/422/411 325/335/324
f 334/344/333 417/424/413 416/423/412
f 334/344/333 416/423/412 330/340/329
f 339/347/336 418/425/414 417/424/413
f 339/347/336 417/424/413 334/344/333
f 383/390/379 419/426/415 420/427/416
f 383/390/379 420/427/416 355/361/350
f 355/361/350 420/427/416 421/428/417
f 355/361/350 421/428/417 347/362/351
f 385/392/381 422/429/418 419/426/415
f 385/392/381 419/426/415 383/390/379
f 412/419/408 314/430/313 317/431/316
f 412/419/408 317/431/316 413/420/409
f 414/421/410 321/432/320 314/430/313
f 414/421/410 314/430/313 412/419/408
f 415/422/411 326/433/325 321/432/320
f 415/422/411 321/432/320 414/421/410
f 416/423/412 331/434/330 326/433/325
f 416/423/412 326/433/325 415/422/411
f 417/424/413 335/435/340 331/434/330
f 417/424/413 331/434/330 416/423/412
f 418/425/414 340/436/337 335/435/340
f 418/425/414 335/435/340 417/424/413
f 419/426/415 356/437/419 357/438/420
f 419/426/415 357/438/420 420/427/416
f 422/429/418 384/439/421 356/437/419
f 422/429/418 356/437/419 419/426/415
f 307/317/306 297/307/296 311/321/310
f 307/317/306 311/321/310 345/355/344
f 345/355/344 311/321/310 362/368/357
f 345/355/344 362/368/357 353/359/348
f 311/321/310 310/320/309 364/370/359
f 311/321/310 364/370/359 362/368/357
f 310/320/309 313/323/312 385/392/381
f 310/320/309 385/392/381 364/370/359
f 422/429/418 385/392/381 313/323/312
f 422/429/418 313/323/312 413/420/409
f 384/439/421 422/429/418 413/420/409
f 384/439/421 413/420/409 317/431/316
f 317/327/316 316/326/315 351/440/422
f 317/327/316 351/440/422 384/441/421
f 425/442/423 426/443/424 424/444/425
f 425/442/423 424/444/425 423/445/426
f 427/446/427 428/447/428 426/443/424
f 427/446/427 426/443/424 425/442/423
f 429/448/429 430/449/430 428/447/428
f 429/448/429 428/447/428 427/446/427
f 431/450/431 432/451/432 430/449/430
f 431/450/431 430/449/430 429/448/429
f 433/452/433 434/453/434 432/451/432
f 433/452/433 432/451/432 431/450/431
f 437/454/435 438/455/436 436/456/437
f 437/454/435 436/456/437 435/457/438
f 439/458/439 440/459/440 438/455/436
f 439/458/439 438/455/436 437/454/435
f 441/460/441 442/461/442 440/459/440
f 441/460/441 440/459/440 439/458/439
f 443/462/443 444/463/444 442/461/442
f 443/462/443 442/461/442 441/460/441
f 445/464/445 446/465/446 444/463/444
f 445/464/445 444/463/444 443/462/443
f 448/466/447 447/467/448 449/468/449
f 448/466/447 449/468/449 450/469/450
f 450/469/450 449/468/449 451/470/451
f 450/469/450 451/470/451 452/471/452
f 453/472/453 454/473/454 455/474/455
f 453/472/453 455/474/455 456/475/456
f 457/476/457 458/477/458 456/475/456
f 457/476/457 456/475/456 459/478/459
f 452/471/452 451/470/451 460/479/460
f 452/471/452 460/479/460 459/478/459
f 459/478/459 460/479/460 461/480/461
f 459/478/459 461/480/461 457/476/457
f 462/481/462 453/472/453 456/475/456
f 462/481/462 456/475/456 458/477/458
f 459/478/459 456/475/456 455/474/455
f 459/478/459 455/474/455 452/471/452
f 457/476/457 461/480/461 463/482/463
f 457/476/457 463/482/463 464/483/464
f 454/473/454 465/484/465 466/485/466
f 454/473/454 466/485/466 467/486/467
f 460/479/460 47/47/47 46/46/46
f 460/479/460 46/46/46 461/480/461
f 468/487/468 462/481/462 458/477/458
f 468/487/468 458/477/458 469/488/469
f 443/462/443 470/489/470 471/490/471
f 443/462/443 471/490/471 445/464/445
f 441/460/441 472/491/472 470/489/470
f 441/460/441 470/489/470 443/462/443
f 439/458/439 473/492/473 472/491/472
f 439/458/439 472/491/472 441/460/441
f 447/467/448 55/55/55 54/54/54
f 447/467/448 54/54/54 449/468/449
f 423/445/426 436/456/437 438/455/436
f 423/445/426 438/455/436 425/442/423
f 425/442/423 438/455/436 440/459/440
f 425/442/423 440/459/440 427/446/427
f 427/446/427 440/459/440 442/461/442
f 427/446/427 442/461/442 429/448/429
f 429/448/429 442/461/442 444/463/444
f 429/448/429 444/463/444 431/450/431
f 431/450/431 444/463/444 446/465/446
f 431/450/431 446/465/446 433/452/433
f 424/444/425 426/443/424 474/493/474
f 424/444/425 474/493/474 475/494/475
f 432/451/432 434/453/434 476/495/476
f 432/451/432 476/495/476 477/496/477
f 430/449/430 432/451/432 477/496/477
f 430/449/430 477/496/477 478/497/478
f 428/447/428 430/449/430 478/497/478
f 428/447/428 478/497/478 479/498/479
f 426/443/424 428/447/428 479/498/479
f 426/443/424 479/498/479 474/493/474
f 475/499/475 474/500/474 480/501/480
f 475/499/475 480/501/480 481/502/481
f 477/496/477 476/495/476 482/503/482
f 477/496/477 482/503/482 483/504/483
f 474/500/474 479/505/479 484/506/484
f 474/500/474 484/506/484 480/501/480
f 479/498/479 478/497/478 485/507/485
f 479/498/479 485/507/485 484/508/484
f 478/497/478 477/496/477 483/504/483
f 478/497/478 483/504/483 485/507/485
f 481/502/481 480/501/480 486/509/486
f 481/502/481 486/509/486 487/510/487
f 483/504/483 482/503/482 488/511/488
f 483/504/483 488/511/488 489/512/489
f 480/501/480 484/506/484 490/513/490
f 480/501/480 490/513/490 486/509/486
f 484/508/484 485/507/485 491/514/491
f 484/508/484 491/514/491 490/515/490
f 485/507/485 483/504/483 489/512/489
f 485/507/485 489/512/489 491/514/491
f 487/510/487 486/509/486 492/516/492
f 487/510/487 492/516/492 493/517/493
f 489/512/489 488/511/488 494/518/494
f 489/512/489 494/518/494 495/519/495
f 486/509/486 490/513/490 496/520/496
f 486/509/486 496/520/496 492/516/492
f 490/515/490 491/514/491 497/521/497
f 490/515/490 497/521/497 496/522/496
f 491/514/491 489/512/489 495/519/495
f 491/514/491 495/519/495 497/521/497
f 493/517/493 492/516/492 498/523/498
f 493/517/493 498/523/498 499/524/499
f 495/519/495 494/518/494 500/525/500
f 495/519/495 500/525/500 501/526/501
f 492/516/492 496/520/496 502/527/502
f 492/516/492 502/527/502 498/523/498
f 496/522/496 497/521/497 503/528/503
f 496/522/496 503/528/503 502/529/502
f 497/521/497 495/519/495 501/526/501
f 497/521/497 501/526/501 503/528/503
f 499/524/499 498/523/498 504/530/504
f 499/524/499 504/530/504 505/531/505
f 501/526/501 500/525/500 506/532/506
f 501/526/501 506/532/506 507/533/507
f 498/523/498 502/527/502 508/534/508
f 498/523/498 508/534/508 504/530/504
f 502/529/502 503/528/503 509/535/509
f 502/529/502 509/535/509 508/536/508
f 503/528/503 501/526/501 507/533/507
f 503/528/503 507/533/507 509/535/509
f 510/537/510 511/538/511 94/539/94
f 510/537/510 94/539/94 93/540/93
f 512/541/512 513/542/513 98/543/98
f 512/541/512 98/543/98 97/544/97
f 511/538/511 514/545/514 100/546/100
f 511/538/511 100/546/100 94/539/94
f 514/547/514 515/548/515 102/549/102
f 514/547/514 102/549/102 100/550/100
f 515/548/515 512/541/512 97/544/97
f 515/548/515 97/544/97 102/549/102
f 449/468/449 54/54/54 104/114/104
f 449/468/449 104/114/104 451/470/451
f 47/47/47 460/479/460 451/470/451
f 47/47/47 451/470/451 104/114/104
f 461/480/461 46/46/46 105/115/105
f 461/480/461 105/115/105 463/482/463
f 455/474/455 454/473/454 467/486/467
f 455/474/455 467/486/467 518/551/516
f 452/471/452 455/474/455 518/551/516
f 452/471/452 518/551/516 450/469/450
f 457/476/457 464/483/464 469/488/469
f 457/476/457 469/488/469 458/477/458
f 519/552/517 462/481/462 468/487/468
f 519/552/517 468/487/468 520/553/518
f 521/554/519 453/472/453 462/481/462
f 521/554/519 462/481/462 519/552/517
f 453/472/453 521/554/519 465/484/465
f 453/472/453 465/484/465 454/473/454
f 473/492/473 525/555/520 526/556/521
f 473/492/473 526/556/521 472/491/472
f 472/491/472 526/556/521 527/557/522
f 472/491/472 527/557/522 470/489/470
f 470/489/470 527/557/522 528/558/523
f 470/489/470 528/558/523 471/490/471
f 530/559/524 531/560/525 515/548/515
f 530/559/524 515/548/515 514/547/514
f 532/561/526 530/562/524 514/545/514
f 532/561/526 514/545/514 511/538/511
f 533/563/527 534/564/528 513/542/513
f 533/563/527 513/542/513 512/541/512
f 529/565/529 532/561/526 511/538/511
f 529/565/529 511/538/511 510/537/510
f 531/560/525 533/563/527 512/541/512
f 531/560/525 512/541/512 515/548/515
f 535/566/530 536/567/531 524/568/532
f 535/566/530 524/568/532 523/569/533
f 435/457/438 524/568/532 536/567/531
f 435/457/438 536/567/531 437/454/435
f 516/570/534 467/486/467 466/485/466
f 516/570/534 466/485/466 517/571/535
f 522/572/536 518/551/516 467/486/467
f 522/572/536 467/486/467 516/570/534
f 450/469/450 518/551/516 522/572/536
f 450/469/450 522/572/536 448/466/447
f 535/566/530 525/555/520 473/492/473
f 535/566/530 473/492/473 536/567/531
f 437/454/435 536/567/531 473/492/473
f 437/454/435 473/492/473 439/458/439
f 508/536/508 509/535/509 531/560/525
f 508/536/508 531/560/525 530/559/524
f 504/530/504 508/534/508 530/562/524
f 504/530/504 530/562/524 532/561/526
f 507/533/507 506/532/506 534/564/528
f 507/533/507 534/564/528 533/563/527
f 505/531/505 504/530/504 532/561/526
f 505/531/505 532/561/526 529/565/529
f 509/535/509 507/533/507 533/563/527
f 509/535/509 533/563/527 531/560/525
f 537/573/537 538/574/538 539/575/539
f 537/573/537 539/575/539 540/576/540
f 540/576/540 539/575/539 541/577/541
f 540/576/540 541/577/541 542/578/542
f 542/578/542 541/577/541 543/579/543
f 542/578/542 543/579/543 544/580/544
f 544/580/544 543/579/543 545/581/545
f 544/580/544 545/581/545 546/582/546
f 546/582/546 545/581/545 547/583/547
f 546/582/546 547/583/547 548/584/548
f 549/585/549 550/586/550 551/587/551
f 549/585/549 551/587/551 552/588/552
f 552/588/552 551/587/551 553/589/553
f 552/588/552 553/589/553 554/590/554
f 538/574/538 555/591/555 556/592/556
f 538/574/538 556/592/556 539/575/539
f 539/575/539 556/592/556 557/593/557
f 539/575/539 557/593/557 541/577/541
f 541/577/541 557/593/557 558/594/558
f 541/577/541 558/594/558 543/579/543
f 543/579/543 558/594/558 559/595/559
f 543/579/543 559/595/559 545/581/545
f 545/581/545 559/595/559 560/596/560
f 545/581/545 560/596/560 547/583/547
f 550/586/550 561/597/561 562/598/562
f 550/586/550 562/598/562 551/587/551
f 563/599/563 564/600/564 565/601/565
f 563/599/563 565/601/565 566/602/566
f 566/602/566 565/601/565 567/603/567
f 566/602/566 567/603/567 568/604/568
f 568/604/568 567/603/567 569/605/569
f 568/604/568 569/605/569 570/606/570
f 570/606/570 569/605/569 571/607/571
f 570/606/570 571/607/571 572/608/572
f 576/609/573 577/610/574 578/611/575
f 576/609/573 578/611/575 579/612/576
f 564/600/564 580/613/577 581/614/578
f 564/600/564 581/614/578 565/601/565
f 565/601/565 581/614/578 582/615/579
f 565/601/565 582/615/579 567/603/567
f 567/603/567 582/615/579 583/616/580
f 567/603/567 583/616/580 569/605/569
f 569/605/569 583/616/580 584/617/581
f 569/605/569 584/617/581 571/607/571
f 179/188/177 586/618/582 587/619/583
f 179/188/177 587/619/583 180/189/178
f 580/613/577 588/620/584 589/621/585
f 580/613/577 589/621/585 581/614/578
f 581/614/578 589/621/585 590/622/586
f 581/614/578 590/622/586 582/615/579
f 582/615/579 590/622/586 591/623/587
f 582/615/579 591/623/587 583/616/580
f 583/616/580 591/623/587 592/624/588
f 583/616/580 592/624/588 584/617/581
f 586/618/582 578/611/575 577/610/574
f 586/618/582 577/610/574 587/619/583
f 588/620/584 593/625/589 594/626/590
f 588/620/584 594/626/590 589/621/585
f 589/621/585 594/626/590 595/627/591
f 589/621/585 595/627/591 590/622/586
f 590/622/586 595/627/591 596/628/592
f 590/622/586 596/628/592 591/623/587
f 564/600/564 576/609/573 579/612/576
f 564/600/564 579/612/576 580/613/577
f 593/625/589 597/629/593 598/630/594
f 593/625/589 598/630/594 594/626/590
f 594/626/590 598/630/594 599/631/595
f 594/626/590 599/631/595 595/627/591
f 595/627/591 599/631/595 600/632/596
f 595/627/591 600/632/596 596/628/592
f 197/206/195 200/209/198 601/633/597
f 197/206/195 601/633/597 602/634/598
f 597/629/593 603/635/599 604/636/600
f 597/629/593 604/636/600 598/630/594
f 598/630/594 604/636/600 605/637/601
f 598/630/594 605/637/601 599/631/595
f 200/209/198 206/215/204 606/638/602
f 200/209/198 606/638/602 601/633/597
f 207/216/205 197/206/195 602/634/598
f 207/216/205 602/634/598 607/639/603
f 179/188/177 207/216/205 607/639/603
f 179/188/177 607/639/603 586/618/582
f 608/640/604 609/641/605 471/490/471
f 608/640/604 471/490/471 528/558/523
f 610/642/606 537/573/537 540/576/540
f 610/642/606 540/576/540 611/643/607
f 611/643/607 540/576/540 542/578/542
f 611/643/607 542/578/542 612/644/608
f 612/644/608 542/578/542 544/580/544
f 612/644/608 544/580/544 613/645/609
f 613/645/609 544/580/544 546/582/546
f 613/645/609 546/582/546 614/646/610
f 614/646/610 546/582/546 548/584/548
f 614/646/610 548/584/548 615/647/611
f 616/648/612 549/585/549 552/588/552
f 616/648/612 552/588/552 617/649/613
f 617/649/613 552/588/552 554/590/554
f 617/649/613 554/590/554 618/650/614
f 586/618/582 607/639/603 619/651/615
f 586/618/582 619/651/615 578/611/575
f 601/633/597 606/638/602 620/652/616
f 601/633/597 620/652/616 621/653/617
f 622/654/618 623/655/619 576/609/573
f 622/654/618 576/609/573 564/600/564
f 602/634/598 601/633/597 621/653/617
f 602/634/598 621/653/617 624/656/620
f 607/639/603 602/634/598 624/656/620
f 607/639/603 624/656/620 619/651/615
f 623/655/619 625/657/621 577/610/574
f 623/655/619 577/610/574 576/609/573
f 626/658/622 622/654/618 564/600/564
f 626/658/622 564/600/564 563/599/563
f 627/659/623 628/660/624 468/487/468
f 627/659/623 468/487/468 469/488/469
f 629/661/625 627/659/623 469/488/469
f 629/661/625 469/488/469 464/483/464
f 628/660/624 630/662/626 520/553/518
f 628/660/624 520/553/518 468/487/468
f 631/663/627 632/664/628 538/574/538
f 631/663/627 538/574/538 537/573/537
f 633/665/629 634/666/630 446/465/446
f 633/665/629 446/465/446 445/464/445
f 635/667/631 636/668/632 494/518/494
f 635/667/631 494/518/494 488/511/488
f 637/669/633 638/670/634 513/542/513
f 637/669/633 513/542/513 534/564/528
f 639/671/635 635/667/631 488/511/488
f 639/671/635 488/511/488 482/503/482
f 638/670/634 242/672/241 98/543/98
f 638/670/634 98/543/98 513/542/513
f 534/564/528 506/532/506 640/673/636
f 534/564/528 640/673/636 637/669/633
f 641/674/637 639/671/635 482/503/482
f 641/674/637 482/503/482 476/495/476
f 642/675/638 643/676/639 434/453/434
f 642/675/638 434/453/434 433/452/433
f 644/677/640 640/673/636 506/532/506
f 644/677/640 506/532/506 500/525/500
f 643/676/639 641/674/637 476/495/476
f 643/676/639 476/495/476 434/453/434
f 636/668/632 644/677/640 500/525/500
f 636/668/632 500/525/500 494/518/494
f 645/678/641 646/679/642 641/674/637
f 645/678/641 641/674/637 643/676/639
f 647/680/643 648/681/644 640/673/636
f 647/680/643 640/673/636 644/677/640
f 649/682/645 645/678/641 643/676/639
f 649/682/645 643/676/639 642/675/638
f 650/683/646 647/680/643 644/677/640
f 650/683/646 644/677/640 636/668/632
f 651/684/647 650/683/646 636/668/632
f 651/684/647 636/668/632 635/667/631
f 652/685/648 651/684/647 635/667/631
f 652/685/648 635/667/631 639/671/635
f 653/686/649 654/687/650 638/670/634
f 653/686/649 638/670/634 637/669/633
f 646/679/642 652/685/648 639/671/635
f 646/679/642 639/671/635 641/674/637
f 637/669/633 640/673/636 648/681/644
f 637/669/633 648/681/644 653/686/649
f 654/687/650 258/688/257 242/672/241
f 654/687/650 242/672/241 638/670/634
f 655/689/651 656/690/652 650/683/646
f 655/689/651 650/683/646 651/684/647
f 656/690/652 657/691/653 647/680/643
f 656/690/652 647/680/643 650/683/646
f 657/691/653 658/692/654 648/681/644
f 657/691/653 648/681/644 647/680/643
f 659/693/655 660/694/656 645/678/641
f 659/693/655 645/678/641 649/682/645
f 653/686/649 648/681/644 658/692/654
f 653/686/649 658/692/654 661/695/657
f 660/694/656 662/696/658 646/679/642
f 660/694/656 646/679/642 645/678/641
f 661/695/657 663/697/659 654/687/650
f 661/695/657 654/687/650 653/686/649
f 662/696/658 664/698/660 652/685/648
f 662/696/658 652/685/648 646/679/642
f 664/698/660 655/689/651 651/684/647
f 664/698/660 651/684/647 652/685/648
f 665/699/661 632/664/628 609/641/605
f 665/699/661 609/641/605 608/640/604
f 666/700/662 667/701/663 628/660/624
f 666/700/662 628/660/624 627/659/623
f 668/702/664 666/700/662 627/659/623
f 668/702/664 627/659/623 629/661/625
f 667/701/663 669/703/665 630/662/626
f 667/701/663 630/662/626 628/660/624
f 445/464/445 471/490/471 609/641/605
f 445/464/445 609/641/605 633/665/629
f 631/663/627 670/704/666 634/666/630
f 631/663/627 634/666/630 633/665/629
f 555/591/555 538/574/538 632/664/628
f 555/591/555 632/664/628 665/699/661
f 642/675/638 634/666/630 670/704/666
f 642/675/638 670/704/666 649/682/645
f 537/573/537 610/642/606 670/704/666
f 537/573/537 670/704/666 631/663/627
f 622/654/618 626/658/622 669/703/665
f 622/654/618 669/703/665 667/701/663
f 633/665/629 609/641/605 632/664/628
f 633/665/629 632/664/628 631/663/627
f 625/657/621 623/655/619 666/700/662
f 625/657/621 666/700/662 668/702/664
f 623/655/619 622/654/618 667/701/663
f 623/655/619 667/701/663 666/700/662
f 649/682/645 670/704/666 610/642/606
f 649/682/645 610/642/606 659/693/655
f 642/675/638 433/452/433 446/465/446
f 642/675/638 446/465/446 634/666/630
f 463/482/463 105/115/105 277/287/276
f 463/482/463 277/287/276 671/705/667
f 671/705/667 277/287/276 279/289/278
f 671/705/667 279/289/278 672/706/668
f 673/707/669 281/291/280 180/189/178
f 673/707/669 180/189/178 587/619/583
f 619/651/615 624/656/620 674/708/670
f 619/651/615 674/708/670 675/709/671
f 624/656/620 621/653/617 676/710/672
f 624/656/620 676/710/672 674/708/670
f 621/653/617 620/652/616 677/711/673
f 621/653/617 677/711/673 676/710/672
f 578/611/575 619/651/615 675/709/671
f 578/611/575 675/709/671 579/612/576
f 629/661/625 464/483/464 463/482/463
f 629/661/625 463/482/463 671/705/667
f 672/706/668 668/702/664 629/661/625
f 672/706/668 629/661/625 671/705/667
f 668/702/664 672/706/668 673/707/669
f 668/702/664 673/707/669 625/657/621
f 625/657/621 673/707/669 587/619/583
f 625/657/621 587/619/583 577/610/574
f 579/612/576 675/709/671 588/620/584
f 579/612/576 588/620/584 580/613/577
f 676/710/672 677/711/673 603/635/599
f 676/710/672 603/635/599 597/629/593
f 674/708/670 676/710/672 597/629/593
f 674/708/670 597/629/593 593/625/589
f 675/709/671 674/708/670 593/625/589
f 675/709/671 593/625/589 588/620/584
f 678/712/674 287/713/286 260/714/259
f 678/712/674 260/714/259 663/697/659
f 679/715/675 680/716/676 662/696/658
f 679/715/675 662/696/658 660/694/656
f 661/695/657 658/692/654 681/717/677
f 661/695/657 681/717/677 682/718/678
f 680/716/676 683/719/679 664/698/660
f 680/716/676 664/698/660 662/696/658
f 682/718/678 678/712/674 663/697/659
f 682/718/678 663/697/659 661/695/657
f 683/719/679 684/720/680 655/689/651
f 683/719/679 655/689/651 664/698/660
f 684/720/680 685/721/681 656/690/652
f 684/720/680 656/690/652 655/689/651
f 685/721/681 686/722/682 657/691/653
f 685/721/681 657/691/653 656/690/652
f 686/722/682 681/717/677 658/692/654
f 686/722/682 658/692/654 657/691/653
f 687/723/683 679/715/675 660/694/656
f 687/723/683 660/694/656 659/693/655
f 688/724/684 689/725/685 685/721/681
f 688/724/684 685/721/681 684/720/680
f 689/725/685 690/726/686 686/722/682
f 689/725/685 686/722/682 685/721/681
f 690/726/686 691/727/687 681/717/677
f 690/726/686 681/717/677 686/722/682
f 692/728/688 693/729/689 679/715/675
f 692/728/688 679/715/675 687/723/683
f 694/730/690 304/731/303 287/713/286
f 694/730/690 287/713/286 678/712/674
f 693/729/689 695/732/691 680/716/676
f 693/729/689 680/716/676 679/715/675
f 682/718/678 681/717/677 691/727/687
f 682/718/678 691/727/687 696/733/692
f 695/732/691 697/734/693 683/719/679
f 695/732/691 683/719/679 680/716/676
f 696/733/692 694/730/690 678/712/674
f 696/733/692 678/712/674 682/718/678
f 697/734/693 688/724/684 684/720/680
f 697/734/693 684/720/680 683/719/679
f 698/735/694 699/736/695 700/737/696
f 698/735/694 700/737/696 701/738/697
f 701/738/697 700/737/696 702/739/698
f 701/738/697 702/739/698 703/740/699
f 704/741/700 705/742/701 706/743/702
f 704/741/700 706/743/702 707/744/703
f 708/745/704 698/735/694 701/738/697
f 708/745/704 701/738/697 709/746/705
f 709/746/705 701/738/697 703/740/699
f 709/746/705 703/740/699 710/747/706
f 711/748/707 704/741/700 707/744/703
f 711/748/707 707/744/703 712/749/708
f 713/750/709 708/745/704 709/746/705
f 713/750/709 709/746/705 714/751/710
f 714/751/710 709/746/705 710/747/706
f 714/751/710 710/747/706 715/752/711
f 716/753/712 711/748/707 712/749/708
f 716/753/712 712/749/708 717/754/713
f 718/755/714 713/750/709 714/751/710
f 718/755/714 714/751/710 719/756/715
f 719/756/715 714/751/710 715/752/711
f 719/756/715 715/752/711 720/757/716
f 721/758/717 716/753/712 717/754/713
f 722/759/718 718/755/714 719/756/715
f 722/759/718 719/756/715 723/760/719
f 723/760/719 719/756/715 720/757/716
f 723/760/719 720/757/716 724/761/720
f 337/762/334 722/759/718 723/760/719
f 337/762/334 723/760/719 338/763/335
f 338/763/335 723/760/719 724/761/720
f 338/763/335 724/761/720 339/764/336
f 340/765/337 725/766/721 726/767/722
f 340/765/337 726/767/722 341/768/338
f 699/736/695 698/735/694 689/725/685
f 699/736/695 689/725/685 688/724/684
f 698/735/694 708/745/704 690/726/686
f 698/735/694 690/726/686 689/725/685
f 708/745/704 713/750/709 691/727/687
f 708/745/704 691/727/687 690/726/686
f 696/733/692 691/727/687 713/750/709
f 696/733/692 713/750/709 718/755/714
f 718/755/714 722/759/718 694/730/690
f 718/755/714 694/730/690 696/733/692
f 722/759/718 337/762/334 304/731/303
f 722/759/718 304/731/303 694/730/690
f 612/644/608 692/728/688 687/723/683
f 612/644/608 687/723/683 611/643/607
f 611/643/607 687/723/683 659/693/655
f 611/643/607 659/693/655 610/642/606
f 727/769/723 728/770/724 693/729/689
f 727/769/723 693/729/689 692/728/688
f 728/770/724 729/771/725 695/732/691
f 728/770/724 695/732/691 693/729/689
f 729/771/725 730/772/726 697/734/693
f 729/771/725 697/734/693 695/732/691
f 733/773/727 734/774/728 728/770/724
f 733/773/727 728/770/724 727/769/723
f 734/774/728 735/775/729 729/771/725
f 734/774/728 729/771/725 728/770/724
f 735/775/729 736/776/730 730/772/726
f 735/775/729 730/772/726 729/771/725
f 737/777/731 731/778/732 732/779/733
f 737/777/731 732/779/733 738/780/734
f 741/781/735 742/782/736 734/774/728
f 741/781/735 734/774/728 733/773/727
f 742/782/736 743/783/737 735/775/729
f 742/782/736 735/775/729 734/774/728
f 743/783/737 744/784/738 736/776/730
f 743/783/737 736/776/730 735/775/729
f 744/784/738 745/785/739 746/786/740
f 744/784/738 746/786/740 736/776/730
f 745/785/739 747/787/741 748/788/742
f 745/785/739 748/788/742 746/786/740
f 749/789/743 750/790/744 742/782/736
f 749/789/743 742/782/736 741/781/735
f 750/790/744 751/791/745 743/783/737
f 750/790/744 743/783/737 742/782/736
f 751/791/745 752/792/746 744/784/738
f 751/791/745 744/784/738 743/783/737
f 752/792/746 753/793/747 745/785/739
f 752/792/746 745/785/739 744/784/738
f 753/793/747 737/777/731 747/787/741
f 753/793/747 747/787/741 745/785/739
f 754/794/748 731/778/732 755/795/749
f 756/796/750 757/797/751 758/798/752
f 756/796/750 758/798/752 759/799/753
f 757/797/751 760/800/754 761/801/755
f 757/797/751 761/801/755 758/798/752
f 760/800/754 762/802/756 763/803/757
f 760/800/754 763/803/757 761/801/755
f 762/802/756 754/794/748 755/795/749
f 762/802/756 755/795/749 763/803/757
f 747/787/741 737/777/731 738/780/734
f 747/787/741 738/780/734 764/804/758
f 759/799/753 758/798/752 750/790/744
f 759/799/753 750/790/744 749/789/743
f 758/798/752 761/801/755 751/791/745
f 758/798/752 751/791/745 750/790/744
f 761/801/755 763/803/757 752/792/746
f 761/801/755 752/792/746 751/791/745
f 763/803/757 755/795/749 753/793/747
f 763/803/757 753/793/747 752/792/746
f 755/795/749 731/778/732 737/777/731
f 755/795/749 737/777/731 753/793/747
f 571/607/571 584/617/581 585/805/759
f 571/607/571 585/805/759 574/806/760
f 548/584/548 547/583/547 550/586/550
f 548/584/548 550/586/550 549/585/549
f 615/647/611 548/584/548 549/585/549
f 615/647/611 549/585/549 616/648/612
f 547/583/547 560/596/560 561/597/561
f 547/583/547 561/597/561 550/586/550
f 572/608/572 571/607/571 574/806/760
f 572/608/572 574/806/760 573/807/761
f 613/645/609 727/769/723 692/728/688
f 613/645/609 692/728/688 612/644/608
f 614/646/610 733/773/727 727/769/723
f 614/646/610 727/769/723 613/645/609
f 733/773/727 614/646/610 615/647/611
f 733/773/727 615/647/611 741/781/735
f 616/648/612 749/789/743 741/781/735
f 616/648/612 741/781/735 615/647/611
f 749/789/743 616/648/612 617/649/613
f 749/789/743 617/649/613 759/799/753
f 759/799/753 617/649/613 618/650/614
f 759/799/753 618/650/614 756/796/750
f 766/808/762 748/788/742 747/787/741
f 766/808/762 747/787/741 764/804/758
f 767/809/763 770/810/764 771/811/765
f 767/809/763 771/811/765 772/812/766
f 767/809/763 772/812/766 768/813/767
f 768/813/767 772/812/766 773/814/768
f 768/813/767 773/814/768 769/815/769
f 769/815/769 773/814/768 774/816/770
f 770/810/764 605/637/601 604/636/600
f 770/810/764 604/636/600 771/811/765
f 771/811/765 604/636/600 603/635/599
f 771/811/765 603/635/599 772/812/766
f 677/711/673 773/814/768 772/812/766
f 677/711/673 772/812/766 603/635/599
f 620/652/616 774/816/770 773/814/768
f 620/652/616 773/814/768 677/711/673
f 206/215/204 395/402/391 775/817/771
f 206/215/204 775/817/771 606/638/602
f 606/638/602 775/817/771 774/816/770
f 606/638/602 774/816/770 620/652/616
f 776/818/772 608/640/604 528/558/523
f 776/818/772 528/558/523 777/819/773
f 777/819/773 528/558/523 527/557/522
f 777/819/773 527/557/522 778/820/774
f 778/820/774 527/557/522 526/556/521
f 778/820/774 526/556/521 779/821/775
f 779/821/775 526/556/521 525/555/520
f 779/821/775 525/555/520 780/822/776
f 780/822/776 525/555/520 535/566/530
f 780/822/776 535/566/530 781/823/777
f 781/823/777 535/566/530 523/569/533
f 781/823/777 523/569/533 782/824/778
f 783/825/779 665/699/661 608/640/604
f 783/825/779 608/640/604 776/818/772
f 783/825/779 669/703/665 626/658/622
f 783/825/779 626/658/622 784/826/780
f 785/827/781 556/592/556 555/591/555
f 785/827/781 555/591/555 784/826/780
f 786/828/782 557/593/557 556/592/556
f 786/828/782 556/592/556 785/827/781
f 787/829/783 558/594/558 557/593/557
f 787/829/783 557/593/557 786/828/782
f 788/830/784 559/595/559 558/594/558
f 788/830/784 558/594/558 787/829/783
f 788/830/784 570/606/570 572/608/572
f 788/830/784 572/608/572 789/831/785
f 790/832/786 561/597/561 560/596/560
f 790/832/786 560/596/560 789/831/785
f 790/832/786 573/807/761 575/833/787
f 790/832/786 575/833/787 791/834/788
f 630/662/626 776/818/772 777/819/773
f 630/662/626 777/819/773 520/553/518
f 520/553/518 777/819/773 778/820/774
f 520/553/518 778/820/774 519/552/517
f 519/552/517 778/820/774 779/821/775
f 519/552/517 779/821/775 521/554/519
f 521/554/519 779/821/775 780/822/776
f 521/554/519 780/822/776 465/484/465
f 465/484/465 780/822/776 781/823/777
f 465/484/465 781/823/777 466/485/466
f 466/485/466 781/823/777 782/824/778
f 466/485/466 782/824/778 517/571/535
f 669/703/665 783/825/779 776/818/772
f 669/703/665 776/818/772 630/662/626
f 665/699/661 783/825/779 784/826/780
f 665/699/661 784/826/780 555/591/555
f 563/599/563 785/827/781 784/826/780
f 563/599/563 784/826/780 626/658/622
f 566/602/566 786/828/782 785/827/781
f 566/602/566 785/827/781 563/599/563
f 568/604/568 787/829/783 786/828/782
f 568/604/568 786/828/782 566/602/566
f 570/606/570 788/830/784 787/829/783
f 570/606/570 787/829/783 568/604/568
f 559/595/559 788/830/784 789/831/785
f 559/595/559 789/831/785 560/596/560
f 573/807/761 790/832/786 789/831/785
f 573/807/761 789/831/785 572/608/572
f 561/597/561 790/832/786 791/834/788
f 561/597/561 791/834/788 562/598/562
f 703/740/699 702/739/698 792/835/789
f 703/740/699 792/835/789 793/836/790
f 710/747/706 703/740/699 793/836/790
f 710/747/706 793/836/790 794/837/791
f 715/752/711 710/747/706 794/837/791
f 715/752/711 794/837/791 795/838/792
f 720/757/716 715/752/711 795/838/792
f 720/757/716 795/838/792 796/839/793
f 724/761/720 720/757/716 796/839/793
f 724/761/720 796/839/793 797/840/794
f 339/764/336 724/761/720 797/840/794
f 339/764/336 797/840/794 418/841/414
f 764/804/758 738/780/734 798/842/795
f 764/804/758 798/842/795 799/843/796
f 738/780/734 732/779/733 800/844/797
f 738/780/734 800/844/797 798/842/795
f 766/808/762 764/804/758 799/843/796
f 766/808/762 799/843/796 801/845/798
f 793/836/790 792/835/789 705/846/701
f 793/836/790 705/846/701 704/847/700
f 794/837/791 793/836/790 704/847/700
f 794/837/791 704/847/700 711/848/707
f 795/838/792 794/837/791 711/848/707
f 795/838/792 711/848/707 716/849/712
f 796/839/793 795/838/792 716/849/712
f 796/839/793 716/849/712 721/850/717
f 797/840/794 796/839/793 721/850/717
f 797/840/794 721/850/717 725/851/721
f 418/841/414 797/840/794 725/851/721
f 418/841/414 725/851/721 340/852/337
f 799/843/796 798/842/795 740/853/799
f 799/843/796 740/853/799 739/854/800
f 801/845/798 799/843/796 739/854/800
f 801/845/798 739/854/800 765/855/801
f 697/734/693 730/772/726 699/736/695
f 697/734/693 699/736/695 688/724/684
f 730/772/726 736/776/730 746/786/740
f 730/772/726 746/786/740 699/736/695
f 699/736/695 746/786/740 748/788/742
f 699/736/695 748/788/742 700/737/696
f 700/737/696 748/788/742 766/808/762
f 700/737/696 766/808/762 702/739/698
f 801/845/798 792/835/789 702/739/698
f 801/845/798 702/739/698 766/808/762
f 765/855/801 705/846/701 792/835/789
f 765/855/801 792/835/789 801/845/798
f 672/706/668 279/289/278 281/291/280
f 672/706/668 281/291/280 673/707/669
f 663/697/659 260/714/259 258/688/257
f 663/697/659 258/688/257 654/687/650
