# Blender 5.0.0
# www.blender.org
mtllib fixed_head.mtl
o headMesh
v -0.682576 -0.427869 -0.162896
v -0.683814 -0.429131 -0.165581
v -0.680774 -0.435449 -0.166215
v 0.684247 -0.430258 -0.165245
v 0.680145 -0.435349 -0.166389
v 0.684037 -0.429139 -0.162777
v 0.681924 -0.431890 -0.167486
v -0.681500 -0.431847 -0.167677
v -0.678460 -0.434241 -0.162858
v -0.681618 -0.433548 -0.168422
v 0.679657 -0.433981 -0.168390
v -0.901155 -0.522587 -0.305182
v 0.122101 -0.058047 0.932808
v -0.638554 -0.154381 0.656921
v 0.589935 -0.171080 0.683206
v 0.492513 -0.148166 0.747588
v 0.638551 -0.154381 0.656921
v 0.505137 -0.224232 0.732721
v 0.588388 -0.163158 0.634619
v -0.584762 -0.163225 0.636857
v -0.474970 -0.102799 0.760408
v 0.331682 -0.157046 0.403055
v -0.837914 -0.603875 -0.213072
v -0.843442 0.114219 -0.490909
v -0.595160 -0.493202 0.653995
v -0.628168 -0.596089 -0.037581
v 0.791247 -0.365546 -0.120898
v -0.873218 -0.107130 -0.285523
v 0.262563 -0.930492 0.775025
v -0.420562 -0.050850 0.768977
v 0.037756 -0.024040 0.974828
v -0.811319 -0.213256 -0.153263
v 0.662504 0.789761 0.094166
v 0.168882 -1.248554 0.353375
v -0.164179 -0.100624 0.562433
v -0.178049 -1.241526 0.713831
v -0.491831 -0.912207 0.569369
v 0.254667 -0.305904 0.529817
v 0.158925 -0.174251 0.561891
v 0.471517 -0.073692 0.817605
v -0.128760 -1.273149 0.265125
v 0.850691 -0.144632 -0.258039
v -0.448217 -0.058149 0.452211
v -0.948165 -0.163548 -0.317811
v 0.309627 -1.069510 0.660767
v 0.490893 -0.289601 0.625153
v 0.268975 -0.328155 0.627924
v -0.534026 0.033259 0.814374
v -0.483955 -0.288208 0.719239
v 0.552294 -0.770619 -0.048255
v -0.379550 0.881335 0.479201
v -0.107105 -0.657307 0.900743
v 0.501708 -0.220969 0.719526
v -0.494870 -0.244507 0.744797
v 0.701850 -0.650845 -0.046135
v 0.460785 -0.081620 0.813315
v 0.429776 0.033519 0.626721
v -0.514732 -0.080324 0.512011
v 0.203927 -0.075768 0.716723
v 0.112229 -0.197860 -1.104342
v -0.767667 -0.184461 -0.130307
v -0.653285 -0.524449 -0.131082
v 0.561298 -0.168947 0.649789
v 0.362963 -0.089425 0.840217
v -0.277477 -0.322930 0.544953
v 0.234162 -0.192153 0.781953
v 0.816615 0.538603 -0.130125
v 0.047483 -0.795989 0.992988
v 0.565492 0.925101 -0.038022
v 0.561205 -0.135673 0.710669
v -0.474066 -0.157066 0.444211
v -0.204054 -0.280202 0.615615
v 0.451962 -0.114530 0.784120
v 0.529599 -0.119773 0.776828
v -0.532624 -0.101955 0.755898
v 0.578683 -0.122638 0.730622
v -0.265796 -0.027394 0.916985
v 0.916555 -0.242085 -0.369841
v -0.578709 -0.122648 0.730604
v 0.049760 -0.575573 1.116112
v 0.521016 0.062362 0.807603
v 0.387825 -0.054493 0.429934
v 0.406850 -1.057347 0.120370
v -0.530715 -0.119930 0.777351
v -0.561302 -0.168947 0.649789
v 0.405886 -0.114821 0.805896
v -0.561208 -0.135673 0.710669
v 0.275665 -0.308015 0.696116
v 0.293947 -0.188966 0.786541
v -0.312693 -0.158728 0.809668
v -0.524878 -0.132309 0.715677
v -0.414634 -0.094008 0.814931
v -0.249041 -0.156893 0.798393
v 0.645867 -0.573656 0.008528
v -0.770888 -0.300003 -0.100799
v -0.100235 -0.622337 0.988960
v -0.195303 -0.053238 0.919415
v 0.345288 -0.121762 0.807105
v 0.306569 -0.104916 0.825745
v 0.500028 -0.124025 0.753004
v -0.388400 -0.120543 0.858068
v -0.341246 -0.098983 0.814159
v 0.875051 -0.122752 -0.203563
v 0.391706 0.023164 0.891993
v -0.361884 -0.179258 0.403840
v 0.348729 0.044202 0.557831
v 0.196888 1.082556 -0.479163
v -0.321885 -0.117740 0.877636
v 0.357810 -0.128845 0.824542
v -0.491079 -0.135384 0.746288
v 0.412362 -0.263472 0.761266
v 0.313120 -0.135398 0.810108
v -0.565432 -0.144364 0.659984
v 0.400483 0.776783 -0.818468
v 0.208423 -0.248845 0.760273
v -0.310649 0.897251 0.516506
v 0.565428 -0.144364 0.659985
v -0.530327 -0.804935 0.603078
v 0.666218 -0.623934 0.402293
v 0.360276 -0.107222 0.881287
v 0.453737 -0.313639 0.559399
v 0.065841 -0.264111 0.910003
v -0.434513 -0.029671 0.465693
v -0.306137 -0.048047 0.435894
v -0.613526 0.055721 0.726112
v -0.984264 -0.305384 -0.417925
v 0.245549 -0.207393 -1.069922
v 0.164646 -0.141820 0.669539
v -0.004181 -1.074810 0.821031
v -0.203056 -0.256224 0.680478
v 0.414259 0.060183 0.900029
v 0.530273 -0.100932 0.758750
v -0.165224 -0.371588 -1.011938
v 0.514546 0.048460 0.835788
v 0.770801 0.130813 -0.696395
v 0.513101 -0.036491 0.638205
v 0.934116 -0.273145 -0.430030
v -0.464574 -0.019402 0.500637
v -0.235779 0.147634 -1.123170
v 0.199950 -0.933558 0.817273
v -0.019883 -0.162870 0.936105
v 0.429474 -1.084095 0.329527
v -0.122199 -0.055864 0.932606
v 0.549512 0.762112 0.424011
v 0.012104 -0.521802 -0.921456
v -0.939248 -0.125579 -0.341933
v -0.480342 -0.021362 0.692446
v 0.286455 -0.125028 0.804319
v 0.419227 -0.074236 0.429249
v -0.798994 -0.151259 -0.284582
v -0.623897 -0.113852 0.734874
v -0.581522 -0.136232 0.723169
v 0.536842 -0.222821 0.595900
v -0.564201 -0.157691 0.736093
v -0.307523 -0.112256 0.865726
v 0.623893 -0.113853 0.734874
v 0.575104 -0.149032 0.723527
v 0.564200 -0.157690 0.736092
v 0.288002 -0.302989 0.495222
v 0.408031 0.360476 -1.024930
v -0.589940 -0.171080 0.683204
v 0.440028 -0.850789 -0.496420
v 0.491076 -0.135383 0.746287
v -0.698398 -0.376906 -0.049414
v 0.626697 -0.290542 -0.764336
v 0.229527 -0.920756 0.790228
v 0.383421 -0.107259 0.803045
v 0.415294 -0.093825 0.815126
v -0.363210 -0.089406 0.840176
v -0.596242 0.793535 -0.574939
v 0.748507 -0.534878 -0.081569
v 0.260335 -0.157918 0.836523
v 0.721712 0.608773 0.214753
v -0.132572 -0.071848 0.958150
v -0.275270 -0.161872 0.417674
v 0.466945 -1.031028 -0.080428
v 0.524877 -0.132310 0.715675
v -0.827577 -0.184527 -0.171107
v -0.345291 -0.121786 0.807107
v 0.284847 -0.132662 0.799456
v 0.788977 -0.208553 -0.110452
v -0.545897 -0.183668 0.696592
v -0.262411 -1.112244 0.689595
v 0.318313 -0.573882 0.837056
v -0.538698 -0.162247 0.663057
v 0.539366 -0.147694 0.672378
v -0.539369 -0.147694 0.672378
v 0.538695 -0.162248 0.663057
v -0.541805 0.066761 0.781079
v -0.488552 -0.191523 0.463924
v 0.059998 -1.214506 0.815397
v 0.230222 -0.205337 0.789366
v 0.158208 -0.177365 0.572148
v -0.820732 -0.349185 -0.240869
v 0.030750 0.708510 0.809285
v -0.629332 -0.809007 0.148170
v -0.782379 -0.207084 -0.173564
v -0.080410 -0.649124 0.928355
v 0.353546 -0.270639 0.445477
v 0.403738 -0.268933 0.450447
v -0.120029 -0.073855 0.944045
v -0.307673 -0.239547 0.771908
v 0.606221 0.721542 0.370549
v -0.260398 -0.157861 0.836590
v -0.215308 -0.126233 0.749341
v -0.513478 -0.936617 -0.267746
v -0.302762 1.027966 0.239688
v -0.365120 -0.057170 0.425648
v 0.049651 -0.183957 0.921094
v -0.243736 -0.247481 0.467437
v -0.010205 -0.633893 1.096047
v 0.321915 -0.117733 0.877651
v 0.550808 -0.135272 0.781277
v -0.549065 -0.135858 0.782514
v -0.188552 -0.086020 0.700457
v -0.555013 0.914629 0.068189
v -0.962346 -0.252023 -0.428413
v 0.588217 -0.685242 -0.233977
v -0.357716 -0.128841 0.824549
v -0.335164 -0.101620 0.870672
v -0.319933 -0.137314 0.832372
v -0.284832 -0.132697 0.799450
v 0.644334 0.686738 -0.629654
v -0.084098 -1.310900 0.672523
v -0.575107 -0.149032 0.723528
v 0.582104 -0.174504 0.635977
v -0.435743 -0.130962 0.797591
v -0.928850 -0.157679 -0.383672
v 0.581519 -0.136232 0.723169
v 0.230733 -0.141098 0.442820
v -0.740560 -0.510512 -0.106203
v 0.656806 0.532808 -0.736278
v 0.544791 -0.186914 0.698735
v 0.164467 -0.014394 0.964291
v 0.680955 -0.497584 -0.111822
v -0.485541 -0.177169 0.754566
v -0.348527 -0.096255 0.408392
v -0.231276 -0.025767 0.706214
v 0.123090 -1.271662 0.738097
v -0.290516 0.025342 0.681453
v 0.563151 -0.181186 0.648092
v 0.293320 -0.908907 0.775165
v 0.404973 -0.099819 0.868341
v 0.436902 -0.122375 0.790700
v -0.166026 -0.199272 0.557505
v 0.396522 -0.206682 0.800736
v -0.459565 -0.275971 0.717367
v 0.276380 1.045475 0.214136
v -0.203582 -0.235635 0.704643
v 0.981349 -0.228376 -0.370140
v -0.804166 -0.192355 -0.298221
v 0.766746 -0.386898 -0.184458
v -0.497967 -0.017059 0.577315
v -0.436922 -0.122388 0.790695
v 0.166239 -0.217963 0.607677
v -0.784792 -0.176221 -0.055470
v -0.451964 -0.114526 0.784123
v -0.247947 -0.278821 0.715143
v -0.572077 -0.802111 0.512547
v -0.498748 -0.227640 0.718083
v -0.544813 -0.121965 0.559108
v -0.500948 -0.076705 0.720022
v 0.651092 0.717827 0.271377
v -0.380166 -0.072803 0.846560
v -0.399051 -0.673024 0.806691
v -0.538892 -0.214372 0.704658
v 0.425601 -0.286902 0.730295
v -0.377459 -0.278248 0.454028
v -0.025642 -0.206395 0.929904
v -0.768412 0.587202 0.068372
v -0.982201 -0.359367 -0.401901
v -0.237665 -0.229548 0.460936
v -0.779651 0.647915 -0.293630
v 0.602020 0.051863 0.725069
v 0.872344 -0.149567 -0.230121
v -0.594729 0.054524 0.742484
v 0.486469 -0.109262 0.837571
v -0.234167 -0.192145 0.781954
v 0.630325 -0.123605 0.603972
v 0.557268 -0.158168 0.649455
v 0.490487 0.857372 0.370078
v 0.523663 -0.198073 0.720146
v -0.557271 -0.158168 0.649455
v -0.286377 -0.133545 0.861323
v -0.358321 -0.124810 0.812278
v -0.326225 0.035871 0.533267
v 0.238395 -0.083908 0.451642
v 0.309473 0.145306 0.920390
v -0.514387 -0.209822 0.725081
v 0.292641 -0.335761 0.576424
v 0.391711 -0.322166 0.693398
v -0.458654 0.899216 -0.613442
v 0.454418 -1.039121 0.458372
v 0.042727 -0.236746 0.926106
v 0.007939 -0.594210 1.124130
v 0.800078 0.493569 0.032030
v -0.249526 -0.055677 0.457882
v 0.487332 0.223431 -0.996747
v 0.399411 -0.105619 0.412240
v 0.831980 -0.179960 -0.175822
v -0.391406 -0.392057 0.764198
v -0.499754 -0.109874 0.824063
v 0.675475 -0.209243 0.517946
v 0.045707 -0.638696 1.033192
v -0.459345 -1.002211 0.107774
v 0.641683 -0.485728 0.582240
v 0.037513 0.494420 0.917528
v 0.660909 -0.650791 -0.030215
v -0.779526 -0.420528 -0.215190
v -0.760047 -0.427206 -0.201392
v 0.523972 0.052316 0.832045
v -0.748672 -0.377995 -0.165380
v -0.383453 -0.107311 0.803033
v 0.505523 -0.236195 0.736932
v -0.181074 -0.047775 0.612384
v -0.306920 0.017817 0.502592
v 0.768093 -0.289525 -0.177250
v 0.172448 0.996763 0.429513
v 0.206391 -0.259379 0.776548
v 0.335031 0.859872 0.554593
v -0.783013 -0.271139 -0.294641
v -0.578699 -0.161510 0.711766
v -0.492517 -0.148166 0.747588
v 0.578695 -0.161510 0.711765
v -0.460187 -0.032405 0.729308
v -0.071351 1.063028 0.318031
v 0.318784 -0.324515 0.516030
v 0.289176 1.099065 -0.201799
v -0.664127 0.575651 -0.695365
v 0.082408 -0.656422 0.923376
v -0.757431 -0.454226 -0.300841
v -0.249397 -0.234517 0.748458
v -0.256437 -0.265764 0.474372
v 0.637918 -0.146462 0.658950
v -0.637923 -0.146463 0.658950
v -0.258584 -0.147433 0.821961
v 0.585070 0.065670 0.714328
v 0.511468 -0.044987 0.542952
v 0.482711 -0.006480 0.656997
v 0.179082 -0.113398 0.511673
v 0.491260 -0.142657 0.752935
v -0.260267 0.018233 0.548119
v 0.320000 -0.137376 0.832307
v -0.560355 -0.176183 0.659592
v 0.435717 -0.130954 0.797601
v 0.560350 -0.176183 0.659591
v -0.478655 -1.035361 0.264235
v 0.321873 -0.104201 0.869972
v 0.289998 -0.144155 0.792694
v 0.211050 -0.251148 0.507467
v -0.764354 -0.450371 -0.202972
v -0.920491 -0.201238 -0.357886
v -0.648641 -0.060806 -0.842745
v -0.025198 -0.555584 1.129090
v 0.249044 -0.156902 0.798365
v 0.250721 1.036447 -0.559919
v 0.425104 -0.161371 0.417124
v -0.829372 0.512202 -0.303852
v -0.540798 -0.170620 0.687241
v 0.043807 -0.667276 0.962795
v -0.264952 -0.116496 0.425248
v -0.360092 -0.107267 0.881290
v -0.521614 -0.058980 0.551475
v -0.313113 -0.135391 0.810105
v -0.979440 -0.362603 -0.379946
v -0.498373 -0.748084 0.696076
v 0.375565 -0.223662 0.796911
v -0.432943 -0.291471 0.721490
v 0.988068 -0.309881 -0.410753
v 0.293658 0.330115 0.903258
v 0.272320 -0.961412 0.757378
v -0.754072 -0.387618 -0.140132
v -0.622457 0.061404 0.707484
v 0.451440 -0.222726 0.445517
v 0.799458 -0.152019 -0.146939
v 0.072378 -0.144242 0.922799
v -0.019575 -0.328929 0.976403
v -0.515138 0.665179 0.584658
v 0.393695 1.053533 -0.215535
v -0.531720 0.054042 0.825995
v 0.540416 -0.171158 0.685861
v 0.363338 -0.031193 0.440398
v 0.747446 0.523917 -0.596689
v 0.482084 -0.291215 0.555881
v 0.191216 -0.154001 0.722070
v -0.643674 -0.637469 -0.062862
v 0.002237 -0.657668 1.064132
v -0.515518 -0.594217 -0.583108
v -0.288753 -0.322983 0.678044
v 0.580284 0.808200 -0.578361
v 0.344302 0.993302 0.282636
v -0.525884 -0.101285 0.517887
v -0.444878 -0.094274 0.822464
v -0.490204 -0.269291 0.526516
v -0.843119 -0.603884 -0.272020
v 0.343164 0.024374 0.504414
v 0.370743 0.014376 0.721662
v -0.454947 0.019625 0.638715
v -0.659540 0.835424 -0.282041
v 0.358722 -0.786592 -0.608797
v 0.210114 -0.237864 0.496548
v 0.224692 -0.000243 0.569322
v 0.595629 -0.058256 -0.898659
v -0.024877 -1.326424 0.632455
v -0.568002 0.054952 0.785434
v 0.007134 -1.203942 0.826168
v 0.888454 -0.102397 -0.283117
v 0.549412 -0.169677 0.625268
v -0.950026 -0.190078 -0.406313
v 0.286806 -0.149805 0.803986
v 0.126062 -0.066166 0.923499
v 0.617908 -0.149804 0.651910
v 0.234251 -0.002727 0.943413
v -0.152017 -0.013541 0.943183
v -0.617912 -0.149805 0.651910
v -0.925854 -0.401222 -0.294449
v 0.643555 -0.150569 0.663082
v -0.246206 0.015378 0.643309
v -0.096530 -1.273285 0.758595
v -0.643559 -0.150569 0.663082
v 0.572291 -0.162859 0.647879
v -0.294883 -0.175898 -1.061847
v -0.387545 -0.160933 0.812390
v -0.130292 -0.971914 0.882097
v 0.861522 0.255291 -0.289633
v 0.404718 -0.297704 0.729673
v 0.490304 -0.105660 0.820559
v 0.723019 0.745626 -0.313414
v -0.545101 -0.148295 0.660749
v -0.217552 -0.014148 0.664785
v -0.440354 -0.756571 0.754026
v 0.024268 -0.554604 1.128248
v 0.108727 -1.211588 0.798862
v 0.195054 -0.524368 0.856612
v -0.269523 -0.837386 0.833086
v 0.450645 -0.019516 -1.015506
v -0.485109 0.943581 0.164745
v -0.779782 -0.356256 -0.131094
v 0.633016 0.055772 0.681760
v 0.580707 -0.869113 0.087829
v 0.559459 -0.285904 0.657392
v -0.307948 -0.721696 -0.674246
v -0.629990 -0.191089 -0.819768
v 0.366799 -0.163060 0.815318
v 0.342334 -0.194395 0.810800
v 0.157031 -0.082766 0.933233
v 0.195571 -0.045633 0.914284
v 0.110694 -0.188017 0.849980
v 0.104396 0.601698 0.864372
v -0.242246 0.703794 -0.958570
v -0.506962 -0.236822 0.737867
v 0.061101 -0.734842 0.962410
v 0.352374 -0.225959 0.417158
v -0.429567 -0.109927 0.869181
v -0.532741 -0.145531 0.519449
v -0.530213 -0.170035 0.688990
v 0.530211 -0.170035 0.688988
v -0.153350 0.577366 -1.048504
v -0.516396 -0.208289 0.732958
v -0.335924 -0.343036 0.565535
v 0.429534 -0.109877 0.869192
v 0.472594 -0.029639 0.713510
v -0.580595 -0.176107 0.637678
v 0.286460 -0.133483 0.861394
v -0.274014 -0.124879 0.819967
v 0.274021 -0.124858 0.819938
v -0.301749 -0.234600 0.782135
v 0.344853 -0.867747 0.773464
v -0.286479 -0.125048 0.804320
v 0.211150 -0.889684 0.827162
v -0.205501 -0.862192 0.874512
v 0.595991 -0.147101 0.692130
v -0.595995 -0.147101 0.692131
v 0.406478 0.963402 -0.563241
v 0.519823 -0.928026 -0.210078
v 0.678986 -0.475463 -0.175973
v -0.048018 -0.438792 1.032346
v 0.256159 -0.874362 0.811654
v -0.594948 0.051579 0.717402
v 0.400834 -0.027019 0.452675
v -0.747370 -0.385451 -0.275954
v -0.043627 1.107755 -0.465364
v -0.452689 -0.249331 0.777621
v -0.286827 -0.149789 0.803988
v 0.722371 -0.465094 -0.185833
v 0.806690 -0.170045 -0.208196
v -0.344723 0.049794 0.616176
v -0.513859 -0.146196 0.726174
v -0.049275 -0.169208 0.924067
v 0.287128 0.578444 0.826658
v 0.274717 0.813887 -0.862100
v -0.641565 -0.156922 0.662404
v 0.300657 -0.015293 0.935278
v 0.641561 -0.156921 0.662404
v -0.841785 0.150348 -0.094931
v -0.306562 -0.104950 0.825782
v -0.775712 -0.341021 -0.138107
v -0.260914 -0.190546 0.428222
v -0.174370 -0.746373 0.895316
v 0.816263 -0.122732 -0.191099
v 0.483677 -0.242796 0.756853
v -0.429928 0.042523 0.891306
v 0.461004 -0.105037 0.439445
v 0.174893 -0.067095 0.562724
v -0.166294 -0.108781 0.661116
v -0.389696 -0.339279 0.561822
v 0.813415 -0.120604 -0.425617
v 0.222092 -0.961326 0.792745
v -0.789402 -0.209406 -0.429142
v -0.539665 0.949361 -0.297791
v -0.763904 0.239058 -0.703771
v 0.416717 -0.009451 0.735366
v 0.083282 -0.404598 0.954024
v 0.507403 -0.210610 0.707314
v -0.038629 -0.049021 0.969989
v -0.455381 0.880823 0.381282
v -0.531076 -0.149229 0.779247
v 0.531055 -0.149232 0.779250
v -0.456038 0.016072 0.565093
v 0.778949 0.410257 -0.614731
v 0.454481 1.010728 -0.039061
v -0.227047 -0.294052 0.553319
v -0.258446 -0.966610 0.764782
v -0.251732 0.854157 -0.833648
v 0.272647 0.441298 -1.065523
v -0.151413 -0.951786 0.873190
v -0.685854 0.776642 -0.390971
v -0.213580 -0.217486 0.785739
v -0.099336 -0.520764 1.036298
v -0.331532 -1.160352 0.091472
v -0.434384 -0.109757 0.423270
v -0.061423 -0.557316 1.107561
v 0.674480 -0.448406 -0.154188
v 0.587198 0.054553 0.712792
v 0.226396 -0.895235 0.783230
v -0.526257 0.289764 -0.958342
v -0.522885 -0.982588 0.204968
v 0.244306 -0.164562 0.813811
v -0.309869 -0.012307 0.931115
v 0.173925 -0.226410 0.565508
v -0.320813 -0.130695 0.405274
v -0.432767 -0.249076 0.450516
v 0.672922 0.431210 0.449905
v -0.226015 -0.216887 0.743493
v -0.353748 -0.347141 0.611704
v -0.797764 0.604409 -0.148545
v 0.085837 -0.518197 1.059738
v -0.266405 -0.167591 0.825143
v -0.468025 0.075231 0.871863
v -0.244274 -0.164608 0.813804
v -0.303279 -1.136156 0.607886
v 0.341101 -0.098992 0.814141
v 0.376155 -0.346056 0.614145
v 0.500535 -0.936080 0.040936
v 0.550009 -0.168562 0.702098
v 0.310578 -0.082818 0.847326
v 0.526383 -0.225297 0.719171
v 0.416424 -1.135641 -0.045725
v -0.121626 -1.072603 0.803164
v 0.388325 -0.120530 0.858041
v 0.221580 -0.183210 0.455924
v 0.327149 -0.262830 0.794097
v -0.479151 0.046126 0.852813
v -0.663527 0.212295 -0.840892
v 0.536533 -0.215638 0.569966
v -0.053329 -0.635840 0.929391
v 0.266338 -0.167662 0.825080
v -0.686758 -0.453278 -0.173793
v -0.735790 -0.211771 -0.640874
v -0.310153 0.041606 0.649131
v -0.230235 -0.205342 0.789351
v 0.933132 -0.460333 -0.338475
v 0.893105 -0.520437 -0.290277
v -0.546594 -0.190269 0.600559
v 0.175464 -0.071885 0.931567
v 0.797464 -0.632845 -0.226642
v -0.633497 0.054699 0.679995
v -0.896590 -0.335460 -0.250464
v 0.212732 -0.012310 0.564568
v 0.033633 -0.207122 0.927162
v -0.341523 -0.251709 0.431644
v 0.278224 -0.230026 0.434855
v -0.446278 -0.850587 -0.487850
v -0.804936 0.513477 -0.454094
v 0.051076 -0.349957 -1.044405
v 0.513172 -0.177184 0.722433
v -0.470385 0.373510 0.790506
v 0.768854 -0.179377 -0.141354
v -0.382342 -0.590723 0.819876
v 0.041884 -0.697208 -0.773806
v -0.319641 -0.582516 0.837871
v 0.132095 -1.052985 0.805688
v 0.746666 0.646584 0.071063
v -0.210806 -0.045978 0.508651
v 0.283429 -0.082034 0.426310
v 0.949646 -0.218556 -0.419951
v 0.846310 -0.504840 -0.222028
v -0.203323 -0.797598 0.887118
v -0.342982 0.029331 0.695357
v -0.386366 0.332822 0.858186
v 0.234835 -0.632414 -0.771799
v -0.691234 -0.513896 -0.130181
v 0.794781 -0.187063 -0.183377
v 0.637969 -0.545386 -0.008850
v -0.125125 -1.297740 0.599196
v -0.426660 0.808977 0.533537
v 0.432430 0.033329 0.906968
v -0.350906 -0.280079 0.759177
v -0.500092 -0.123928 0.753136
v 0.530880 -0.061285 0.629113
v 0.022679 0.215519 -1.151515
v -0.390647 0.027970 0.689500
v -0.719479 0.137145 -0.776788
v 0.150034 -0.800815 -0.697803
v 0.270563 -0.198672 0.782307
v 0.187700 -0.003501 0.936662
v 0.298903 -0.014016 0.926274
v 0.472524 -0.141781 0.764080
v 0.448224 -0.094620 0.822779
v -0.665921 -0.461395 -0.043058
v -0.666769 0.619794 0.349881
v -0.411189 -0.110791 0.802192
v 0.244497 -0.007658 0.510907
v -0.516837 -0.229242 0.723297
v 0.269952 0.027065 0.934453
v 0.406631 -0.271364 0.454899
v -0.752212 -0.303660 -0.461791
v 0.560644 0.068859 0.788133
v -0.234949 -0.316760 0.771710
v 0.549193 -0.140646 0.575263
v -0.385395 0.954532 0.327494
v -0.186139 -0.210773 0.514749
v -0.410043 -0.266254 0.759529
v -0.375746 -0.287320 0.461473
v -0.375643 -0.315440 0.497230
v 0.189823 -0.263050 0.600268
v -0.632840 -0.583985 -0.006490
v -0.282999 0.529671 0.850936
v -0.082951 -1.063198 0.815564
v 0.553008 -0.177534 0.686238
v 0.687075 -0.561209 -0.003126
v -0.381929 -0.210252 0.803405
v -0.553011 -0.177534 0.686240
v -0.197033 -1.232829 0.327096
v 0.898576 -0.146919 -0.256323
v 0.149363 -0.618811 0.911979
v -0.029323 0.870536 0.661712
v 0.290948 -1.188529 0.142941
v -0.164666 0.056439 0.965290
v -0.723604 -0.375246 -0.047982
v -0.315822 -0.009153 0.463933
v 0.205942 -0.060898 0.500178
v 0.452860 0.072881 0.899625
v 0.853056 -0.108865 -0.204458
v 0.175265 -0.017093 0.968311
v 0.023937 -0.958814 0.922906
v -0.657473 0.706705 0.272792
v 0.823948 -0.440349 -0.255566
v 0.437577 -0.058300 0.446039
v -0.418500 0.861594 -0.709346
v -0.220314 -0.296465 0.612457
v -0.461495 -0.193904 0.442242
v -0.541418 -0.968120 0.303129
v 0.232024 -0.044970 0.482451
v 0.464764 0.047143 0.853211
v 0.491264 -0.290739 0.613799
v 0.746444 0.672893 -0.411602
v 0.713613 -0.533533 -0.236403
v 0.746527 -0.483426 -0.070625
v 0.518214 -0.242685 0.548976
v 0.209037 -0.896118 0.788125
v -0.096475 -0.876962 0.890624
v 0.840453 -0.197393 -0.337658
v 0.777875 0.642139 -0.100449
v -0.292071 -0.007657 0.914685
v 0.260470 -0.098642 0.431412
v -0.477519 0.005179 0.614074
v -0.549464 -0.123251 0.613258
v -0.219849 -0.001313 0.578233
v -0.120407 -1.050954 0.812308
v 0.402339 0.067402 0.907415
v 0.077067 0.052582 0.978136
v -0.344009 -0.256827 0.796132
v 0.267461 -0.042267 0.456854
v -0.090364 -0.631741 0.959617
v -0.408567 -0.320499 0.521588
v 0.154722 -0.597339 0.909581
v 0.312461 -0.145898 0.809241
v -0.237431 -0.121042 0.817091
v -0.093956 0.998760 0.456911
v 0.745872 -0.641455 -0.210523
v 0.348150 1.058241 -0.365902
v -0.513672 -0.861012 -0.333007
v -0.483204 -0.229169 0.731166
v 0.010698 -1.305114 0.741340
v -0.244227 -0.302923 0.667473
v 0.448666 -0.316042 0.561616
v 0.286929 -0.079539 0.783829
v 0.280238 -0.088403 0.860544
v -0.961356 -0.414763 -0.382208
v -0.802542 -0.242449 -0.142453
v -0.309197 0.836958 0.604561
v -0.258603 -0.158438 0.815825
v 0.309893 0.037759 0.548079
v -0.677609 -0.666826 0.164212
v -0.766561 0.614554 -0.443861
v -0.793783 -0.408827 -0.116127
v -0.647195 -0.589764 0.008241
v -0.382390 0.026417 0.698693
v 0.912475 -0.418029 -0.330623
v -0.833722 -0.171624 -0.155858
v 0.573088 -0.917707 0.179227
v -0.488611 0.133014 -1.000029
v -0.801119 0.043724 -0.622216
v -0.137170 -1.240061 0.762746
v 0.482612 -0.136497 0.795907
v -0.147344 -0.916983 0.874557
v 0.510434 -0.142880 0.729704
v -0.347279 0.046429 0.904692
v -0.137615 1.115213 -0.402083
v 0.597472 0.650209 -0.728813
v -0.315158 0.046571 0.601606
v 0.785312 -0.465318 -0.201126
v -0.581576 -0.686211 -0.305423
v 0.476876 -0.272403 0.508032
v -0.134587 1.124399 0.056588
v -0.135514 -1.286563 0.682577
v 0.736595 -0.508992 -0.058622
v -0.396319 0.184044 0.877852
v 0.232878 0.890600 -0.801330
v 0.189307 -0.262025 0.604413
v 0.779824 -0.345882 -0.191518
v 0.240974 -0.310089 0.575668
v -0.187072 -0.166995 0.492759
v -0.196944 -0.190318 0.785254
v 0.633561 -0.603328 -0.059619
v 0.139340 -0.085425 0.944281
v 0.373255 -0.323708 0.697959
v 0.361926 -0.154650 0.402287
v 0.372256 0.788909 0.612284
v -0.721717 -0.466136 -0.184969
v -0.058580 -0.469704 -0.959505
v 0.734046 0.732163 -0.099266
v -0.031101 -0.127364 -1.131605
v -0.297716 -0.138455 0.796225
v -0.275565 -0.330568 0.586184
v 0.097410 -0.621799 0.991614
v -0.309125 -0.082376 0.846844
v -0.559272 -0.192419 0.654027
v 0.892600 -0.100999 -0.248837
v 0.967650 -0.162960 -0.364943
v -0.190798 -0.038747 0.958525
v 0.017923 1.026466 0.412392
v -0.211759 -0.923885 0.802881
v 0.486304 -0.119270 0.840792
v -0.486283 -0.119260 0.840810
v 0.394619 0.718387 0.662210
v -0.430033 -0.101869 0.865292
v -0.156854 -0.082344 0.931683
v 0.081202 0.332010 -1.131469
v 0.409064 0.350723 0.841033
v -0.594440 -0.653297 0.594509
v -0.101904 -0.978956 0.895186
v -0.371738 0.055234 0.926128
v -0.321683 -0.279595 0.456236
v 0.363591 -0.275829 0.787200
v -0.701188 -0.140912 0.467838
v -0.451956 -0.252207 0.463582
v -0.265876 0.024190 0.651038
v -0.528074 -0.179687 0.697455
v 0.744864 0.611139 -0.515221
v 0.164456 -0.415083 0.851299
v 0.673724 -0.075741 -0.808506
v -0.035699 -0.646853 0.962678
v -0.455033 -0.580252 -0.672674
v -0.914752 -0.118006 -0.256193
v 0.028081 -0.631183 1.091438
v -0.426817 -0.281134 0.737276
v 0.669265 -0.633121 -0.010480
v 0.387897 -0.146187 0.404000
v -0.094958 -0.212222 0.859387
v -0.274360 0.031558 0.567786
v -0.162874 -0.739063 -0.722119
v 0.833404 0.130090 -0.541163
v 0.280118 -1.179437 0.284673
v -0.918871 -0.262191 -0.370137
v 0.898074 -0.374555 -0.257080
v -0.193554 -0.036519 0.912079
v 0.669043 -0.131995 0.535004
v 0.812612 -0.164061 -0.203363
v 0.440390 0.031948 0.893043
v 0.767418 -0.257792 -0.176398
v 0.353827 0.050910 0.926904
v 0.989856 -0.241905 -0.389722
v -0.766792 -0.454382 -0.113270
v -0.356495 0.052103 0.906774
v 0.528423 -0.238800 0.629628
v 0.177984 0.758816 -0.940490
v -0.613505 -0.842131 0.267020
v 0.191624 -0.158391 0.484728
v 0.465061 -0.214152 0.451161
v 0.299612 -0.002911 0.909826
v -0.241679 -0.186326 0.440787
v 0.200848 -1.253344 0.599034
v -0.433373 -0.290129 0.489373
v 0.105934 -0.874741 0.907278
v 0.536368 -0.133304 0.681290
v -0.415434 -0.189311 0.416964
v -0.055171 -0.700394 0.954080
v 0.380559 -0.334893 0.538209
v -0.853790 -0.143551 -0.255419
v 0.414210 -0.274958 0.778568
v 0.433324 -0.046921 0.759889
v -0.534629 -0.123753 -0.936663
v -0.186105 -0.004030 0.937143
v 0.856202 -0.374568 -0.262122
v -0.285082 1.073514 0.091066
v -0.397427 -0.322140 0.692488
v -0.782568 -0.478504 -0.155892
v -0.395612 -0.271713 0.759898
v 0.374298 -0.326003 0.515707
v 0.437051 -0.133474 0.812815
v 0.500896 0.982002 -0.278045
v -0.141193 -0.086029 0.942349
v 0.715435 -0.412072 -0.180838
v -0.403799 -0.072960 0.424819
v -0.926600 -0.167315 -0.309878
v -0.427432 0.039475 0.872845
v 0.230952 -0.455472 0.828888
v -0.630059 -0.179330 0.583557
v 0.305423 0.035810 0.916459
v 0.180475 -0.097056 0.690791
v 0.745494 -0.479888 -0.087558
v -0.799870 0.584072 -0.354690
v -0.565655 -0.176895 0.645043
v -0.437123 -0.133492 0.812789
v 0.507176 0.091601 0.852218
v 0.377241 -0.344206 0.623366
v -0.118402 -0.020332 0.966166
v 0.929227 -0.129222 -0.276947
v 0.156167 -0.056639 0.913538
v 0.056718 -0.539154 1.108724
v -0.239131 -0.305516 0.562751
v -0.660795 -0.541593 0.008362
v -0.444910 0.014441 0.535154
v -0.084920 -0.538420 1.077130
v -0.932580 -0.313382 -0.369053
v -0.081709 0.559411 0.888154
v -0.171121 -0.219659 0.563122
v 0.502486 -1.004381 0.211219
v 0.708508 -0.439786 -0.188137
v -0.495985 -0.920752 -0.051463
v 0.511958 -0.234834 0.731559
v 0.328718 -0.186938 0.809860
v 0.810668 -0.213176 -0.154209
v -0.230073 1.020792 -0.607978
v 0.489926 -0.075308 0.479500
v 0.506312 -0.830263 0.626240
v 0.650660 -0.603558 0.004264
v 0.187048 -0.060974 0.537464
v 0.704092 -0.343607 0.472504
v 0.480623 -0.230400 0.732881
v -0.284031 -0.059008 0.436572
v -0.487348 0.468089 -0.939829
v -0.452540 -0.319958 0.605185
v -0.109445 -1.231945 0.787752
v 0.768562 -0.199396 -0.113991
v 0.854310 0.337619 -0.386978
v -0.543364 0.803652 0.369562
v -0.483863 -0.232804 0.759437
v -0.531863 -0.078453 0.656834
v 0.079771 -0.645998 0.929157
v -0.353298 -0.122980 0.845901
v 0.257302 -0.156946 0.818668
v -0.077611 -0.625714 0.926287
v -0.285983 -1.033516 0.708189
v 0.036354 -1.293195 0.288363
v -0.337653 0.740090 -0.889702
v 0.048870 -0.692014 0.958885
v 0.094221 0.768717 0.756559
v 0.181868 0.058504 0.961961
v 0.544943 -0.534978 0.711687
v -0.456445 0.646277 -0.873913
v 0.535658 -0.167028 0.732714
v -0.535667 -0.167032 0.732704
v -0.823345 -0.128866 -0.170051
v -0.440536 -0.317004 0.542876
v 0.908524 -0.109308 -0.316435
v -0.525544 0.059022 0.809424
v -0.364995 -0.334750 0.535596
v 0.419837 -0.335652 0.593154
v 0.006813 -1.284699 0.376601
v -0.220007 -0.132932 0.827653
v -0.631509 0.061251 -0.878540
v 0.441498 -0.041554 0.750391
v 0.180157 -1.027266 0.795402
v 0.156031 -0.163167 0.627417
v 0.296244 -0.297655 0.483167
v -0.816006 -0.160243 -0.212111
v 0.004020 1.132623 -0.365752
v -0.474814 -0.968446 0.049462
v 0.959581 -0.214116 -0.350605
v 0.154569 -0.140069 0.613538
v -0.179425 -0.241150 0.632143
v 0.499741 -0.277844 0.570366
v -0.342565 0.309483 -1.068763
v -0.751510 -0.646349 -0.147548
v -0.768110 -0.641412 -0.214555
v -0.737655 0.545822 0.221118
v -0.382027 -0.768765 -0.596466
v 0.060671 0.801493 -0.930445
v 0.225397 -0.248770 0.720625
v -0.187561 -0.248923 0.787554
v 0.751161 -0.556140 -0.277246
v 0.182798 -0.046034 0.599234
v 0.479124 0.078711 0.864435
v 0.830680 -0.180871 -0.158548
v 0.357742 -0.215645 0.802132
v -0.778525 -0.165247 0.124999
v 0.546062 -0.424856 -0.742922
v -0.169730 -0.211008 0.653981
v 0.084016 -1.070872 0.815446
v -0.262917 -0.123759 0.784244
v 0.252990 -0.904089 0.784757
v 0.659195 -0.542439 -0.069084
v -0.788143 0.341521 -0.627538
v 0.706419 -0.559223 -0.023936
v 0.431454 -0.305632 0.510899
v -0.466291 -0.002061 0.677326
v 0.505093 -0.241398 0.515681
v 0.242613 -0.192714 0.759011
v -0.443186 -0.313536 0.665816
v -0.243478 -1.226798 0.180217
v -0.343750 -0.035244 0.438296
v 0.207017 -0.012526 0.602431
v -0.460749 -0.309411 0.561261
v 0.189013 -0.218121 0.695308
v 0.158595 -0.118980 0.569582
v 0.183511 -0.182339 0.802633
v -0.354537 -0.002380 0.742690
v -0.570309 -0.599723 0.667308
v 0.647130 0.839933 -0.333062
v 0.140062 -0.634670 0.875624
v 0.308516 -1.109689 0.628505
v 0.780331 -0.187745 0.036685
v -0.320389 -0.175701 0.405649
v -0.769610 -0.512679 -0.117996
v -0.425406 -0.190940 0.796001
v 0.680156 -0.467854 -0.159941
v -0.498629 0.059209 0.828164
v 0.499583 -0.573364 0.751922
v -0.036518 -0.570913 1.123362
v 0.287271 -0.327802 0.547895
v -0.026219 -0.783736 -0.725378
v 0.143724 -0.922021 0.879812
v -0.183925 -0.544784 0.860203
v 0.331443 -0.192050 0.406928
v 0.130381 -0.067498 0.956271
v 0.489025 0.045922 0.874592
v 0.676473 -0.454995 -0.154050
v -0.531742 -0.218123 0.708263
v -0.378081 0.014414 0.491285
v 0.436956 0.042226 0.887198
v -0.096012 -0.876120 0.902587
v -0.300270 0.004109 0.907457
v 0.911342 -0.109729 -0.258220
v -0.216971 -0.041114 0.503934
v 0.148420 -0.033307 0.968415
v -0.987815 -0.230630 -0.393130
v 0.347688 -0.123624 0.845568
v -0.202092 -0.058786 0.929347
v -0.365525 0.036650 0.531186
v 0.425009 0.925811 0.332926
v 0.063592 -0.652254 0.931994
v 0.272189 -0.021117 0.736705
v -0.103115 -1.160953 0.812884
v -0.674868 -0.462033 -0.155936
v -0.984275 -0.293674 -0.375842
v -0.495041 -0.009463 0.596817
v -0.487412 -0.841018 -0.412624
v -0.662157 -0.097064 0.559291
v 0.720909 0.252528 -0.764232
v 0.265733 0.021127 0.545301
v -0.457677 0.983357 -0.422950
v -0.039149 -0.677482 0.977672
v 0.160120 -0.102079 0.627138
v 0.009224 -1.280269 0.780695
v -0.574574 -0.298028 -0.822175
v -0.415298 -0.187582 0.801356
v -0.748157 0.691500 -0.358026
v -0.498909 -0.253910 0.520089
v -0.247262 -0.010559 0.505099
v -0.655639 -0.742921 0.222340
v 0.554109 0.056404 0.775021
v 0.209151 -0.279318 0.558315
v 0.464395 -0.145876 0.437691
v 0.339251 0.884736 -0.747501
v 0.791856 0.362205 0.123560
v -0.173659 -0.885733 0.868030
v 0.080106 -0.588931 1.076622
v -0.741892 -0.386446 0.235756
v 0.192742 -0.154530 0.726330
v 0.547360 -0.177365 0.630973
v -0.269103 0.972677 0.415340
v -0.246461 -0.765881 0.858422
v 0.526267 -0.753448 -0.394121
v -0.103466 -0.643650 0.937713
v -0.399328 0.055786 0.923172
v 0.677769 -0.663627 -0.053790
v 0.925819 -0.400322 -0.298454
v -0.639603 -0.618131 -0.010661
v -0.350947 -0.142031 0.401162
v -0.257658 -0.928168 0.777819
v 0.508320 -0.305256 0.701386
v -0.064273 -0.619196 1.055240
v 0.135311 -0.552373 0.973430
v 0.809556 -0.348189 -0.235368
v 0.170428 -0.182609 0.675496
v 0.067276 -0.628886 0.923574
v 0.496594 -0.224395 0.751852
v -0.249642 -0.053371 0.749117
v 0.418244 -0.301831 0.745621
v -0.414460 -0.116750 0.802993
v 0.713546 -0.414207 -0.015576
v 0.393145 0.057174 0.925648
v 0.484830 0.681123 -0.825130
v -0.116851 -0.186273 0.845977
v 0.749490 -0.222970 -0.596961
v -0.290933 -0.323754 0.534796
v -0.579282 0.730762 0.413293
v -0.452510 -0.996696 0.537929
v -0.044130 -0.617580 1.002406
v -0.077378 -0.456803 1.005294
v -0.148658 -0.034842 0.969278
v -0.263256 -0.326477 0.592757
v -0.324893 0.016454 0.924690
v 0.859979 0.220917 -0.379051
v 0.051982 0.894132 0.630392
v -0.773082 -0.309467 -0.188460
v 0.139043 -0.064421 0.916889
v 0.916096 -0.198890 -0.357154
v 0.176543 0.676462 0.805127
v 0.705543 0.145453 -0.795209
v 0.006697 -0.251581 -1.095334
v -0.376311 -0.345086 0.621361
v 0.027566 -0.634294 1.003385
v 0.461518 -0.988608 -0.004465
v 0.135226 -0.636126 0.918660
v 0.300826 -0.133790 0.806421
v -0.137989 -0.634525 0.915982
v -0.158852 -0.105340 0.626213
v -0.566916 0.082271 0.796526
v 0.392972 -0.383606 0.762175
v -0.407304 -1.104171 0.355015
v -0.472648 -0.012186 0.521473
v -0.332397 -0.819660 -0.619752
v 0.247491 -0.063784 0.752871
v 0.355174 -0.092973 0.408886
v 0.487159 -0.284300 0.720089
v -0.747892 0.352446 -0.697148
v -0.490995 -0.087331 0.794654
v 0.923667 -0.159186 -0.382682
v 0.567480 -0.903874 0.116169
v -0.172777 -0.118189 0.522631
v 0.426780 0.618960 0.714996
v -0.521507 0.081983 0.831488
v 0.635111 0.033822 0.655059
v -0.872382 -0.337039 -0.238781
v 0.306072 -0.018961 0.457974
v 0.159871 -1.267212 0.237959
v 0.630189 0.871001 -0.097797
v -0.777698 -0.464649 -0.196567
v -0.660966 -0.581654 0.010112
v -0.326801 0.040869 0.546501
v -0.680668 0.749187 0.126034
v 0.569139 0.055859 0.789191
v 0.683580 -0.504629 -0.133405
v 0.933154 -0.332096 -0.364639
v 0.009677 0.962212 -0.760207
v 0.838552 -0.457055 -0.256597
v 0.689506 0.025540 0.513546
v -0.240299 -0.085629 -1.103293
v -0.454857 -0.845846 0.686618
v 0.542405 0.061762 0.783152
v 0.181755 -0.160432 0.501509
v 0.586288 0.913219 -0.264075
v -0.631069 -0.329374 -0.727640
v -0.648134 -0.589866 -0.103837
v 0.493501 -1.042177 -0.152800
v 0.770150 -0.221186 -0.026490
v 0.930437 -0.113946 -0.298734
v -0.787127 -0.169552 -0.530391
v -0.176762 -0.143881 0.509447
v -0.583820 -0.645291 -0.384246
v -0.150790 -0.596032 0.867049
v 0.231493 -0.211357 0.751561
v -0.408439 -0.123570 0.411904
v 0.197957 0.667425 -0.993581
v 0.329365 0.013381 0.901592
v 0.227918 0.955361 -0.720675
v -0.546165 -0.191379 0.627975
v -0.187841 -0.098202 0.503663
v 0.760292 -0.482434 -0.143382
v 0.931045 -0.348034 -0.302833
v 0.459072 -1.094164 -0.092663
v -0.872778 -0.253671 -0.262543
v -0.247680 1.071701 -0.468144
v 0.081326 0.698728 -0.999453
v 0.527281 0.366060 -0.940008
v 0.506952 0.532004 0.692189
v 0.171931 -0.370149 -1.010957
v -0.834717 -0.531142 -0.240615
v 0.720243 -0.502363 -0.091738
v 0.853130 -0.160768 -0.199491
v 0.643886 -0.592595 0.520288
v 0.387443 -0.015675 0.457952
v -0.540316 0.701961 -0.752014
v 0.235310 -0.309490 0.607161
v 0.302129 -0.257322 0.441898
v -0.808929 -0.610345 -0.279219
v -0.667460 -0.649960 -0.027168
v -0.823662 -0.619127 -0.216417
v -0.448395 0.074852 0.899740
v -0.270024 0.000733 0.709635
v 0.492702 -0.115412 0.747837
v -0.777667 -0.318064 -0.116194
v -0.718478 -0.437853 0.369945
v -0.653166 -0.577123 -0.042922
v 0.396367 0.003987 0.482448
v 0.332230 -0.343897 0.571494
v -0.306339 -0.920025 0.762597
v -0.450204 -0.664269 -0.595734
v 0.311528 -0.240336 0.772283
v -0.039576 -0.322682 -1.061323
v -0.379452 0.048707 0.615355
v -0.660340 -0.629214 -0.008318
v 0.334092 0.015130 0.718937
v -0.062816 0.323050 -1.134545
v 0.701744 -0.415557 -0.142998
v -0.781077 0.454324 0.132930
v 0.900013 -0.486302 -0.385245
v 0.185995 -0.212907 0.514922
v 0.689617 0.734416 0.125530
v 0.431256 0.030839 0.636039
v -0.532676 -0.233365 0.602117
v 0.510312 -0.853714 -0.350451
v 0.310639 0.042110 0.565937
v 0.697565 -0.514356 -0.133175
v -0.155164 -0.164004 0.584387
v 0.181683 -0.234883 0.656268
v -0.885170 -0.100140 -0.256364
v 0.253299 0.136750 -1.118678
v 0.778810 -0.431542 -0.125114
v 0.861122 -0.592679 -0.258184
v -0.799049 -0.175649 -0.196525
v -0.040949 -0.646159 1.031865
v 0.929536 -0.235419 -0.371143
v 0.373459 0.665796 -0.919615
v -0.182637 -0.202031 0.513112
v 0.346108 0.757589 -0.870785
v -0.161637 -0.020785 0.969328
v -0.367608 -0.297474 0.740298
v 0.550515 -0.658869 -0.448237
v -0.198055 -0.029879 0.562785
v -0.829031 -0.584267 -0.313580
v 0.187092 -1.228817 0.713841
v 0.469594 0.413686 0.779314
v 0.038117 -0.646614 0.956450
v 0.222155 -0.219125 0.752457
v 0.322915 -0.066784 0.422248
v -0.167214 -0.086230 0.570774
v 0.142811 0.149985 -1.143842
v -0.208501 -0.256230 0.690726
v 0.669764 -0.367485 0.543523
v -0.794752 -0.467172 -0.340656
v 0.847498 -0.593740 -0.291361
v 0.320414 -0.124431 0.810439
v 0.385945 -0.786813 0.786344
v 0.988947 -0.302363 -0.382618
v 0.781298 -0.406940 -0.212054
v -0.225554 -0.092998 0.751338
v -0.262093 -0.323647 0.631858
v 0.534462 -0.136240 0.525157
v 0.824209 -0.060114 -0.256429
v 0.096302 -0.810396 0.972799
v 0.462542 -0.272003 0.718969
v 0.311635 -0.296097 0.735897
v -0.768670 -0.249434 -0.175891
v 0.566265 -0.779813 0.551185
v -0.397802 -1.092868 0.486714
v -0.577548 0.159694 -0.928759
v -0.126312 -0.068861 0.924684
v -0.402407 -0.231292 0.426972
v 0.090392 -1.251236 0.785504
v -0.534310 -0.260696 0.685003
v -0.656644 -0.511535 0.539663
v 0.435504 0.029034 0.569626
v 0.329090 -0.314121 -0.986331
v -0.917858 -0.404136 -0.270071
v 0.336433 0.045884 0.911703
v 0.285996 -1.192551 0.411315
v 0.788874 -0.359767 -0.100492
v -0.399409 0.538342 0.783435
v -0.464110 -0.276804 0.499205
v -0.767570 0.087057 -0.700742
v 0.527200 -0.655969 0.705256
v -0.261378 0.026644 0.594552
v -0.280017 -0.285581 0.477179
v 0.642767 -0.628662 -0.017777
v -0.923584 -0.402778 -0.425455
v -0.237125 -0.826565 0.858500
v 0.054300 1.151271 -0.159419
v -0.568690 -0.741928 -0.220120
v 0.006926 0.810902 0.726942
v 0.769557 -0.232286 -0.171137
v -0.550895 -0.135730 0.598078
v -0.247435 -0.300868 0.680130
v 0.105553 -0.658364 0.901434
v -0.680346 -0.504413 -0.122911
v 0.771867 0.292422 -0.677135
v -0.579534 0.060913 0.788683
v -0.536842 0.078326 0.790903
v 0.249183 -0.258208 0.473187
v -0.469243 1.005225 -0.248044
v -0.144146 -0.063732 0.915499
v -0.426347 -0.318929 0.672454
v 0.299437 -0.250863 0.770633
v -0.560049 0.081440 0.778036
v 0.216946 -0.203860 0.739781
v -0.493695 0.086336 0.834621
v -0.802762 -0.242892 -0.127139
v -0.390124 -1.126884 0.000138
v 0.556717 0.081977 0.816386
v 0.785559 -0.293519 -0.156492
v 0.434191 -0.299781 0.503498
v 0.782913 -0.215153 -0.476123
v -0.524452 0.904074 -0.502613
v 0.426177 -0.259683 0.782027
v -0.220233 -0.221884 0.752502
v -0.050682 -1.245805 0.803209
v 0.365481 -0.630160 0.825453
v -0.296980 0.458979 0.871044
v 0.302096 -0.294371 0.760599
v -0.162264 -0.192200 0.642388
v 0.984951 -0.243004 -0.405441
v 0.669995 -0.664822 -0.078391
v -0.234459 -0.856737 0.844287
v 0.029957 -0.287209 0.949864
v -0.071353 -0.405974 0.976137
v 0.191031 -0.205095 0.707599
v 0.575973 -0.712488 -0.137213
v -0.035838 -0.977788 0.913481
v -0.330481 -0.105199 0.807555
v -0.246524 -0.219341 0.747672
v -0.613764 0.287006 -0.880107
v 0.325319 0.709404 0.719853
v -0.181526 -0.011316 0.963362
v -0.025160 0.422598 0.941652
v 0.092606 -0.641459 0.938358
v 0.635410 -0.593978 -0.004011
v 0.447267 -0.026784 0.477058
v 0.203832 0.901855 0.578208
v 0.831749 0.400325 -0.067024
v 0.058431 -0.624791 1.057308
v -0.046531 -0.705263 -0.767588
v -0.294736 -1.169127 0.192140
v 0.265856 -1.191616 0.233748
v 0.253915 0.695391 0.766663
v -0.398748 -0.494808 0.798179
v -0.546809 -0.167656 0.640579
v -0.313476 0.093733 0.925508
v 0.646191 0.795662 -0.466489
v -0.836225 -0.457174 -0.255608
v 0.599020 0.075197 0.739394
v -0.583206 0.057091 0.715946
v 0.971288 -0.199854 -0.401905
v -0.494038 -0.264115 0.686580
v -0.246673 -0.185809 0.763176
v 0.083001 -0.925505 0.916950
v 0.537049 -0.103324 0.546037
v -0.188685 -1.192496 0.743335
v 0.145360 -0.535420 0.878377
v -0.437423 0.031908 0.890609
v -0.691485 0.800606 -0.140121
v -0.465421 -1.051712 -0.088892
v -0.074802 -0.365478 0.947235
v 0.454329 -0.316422 0.729406
v -0.165682 -0.846047 0.919272
v -0.461621 -1.054010 0.367633
v -0.070244 1.115715 0.147212
v 0.517568 0.974612 -0.124432
v -0.702720 0.409622 0.381896
v -0.321471 1.084873 -0.229899
v -0.094701 -1.277638 0.294636
v -0.781779 -0.440650 -0.114572
v 0.681005 0.813557 -0.227920
v 0.308755 0.292217 -1.085356
v 0.664371 -0.580130 0.009785
v 0.392700 0.046837 0.611661
v -0.526010 -0.900578 -0.191391
v 0.137000 -0.068385 0.960162
v -0.780532 -0.342364 -0.186279
v -0.829283 0.392952 -0.046840
v -0.248278 0.720962 0.749405
v 0.410507 0.241845 -1.043930
v -0.307129 -0.063441 0.783086
v -0.394437 -0.237755 0.429114
v 0.721089 -0.453662 -0.032035
v 0.797083 0.510816 -0.482703
v -0.304898 0.208673 -1.097281
v 0.592846 0.866325 -0.440722
v -0.885369 -0.467373 -0.258860
v -0.972393 -0.173845 -0.358357
v -0.482203 -0.106209 0.754431
v 0.350453 0.050544 0.606617
v 0.761452 -0.220837 -0.251954
v -0.386777 0.039145 0.542761
v -0.002506 -0.881695 0.914707
v 0.405100 -0.102807 0.802790
v -0.035987 -0.860590 0.955472
v -0.860040 -0.420562 -0.270073
v 0.256753 -0.011851 0.493580
v -0.611393 0.054241 0.670461
v -0.236290 -0.870643 0.823713
v -0.514481 -0.144474 0.724283
v 0.515605 0.923806 0.155235
v 0.259806 0.012463 0.958264
v -0.668102 -0.664451 -0.071326
v -0.373272 -0.091090 0.803522
v -0.312431 -0.286940 0.464975
v -0.730273 0.716581 -0.011409
v 0.313189 -0.339071 0.649482
v 0.151687 -0.013829 0.942848
v -0.308679 -0.130849 0.838083
v -0.430328 -0.243728 0.758210
v -0.352174 -0.315781 0.494459
v -0.514829 0.977543 -0.151988
v -0.926865 -0.317598 -0.351648
v -0.564381 -0.179156 0.655396
v 0.373167 0.559941 -0.976712
v 0.525635 -0.146480 0.505261
v 0.613366 0.054709 0.668612
v 0.272625 0.023440 0.667733
v -0.532574 0.058875 0.843497
v -0.121144 0.864751 0.653980
v 0.139454 0.832669 0.686724
v -0.786785 -0.541913 -0.176976
v 0.465220 -0.242614 0.770030
v 0.744955 -0.088212 -0.695933
v 0.503538 -0.214960 0.491793
v 0.457571 -0.301292 0.677009
v 0.607323 -0.862450 0.171864
v 0.467809 -0.217599 0.755847
v 0.880430 -0.141919 -0.220233
v 0.523036 -0.052118 0.566399
v 0.420183 0.038010 0.876452
v -0.646172 -0.515050 -0.101986
v -0.494648 -0.284104 0.637995
v -0.243305 -0.912695 0.784325
v 0.451130 0.203150 0.840906
v 0.399557 0.480453 -0.994101
v 0.478722 -0.096825 0.456455
v -0.458647 -0.220673 0.762063
v 0.319434 0.974002 -0.632643
v -0.067406 -0.658456 0.932289
v 0.456072 -0.685643 -0.569737
v 0.527278 0.092601 0.823228
v -0.504026 -0.746976 -0.446650
v 0.806386 -0.227364 -0.125456
v -0.618851 0.060664 0.681915
v -0.253470 -0.007859 0.501941
v 0.546680 0.075502 0.776266
v 0.514215 -0.259953 0.640496
v -0.954875 -0.150847 -0.369705
v 0.131587 -0.576741 0.991846
v 0.334389 -0.336858 0.542231
v -0.681439 -0.664787 -0.060018
v -0.067463 -0.625448 1.009453
v -0.208031 -0.249038 0.760181
v -0.388298 -0.278778 0.782888
v 0.516202 -0.200821 -0.925297
v 0.793294 -0.284114 -0.136594
v -0.828725 -0.431344 -0.261159
v 0.171713 -0.209773 0.659083
v 0.121155 -1.296225 0.672478
v 0.725648 -0.487199 -0.092398
v -0.513915 0.090640 0.852714
v -0.867381 -0.126752 -0.194913
v -0.375004 -1.090870 0.131498
v -0.557811 0.077755 0.818518
v -0.273614 -0.095427 0.424969
v 0.465887 0.680097 0.630166
v -0.671372 0.668764 -0.602187
v 0.289763 0.039221 0.621150
v -0.110803 -0.946277 0.901618
v 0.941396 -0.169696 -0.317900
v 0.728128 -0.438919 0.101455
v -0.369405 -0.226530 -1.008921
v 0.208562 -0.275872 0.554655
v -0.537316 -0.750569 -0.367370
v -0.452834 -0.077205 0.445182
v 0.924770 -0.304277 -0.307659
v -0.019574 -0.603916 1.116727
v 0.165064 -1.250137 0.298359
v 0.946451 -0.159472 -0.385180
v -0.064263 0.009450 -1.150862
v 0.032744 -0.686905 0.972481
v 0.384789 -0.118743 0.846541
v -0.345337 -0.008124 0.460478
v -0.778946 -0.416917 -0.130877
v 0.054990 -0.874603 0.915226
v 0.517439 0.866404 -0.587991
v -0.473842 0.215820 0.821687
v -0.502193 -0.157753 0.471942
v -0.408034 -0.261186 0.789064
v 0.919019 -0.162822 -0.304140
v 0.246857 -0.114893 0.773989
v -0.324589 -0.340676 0.562987
v 0.431075 0.072116 0.874708
v 0.020252 -1.322792 0.577581
v -0.371285 -0.302353 0.756269
v 0.389201 0.038206 0.662545
v 0.517131 -0.149977 0.754612
v 0.525514 -0.971522 0.379316
v 0.972679 -0.310765 -0.369059
v 0.053496 -0.637098 0.929281
v 0.188078 -0.458701 0.847922
v -0.207869 1.125377 -0.175783
v -0.751957 -0.377195 -0.147991
v -0.424260 1.017208 0.033987
v 0.153940 1.066582 0.270441
v 0.082155 1.138923 0.017659
v -0.071581 0.293293 0.965360
v 0.533416 -0.114427 -0.940183
v 0.936382 -0.404587 -0.423359
v 0.173845 -0.114577 0.861800
v 0.495243 -0.379306 -0.838074
v -0.155155 -0.603900 0.909355
v 0.263280 -1.063767 0.711847
v -0.059920 -1.304449 0.727358
v 0.098390 -1.274260 0.304373
v -0.321507 -0.042533 0.773988
v 0.947555 -0.133105 -0.315221
v 0.577384 -0.589161 0.660182
v 0.226014 -1.110643 0.730230
v -0.003808 -0.532099 1.124197
v 0.350947 0.022022 0.917884
v 0.502454 -0.254092 0.685083
v 0.345877 -0.300891 0.475614
v 0.687182 -0.361420 -0.586283
v 0.836937 -0.582947 -0.315033
v -0.960329 -0.368218 -0.427393
v 0.214122 -0.226738 0.780775
v -0.490347 -0.106933 0.463890
v -0.495956 0.045081 0.862171
v -0.701736 -0.355103 0.479329
v -0.362319 -0.209514 0.804730
v -0.114242 0.702482 -0.991562
v -0.629471 -0.765411 0.081364
v -0.299934 -0.286382 0.742110
v 0.313413 0.005791 0.480910
v -0.714622 0.662064 0.166674
v 0.198175 -0.087365 0.491118
v -0.674297 -0.617840 -0.004425
v 0.278865 -0.002901 0.909595
v 0.254870 -0.315481 0.766506
v 0.235209 -0.819901 -0.668656
v 0.748148 -0.214796 -0.201420
v -0.279878 -0.311123 -1.010423
v -0.746775 0.583269 -0.542248
v 0.694202 -0.667208 -0.110439
v 0.506279 -0.080584 0.497425
v 0.816202 0.392914 -0.533953
v 0.263745 -0.300256 0.700353
v -0.174368 1.128501 -0.259818
v -0.611124 0.065787 0.703852
v 0.822914 -0.006123 -0.523864
v 0.432090 -0.125722 0.830453
v -0.684869 -0.494412 -0.105618
v -0.047684 -1.281095 0.364512
v -0.290520 -1.213440 0.105183
v 0.554310 -0.754226 -0.303800
v -0.762225 -0.483937 -0.140783
v -0.051815 -0.633423 1.031622
v 0.470862 -0.253949 0.758559
v 0.162062 -0.202118 0.619302
v -0.356721 -0.327862 0.691241
v 0.277017 -0.149807 0.416055
v -0.638147 -0.395793 0.596583
v 0.652345 -0.533607 0.002235
v -0.800108 0.429093 -0.552570
v 0.418019 -0.948328 0.647629
v 0.043976 -0.308218 0.950206
v 0.136324 -0.668630 -0.775942
v -0.584494 -0.892803 0.143824
v 0.774894 -0.450276 -0.112663
v 0.760120 -0.464205 -0.193340
v -0.213532 -0.171894 0.747200
v -0.021379 0.719070 -0.991546
v 0.478968 0.771602 0.516818
v -0.432030 -0.154052 0.798507
v -0.822903 -0.151628 -0.147032
v 0.772707 -0.447228 -0.209174
v -0.685670 -0.455964 -0.026762
v -0.825896 0.268793 -0.561394
v 0.979042 -0.355447 -0.411571
v -0.007076 -1.156037 0.830620
v -0.605048 0.071896 0.732610
v -0.193722 -0.044274 0.545693
v -0.401635 0.041519 0.571748
v 0.387563 0.000546 0.736003
v 0.121427 -0.075107 0.942553
v -0.436499 -0.014926 0.729501
v 0.357987 0.049585 0.613471
v 0.748536 -0.360714 0.179826
v -0.332681 0.913476 -0.714782
v -0.903615 -0.206129 -0.356998
v 0.220047 -0.261850 0.702734
v -0.188178 -0.060232 0.674621
v -0.835453 -0.109088 -0.217997
v 0.693807 0.729421 -0.468432
v 0.427991 -0.747417 -0.559414
v 0.188913 -0.314507 0.791845
v -0.486378 -0.341825 0.716009
v -0.510632 -0.898791 0.002872
v -0.730524 -0.315434 -0.532944
v -0.378079 -0.195155 0.408496
v 0.235779 -0.151838 0.769928
v 0.534781 -0.579406 -0.574475
v -0.388856 1.056644 -0.159547
v -0.619473 -0.650811 -0.041755
v 0.915653 -0.373455 -0.266718
v -0.610588 -0.632796 -0.264605
v 0.210242 -0.267182 0.773042
v -0.175695 -1.250422 0.254858
v 0.353889 -0.693622 -0.663038
v -0.558239 -0.061546 0.750193
v -0.726951 -0.503511 -0.087415
v 0.352185 -0.049126 0.781069
v 0.137403 0.288662 0.954805
v 0.268152 -0.208070 0.777483
v 0.257144 -0.263765 0.738863
v 0.963912 -0.333083 -0.434217
v 0.162892 0.355820 -1.114737
v -0.734284 -0.304273 -0.137666
v -0.504238 -0.654275 0.730599
v 0.024465 0.350805 0.958839
v 0.073404 0.918958 -0.813548
v 0.033374 -0.852468 0.964424
v 0.305963 0.012323 0.715415
v 0.121618 0.585708 -1.051463
v -0.209906 -0.012430 0.964558
v 0.145133 0.847626 -0.875931
v 0.232474 -0.310417 -1.028169
v -0.855540 0.130507 -0.385813
v -0.851627 0.270186 -0.456179
v 0.392298 0.452986 0.823973
v -0.447578 0.035510 0.897406
v -0.931898 -0.212866 -0.413321
v 0.239310 -0.859623 0.836625
v 0.404939 0.023851 0.519170
v 0.331890 -0.015108 0.753821
v -0.395920 -0.024992 0.759141
v -0.279403 -0.088509 0.859681
v -0.499241 -0.042668 0.690163
v 0.276133 0.035530 0.603353
v -0.222057 -0.085935 0.465797
v 0.515586 0.086697 0.856059
v -0.502000 -0.143354 0.776018
v 0.461516 0.004604 0.673420
v -0.309376 0.029913 0.682957
v -0.198397 -0.027561 0.639531
v -0.001192 -1.049063 0.827601
v 0.457953 -0.007942 0.511453
v 0.013120 -0.876329 0.940632
v 0.150761 -0.861871 0.914045
v -0.424359 0.011267 0.701546
v -0.065909 0.854262 -0.882921
v -0.768147 -0.345067 -0.078211
v -0.085549 0.781744 -0.943514
v -0.438413 0.040649 0.906353
v -0.300966 -0.295056 0.760289
v -0.368083 -1.109220 0.084569
v 0.064366 -0.901966 0.916832
v 0.853773 -0.103416 -0.236433
v 0.166409 -0.886762 0.869055
v 0.226515 0.004087 0.621887
v -0.065933 -0.631676 0.923247
v 0.399629 0.043867 0.589819
v -0.832118 0.451883 -0.413561
v -0.262765 -0.900413 0.787630
v -0.748098 -0.563993 -0.090470
v -0.337742 -0.194450 0.810402
v -0.250237 -0.247261 0.772360
v -0.620749 -0.131363 0.614129
v 0.792589 -0.123948 -0.557275
v 0.702361 -0.262192 -0.666821
v -0.157464 -0.181783 0.625507
v 0.688881 -0.455841 -0.025842
v 0.535132 -0.071297 0.603334
v -0.510544 -0.036248 0.556621
v 0.212425 -0.098966 0.739477
v 0.937145 -0.187202 -0.333888
v 0.460909 -0.849011 0.675784
v 0.495861 -0.918797 -0.026807
v -0.096573 0.941294 -0.781463
v 0.532081 -0.980843 0.252533
v -0.388207 -0.013804 0.750924
v -0.043266 -0.529525 1.112451
v -0.303186 1.030363 -0.530243
v 0.300869 -0.802832 -0.643392
v -0.741396 -0.072860 -0.708060
v 0.165984 -1.185194 0.769486
v 0.432780 -0.319307 0.659511
v 0.482505 0.001061 0.585036
v -0.030724 -0.685009 0.976646
v 0.707020 -0.138668 0.454313
v -0.000482 -0.703129 0.958263
v 0.813105 0.174974 -0.608067
v 0.220844 0.272846 -1.116589
v -0.857096 -0.497803 -0.233391
v 0.682089 -0.435166 -0.161781
v 0.320287 -0.334696 0.667122
v -0.344407 -0.252284 0.431553
v 0.322353 -0.125698 0.404829
v 0.052828 -1.318520 0.683270
v 0.187685 -0.247517 0.787551
v -0.890984 -0.202528 -0.383269
v -0.386413 -0.310208 0.718285
v -0.672687 -0.439812 -0.149689
v -0.644115 -0.540853 -0.001179
v -0.230709 -1.216117 0.243983
v 0.011528 -1.254519 0.802951
v 0.097437 -0.958029 0.905898
v -0.854243 -0.161242 -0.196081
v 0.707441 -0.619756 -0.032928
v 0.787549 -0.403096 -0.128842
v -0.233379 0.949756 -0.724648
v -0.522498 -0.226957 0.539707
v 0.336501 -0.116815 0.404522
v -0.165618 -0.131457 0.670109
v 0.029597 -0.657659 1.046729
v 0.263513 0.023130 0.555325
v -0.332313 -0.311536 0.721210
v 0.070790 -1.293701 0.744158
v -0.677876 -0.438216 -0.157553
v 0.979522 -0.369216 -0.386406
v 0.774584 -0.294101 -0.104522
v -0.528368 -0.100201 0.689642
v -0.444731 0.266605 -1.019561
v -0.167084 0.397256 0.926394
v 0.888570 -0.462460 -0.260420
v 0.533712 -0.084840 0.655424
v -0.367005 -0.338006 0.755933
v -0.130248 -0.384227 0.873911
v 0.589328 -0.824859 0.432188
v 0.229220 0.003472 0.639800
v 0.495414 0.084873 0.832368
v 0.150989 -0.956811 0.872283
v 0.177288 -0.041718 0.938869
v -0.215443 -0.228711 0.774399
v -0.713735 -0.532104 -0.029739
v -0.763819 -0.217688 -0.106009
v 0.593462 0.429862 -0.859105
v -0.906807 -0.123736 -0.342409
v -0.397061 0.432803 -1.012680
v -0.633313 -0.511417 0.590307
v 0.116079 -1.168161 0.805905
v 0.057568 -0.144142 -1.126568
v -0.192101 -0.164528 0.724399
v -0.167864 -0.893345 0.844380
v 0.382548 -0.207121 -1.008675
v 0.368713 -0.344930 0.584891
v -0.888075 -0.155457 -0.311675
v -0.860065 -0.593341 -0.254166
v -0.427762 0.071690 0.876440
v 0.213038 -0.217806 0.785496
v -0.218554 -0.961478 0.796859
v 0.482299 -0.023100 0.517495
v -0.342375 -0.271426 0.766727
v -0.828574 0.507116 -0.179588
v -0.450409 -0.129149 0.817657
v 0.063632 -0.627054 1.018735
v 0.548760 -0.125243 0.633387
v 0.791843 -0.213238 -0.294540
v -0.776328 -0.351996 -0.167652
v -0.683403 -0.454164 -0.181547
v -0.851285 -0.151211 -0.269269
v 0.538242 -0.154938 0.681173
v -0.551272 -0.452921 0.701655
v -0.116357 -0.915418 0.899320
v 0.685377 -0.458917 -0.131313
v -0.525839 -0.567805 0.729617
v -0.208307 -0.897051 0.789020
v -0.186670 -0.064831 0.936815
v -0.386559 0.025765 0.887832
v 0.166457 -1.218504 0.751723
v -0.790800 -0.393205 -0.229805
v 0.346891 0.005708 0.932573
v 0.248575 -0.235144 0.748701
v 0.236390 -0.249658 0.769647
v 0.360329 -0.101868 0.809769
v -0.263369 -0.161349 0.788194
v -0.373173 0.485938 0.824670
v -0.017281 0.608485 0.868385
v 0.832162 -0.318589 -0.219557
v 0.487487 -0.720975 -0.494540
v -0.854392 -0.483298 -0.232343
v 0.438097 -0.569881 -0.700201
v -0.215520 -0.437882 0.829023
v -0.553738 -0.181560 0.658975
v -0.461180 -0.064284 0.752723
v 0.478495 0.004755 0.586654
v -0.410856 -0.297525 0.486290
v -0.297297 -0.006418 0.734815
v 0.516700 -0.076814 0.695312
v -0.404416 0.963247 -0.566922
v -0.183142 -0.245933 0.564400
v 0.198550 -0.017374 0.965741
v -0.650787 0.769265 -0.504264
v 0.851672 0.124641 -0.440763
v -0.261205 1.097525 -0.330920
v 0.545387 -0.109981 0.576563
v 0.859876 -0.418205 -0.270249
v 0.059782 -0.860555 0.944049
v -0.712873 -0.292830 -0.095024
v 0.407063 -0.796200 -0.558879
v 0.458069 -0.992794 0.533074
v -0.179155 1.018569 0.379259
v -0.292086 -1.175819 0.556040
v -0.764517 -0.626892 -0.126649
v -0.531179 -0.194954 0.529906
v 0.427973 -0.221960 0.432483
v 0.262013 -0.163349 0.786320
v -0.424298 -0.053742 0.768188
v -0.740160 -0.521517 -0.082568
v 0.449854 -0.117431 0.431209
v 0.159405 1.135736 -0.179030
v 0.627898 -0.175769 0.585009
v 0.675029 -0.465877 -0.159229
v -0.019931 -0.440088 1.051623
v -0.504351 -0.275258 0.584135
v 0.057666 1.117800 -0.428632
v -0.425604 0.763564 -0.808846
v 0.176518 -0.120045 0.514173
v 0.508827 -0.973370 -0.255475
v -0.123506 0.675456 0.818957
v 0.221466 -0.288593 0.657609
v -0.551358 0.057447 0.775304
v 0.273601 -0.268323 0.462905
v -0.696282 -0.424479 -0.141971
v -0.036390 -0.301763 0.953451
v 0.667505 -0.543559 0.008217
v 0.665531 -0.651309 -0.104879
v 0.898827 -0.462513 -0.274342
v 0.524268 -0.081262 0.529122
v -0.317544 -0.314971 0.498898
v 0.536637 -0.212516 0.699479
v -0.861734 -0.499047 -0.379468
v -0.512303 0.876405 0.289154
v 0.172661 -0.218150 0.554781
v -0.335234 0.627394 0.774583
v -0.511990 -0.041068 0.660197
v -0.068637 -1.036090 0.834211
v 0.078010 -0.621236 0.943014
v -0.448082 -0.145716 0.426842
v 0.123198 1.064917 -0.566208
v -0.739289 -0.474124 -0.177154
v -0.383586 -0.155780 0.813161
v -0.504478 -0.260482 0.669637
v -0.193158 1.070001 0.229594
v 0.296646 -0.242706 0.774837
v -0.388743 -0.060198 0.426511
v -0.460570 -0.708269 -0.546685
v -0.262258 -0.274966 0.733165
v -0.479234 -0.158081 0.762571
v 0.550171 0.084259 0.794324
v -0.217392 0.815662 0.677408
v 0.709314 0.362428 -0.749901
v 0.911346 -0.204247 -0.398829
v 0.119618 1.132761 -0.319576
v 0.000204 -0.755698 0.965576
v -0.201484 -0.262253 0.542461
v -0.789272 -0.281374 -0.149510
v 0.602966 -0.809851 0.066084
v -0.054401 -0.237557 0.916129
v -0.771772 -0.097556 -0.632510
v -0.267460 0.632043 0.803767
v 0.387055 -0.304148 0.483551
v -0.303319 -0.337987 0.644802
v 0.778405 -0.516255 -0.127003
v -0.652268 0.828642 0.002799
v -0.061995 -0.901141 0.917047
v 0.192937 -0.194461 0.491007
v 0.337960 -0.112905 0.811197
v -0.352003 0.746943 0.670181
v 0.453313 -0.692032 0.767173
v 0.335372 -0.248659 0.430588
v 0.534139 -0.221689 0.642470
v -0.696417 -0.665762 -0.115037
v -0.072130 -0.930952 0.921161
v 0.019063 -0.926790 0.928878
v -0.297189 -0.128402 0.409481
v 0.371881 -0.167456 0.800582
v 0.559426 -0.251798 -0.863880
v -0.186356 -1.252336 0.671952
v 0.075117 -1.314536 0.596643
v -0.607732 0.897269 -0.158093
v 0.055970 0.239857 0.971953
v -0.185997 -0.223394 0.685285
v -0.528099 -0.238087 0.576262
v 0.478599 -0.031146 0.705826
v 0.887555 -0.155555 -0.311999
v -0.474902 0.465359 0.756161
v -0.370855 1.029059 -0.446293
v -0.172329 -0.426652 0.849330
v -0.443494 0.013427 0.676839
v -0.126030 -0.500842 -0.922205
v 0.807777 0.583102 -0.289007
v 0.081824 -0.629337 0.927312
v -0.976955 -0.234008 -0.413665
v -0.192841 -0.080258 0.504212
v -0.532328 -0.064099 0.608574
v 0.569045 -0.177204 0.653803
v 0.091501 -0.634895 0.947003
v -0.168681 -0.146173 0.681144
v -0.594949 0.856093 -0.457908
v -0.283927 -0.028838 0.751922
v 0.351168 0.040614 0.667568
v -0.332747 0.034698 0.943195
v 0.196204 -0.041064 0.542958
v -0.449060 -0.774465 -0.518340
v 0.798138 -0.615459 -0.270552
v 0.889669 -0.343599 -0.246431
v -0.199435 -0.271712 0.636176
v -0.878479 -0.147686 -0.231123
v 0.441335 1.002408 -0.390974
v 0.609648 -0.446711 0.637877
v 0.224816 -0.010308 0.666909
v 0.041476 -0.618420 1.003893
v 0.844276 0.086593 -0.172518
v -0.503011 -0.085015 0.721199
v 0.482491 -0.271304 0.696287
v -0.466764 1.005836 -0.073624
v 0.522476 0.668272 0.572208
v -0.280626 -0.604634 -0.773466
v 0.449005 -0.286475 -0.934053
v 0.282372 -0.139050 0.414375
v 0.214024 -0.138776 0.823556
v -0.737841 -0.508067 -0.063843
v -0.407108 0.643284 0.713628
v 0.378478 -1.123230 0.440183
v 0.546380 -0.075688 0.757299
v 0.926811 -0.324277 -0.353673
v -0.494956 -0.232779 0.493161
v 0.281660 0.916441 0.508826
v -0.585819 0.069668 0.719192
v -0.928815 -0.238920 -0.372121
v -0.559974 0.579568 0.590738
v -0.889874 -0.140204 -0.346773
v 0.269051 -0.182260 0.423435
v -0.541200 -0.193067 0.559794
v 0.163650 -0.098383 0.633641
v -0.642359 0.038549 0.638513
v -0.700370 -0.667050 -0.084193
v 0.280297 -0.192137 0.420314
v 0.371840 1.036265 0.081420
v -0.316451 -1.063079 0.658980
v 0.519606 0.934109 -0.432869
v 0.207599 -0.724902 -0.716887
v -0.385858 -0.115237 0.406460
v -0.220409 -1.239330 0.477645
v -0.001722 -0.808962 0.994923
v -0.084087 1.148827 -0.119349
v -0.124601 1.080964 -0.523325
v 0.438008 -1.052697 -0.032382
v 0.014424 -0.334218 0.981294
v 0.122206 -0.376917 0.880602
v 0.402545 0.018705 0.909479
v -0.767703 -0.278215 -0.171181
v 0.031457 -0.531381 1.118835
v -0.314259 0.969275 -0.642499
v -0.278713 -0.087611 0.783733
v 0.374091 -0.126010 0.811071
v 0.491523 -0.185774 0.748040
v -0.044571 -0.875292 0.924355
v 0.250124 -0.064737 0.756431
v -0.002564 1.096462 0.228110
v -0.268756 0.482294 -1.053234
v -0.341401 -0.394285 -0.928149
v -0.050021 -0.745700 0.969448
v 0.230054 -1.225732 0.210156
v -0.421966 -0.300429 0.744964
v -0.547583 0.425812 0.691492
v 0.646395 -0.513451 -0.100381
v 0.381173 -0.330262 0.753185
v -0.356128 -0.615822 -0.721177
v -0.749538 -0.213795 -0.209501
v 0.510373 -0.029191 0.589864
v 0.066499 -0.208982 0.901201
v -0.295454 1.092419 -0.056698
v -0.292753 -0.312112 0.700507
v -0.964947 -0.306222 -0.368984
v 0.733737 -0.502143 -0.077734
v 0.860502 -0.576743 -0.237686
v -0.586010 -0.688991 -0.136754
v -0.211573 -0.204717 0.472375
v -0.537540 -0.075252 0.617052
v -0.135592 -0.210359 -1.097296
v -0.487961 -0.939042 0.002805
v 0.531535 -0.192823 0.532869
v -0.205069 -0.259148 0.775849
v -0.208100 -0.260072 0.523170
v 0.378550 -0.306081 0.726092
v -0.953261 -0.138682 -0.323837
v 0.547532 0.019551 -0.951816
v -0.249788 -0.276431 0.763043
v 0.525558 -0.913640 0.493476
v 0.118693 -0.281092 0.839971
v -0.162491 -0.314643 0.809464
v 0.229012 -0.218901 0.461405
v 0.912380 -0.317217 -0.274555
v 0.316221 0.477306 0.856939
v -0.367413 -0.167346 0.800641
v 0.465177 -0.069375 0.753518
v 0.212246 0.411648 0.910864
v -0.029615 -0.629104 1.006085
v -0.586550 -0.851441 0.076557
v 0.577077 0.061708 0.792299
v -0.500613 -0.020131 0.638305
v -0.158118 -1.071742 0.785683
v -0.523653 0.517013 0.679053
v 0.676315 -0.429651 -0.151397
v 0.275101 0.024182 0.951007
v 0.360787 -0.282381 0.757262
v 0.625051 -0.610930 -0.097446
v 0.021881 -0.175322 0.932881
v 0.153974 -1.282289 0.572637
v -0.272932 0.027287 0.924675
v 0.366028 0.042473 0.548254
v -0.977619 -0.221953 -0.364490
v -0.789060 -0.204932 -0.111685
v 0.485585 -0.002613 0.629020
v -0.563912 0.073601 0.783472
v 0.410704 -0.050604 0.772262
v -0.079859 -0.621944 0.942859
v 0.255000 -0.277867 0.763126
v 0.474762 -0.081145 0.751558
v -0.146754 0.424153 -1.102556
v -0.179430 -1.034100 0.791059
v -0.133205 -0.644630 0.881474
v -0.174834 -0.236274 0.604959
v 0.117733 -0.472318 -0.947968
v -0.248402 -0.290255 0.511251
v 0.756276 -0.436588 -0.201814
v -0.601917 -0.032857 0.700976
v 0.777693 -0.348480 -0.132160
v -0.058631 -0.828351 0.974222
v -0.058492 -1.205919 0.819027
v -0.299731 -0.786926 -0.650571
v -0.528427 -0.944339 0.434693
v -0.396900 -0.215599 0.796584
v -0.372817 -0.873210 0.750600
v 0.319256 -0.312501 0.713701
v 0.514290 -0.226004 0.694099
v -0.900376 -0.150684 -0.272161
v -0.045410 -1.288563 0.763143
v -0.711223 -0.439949 -0.189284
v 0.536360 -0.795694 -0.076476
v 0.636195 -0.782449 0.127032
v -0.035009 -0.243135 0.931792
v -0.040904 -0.698037 0.962670
v -0.923075 -0.301401 -0.304196
v 0.795278 0.579684 -0.392995
v -0.823171 0.154276 -0.579891
v -0.329548 -0.344626 0.632595
v 0.532290 -0.823428 -0.302077
v 0.317149 1.083877 -0.064106
v -0.900536 -0.385022 -0.259861
v 0.379720 -0.037253 0.771781
v 0.701701 -0.357519 -0.058412
v -0.514534 -0.163862 0.694837
v -0.490177 -0.111004 0.463964
v -0.448914 0.718288 0.612052
v -0.681302 -0.466825 -0.163008
v -0.184758 -0.167219 0.710994
v 0.395878 -0.207951 0.416967
v 0.696250 -0.457732 0.453123
v 0.216147 -0.123996 0.458328
v 0.380449 -0.209523 0.412840
v -0.700984 -0.651073 -0.046482
v -0.524477 -0.175276 0.664731
v 0.836917 -0.529424 -0.243871
v 0.027431 -0.438504 1.047891
v -0.441025 -0.326867 0.599421
v -0.729120 0.744788 -0.239403
v 0.330864 0.040898 0.663106
v 0.405897 -0.262053 0.764261
v 0.420420 0.872367 -0.696030
v 0.040172 -0.600374 1.108991
v -0.991868 -0.283312 -0.388216
v 0.916684 -0.413353 -0.271081
v 0.150663 -0.278127 -1.067015
v 0.696194 -0.408821 -0.180023
v -0.673233 -0.191088 0.519764
v 0.720829 -0.635802 -0.196689
v 0.775959 -0.318092 -0.101062
v 0.438562 -0.610331 0.793398
v -0.507002 -0.211024 0.707167
v 0.468457 -0.231859 0.748877
v -0.809803 0.501259 -0.027909
v -0.705616 -0.002683 -0.783210
v 0.324452 -0.274929 0.760695
v -0.632897 -0.547670 -0.023015
v -0.258573 -0.696784 -0.714688
v 0.212530 -0.680730 0.864477
v 0.532840 -0.262551 0.684987
v 0.312929 -0.252058 0.791772
v 0.267251 -0.325677 0.638637
v -0.076276 -0.149088 0.916073
v -0.717100 -0.452349 -0.117916
v 0.290789 1.075894 0.066531
v 0.560401 0.004079 0.773171
v 0.312224 -0.628196 -0.737453
v 0.423920 -0.158834 0.415075
v 0.790261 0.131226 0.145660
v -0.713469 -0.624958 -0.041010
v 0.000201 -0.848388 0.975048
v -0.485633 -0.059453 0.484616
v -0.793794 -0.537831 -0.323752
v 0.409507 -0.328130 0.541603
v -0.232892 -0.766384 -0.687196
v -0.168044 0.892894 -0.821716
v 0.685638 -0.197232 -0.741421
v 0.903912 -0.402811 -0.262257
v -0.154877 -0.141716 0.582452
v 0.090919 -0.552501 1.072720
v 0.492752 -0.945706 -0.072197
v -0.210143 0.800303 -0.899572
v 0.956376 -0.374200 -0.357485
v -0.442977 -0.273514 0.763627
v -0.719243 -0.402200 -0.174861
v -0.333047 0.005292 0.732129
v -0.285424 0.049625 -1.105367
v -0.540705 -0.146544 0.539718
v -0.809450 -0.039727 -0.558658
v -0.236556 -0.308740 0.614086
v 0.748248 -0.375198 -0.157787
v -0.223007 -0.267612 0.511084
v -0.483240 0.576710 0.691698
v 0.482282 -0.954004 0.022792
v 0.434750 -0.160050 0.797134
v -0.969611 -0.184253 -0.389407
v 0.373438 -0.302917 0.756196
v 0.377028 -0.260283 0.794371
v 0.628784 -0.596392 -0.022019
v -0.749304 -0.566773 -0.272051
v 0.187371 -1.068251 0.768574
v -0.194141 -1.257690 0.598073
v 0.793179 -0.411865 -0.112892
v -0.126288 -0.239772 0.825616
v -0.405463 0.013973 0.500830
v 0.235656 -0.284657 0.518754
v -0.439748 -0.324967 0.735628
v -0.700803 -0.515261 -0.130731
v -0.869107 -0.108297 -0.211410
v -0.263831 -0.178233 0.784600
v -0.034034 1.147047 -0.262579
v 0.297448 0.014528 0.504551
v -0.349842 -0.033287 0.771544
v 0.780643 -0.188042 -0.262598
v 0.327914 -0.031955 0.441132
v 0.887812 -0.140680 -0.345858
v -0.026696 0.600677 -1.053840
v 0.686168 -0.453618 -0.174169
v -0.210806 -0.115946 0.465567
v 0.687598 0.798850 -0.091308
v 0.086232 -1.043229 0.827240
v 0.250611 -0.165028 0.778089
v 0.692596 -0.516970 -0.117544
v -0.382171 -0.095176 0.805177
v -0.139918 -0.601986 0.962941
v -0.271669 0.019927 0.954263
v 0.545495 0.063272 0.831969
v 0.371361 -0.093695 0.804978
v 0.219381 -0.035128 0.700253
v 0.950211 -0.306310 -0.437888
v 0.549581 -0.159457 0.580712
v 0.056645 1.054032 0.345253
v 0.543200 -0.450966 0.708751
v -0.274659 -0.302301 0.503501
v -0.276896 -0.086133 0.427393
v -0.388549 -0.019633 0.455460
v -0.343075 0.589959 -0.978454
v 0.692229 -0.509636 -0.103651
v -0.664786 -0.522994 -0.080850
v 0.386269 -0.245796 0.769948
v -0.947988 -0.403079 -0.417662
v -0.693078 0.455668 -0.729891
v 0.168723 -0.846507 0.917115
v -0.335894 -0.077697 0.415352
v 0.414347 -1.056479 0.161590
v -0.099212 -0.839572 0.954174
v -0.601790 0.070376 0.752057
v 0.814321 -0.580479 -0.314785
v 0.320842 0.942693 0.429880
v 0.404874 -0.194422 0.803817
v 0.329976 0.134054 -1.090660
v -0.527401 -0.401333 -0.788427
v 0.282517 0.025660 0.672765
v 0.556191 -0.182655 0.658603
v -0.886763 -0.232758 -0.297566
v -0.808518 -0.207189 -0.124216
v 0.682177 -0.470512 -0.161011
v -0.528635 -0.231610 0.645686
v 0.021243 -1.285443 0.324562
v -0.912621 -0.416253 -0.327811
v -0.011805 1.150957 -0.045338
v 0.182212 -1.256555 0.672163
v 0.459275 -0.315562 0.618756
v 0.834791 0.442493 -0.414008
v -0.513330 0.075937 0.861750
v -0.452144 -0.322433 -0.912064
v -0.223139 -0.094459 0.747949
v 0.183624 -0.052590 0.646112
v -0.172113 -0.067140 0.622094
v 0.173711 -0.098231 0.677906
v 0.609286 -0.027851 0.693328
v 0.301482 -1.156141 0.578393
v 0.280970 0.582305 -1.009111
v 0.735099 -0.049438 0.367304
v 0.813729 0.280208 -0.592087
v -0.147849 -0.553484 0.874228
v -0.206982 0.624614 -1.013275
v 0.160022 -0.129784 0.560574
v 0.549249 -0.807085 -0.178454
v -0.141599 -0.561566 0.959392
v -0.741824 -0.487799 -0.078341
v 0.250054 -0.023296 0.722949
v -0.119806 -0.073866 -1.132872
v 0.517534 -0.083432 0.699162
v 0.661691 -0.594868 -0.135160
v -0.171699 -0.498724 0.862490
v -0.196870 1.122505 -0.040893
v -0.084775 0.937373 0.563669
v -0.398420 -0.339625 0.575493
v 0.795426 -0.407497 -0.235126
v -0.260971 0.022375 0.946138
v 0.502961 -0.355969 0.711050
v 0.163383 1.133231 -0.069995
v -0.210934 0.912032 0.559620
v -0.444417 -0.637249 0.787777
v 0.537616 0.758001 -0.701980
v -0.358827 -0.022755 -1.066293
v -0.192737 -0.090826 0.709541
v 0.546494 -0.108780 0.616902
v -0.225672 -0.044270 0.718617
v 0.268705 0.003242 0.702770
v 0.507677 -0.193087 0.487705
v 0.739744 -0.524535 -0.072492
v -0.055381 -0.601308 1.097506
v 0.719075 -0.451046 -0.118369
v 0.316315 -0.030451 0.765737
v -0.424385 -0.394400 -0.879087
v 0.241695 0.805915 0.677911
v -0.517148 -0.147900 0.491688
v -0.644112 -0.637811 -0.029243
v 0.314035 -0.126382 -1.067146
v 0.510228 -0.160765 0.706116
v 0.577859 0.826363 0.258470
v -0.294767 -0.197322 0.784341
v -0.535382 -0.119412 0.679722
v 0.425393 -0.318139 0.676700
v -0.171971 0.264662 0.948944
v 0.070350 -0.875795 0.899101
v -0.034970 -1.290779 0.291213
v 0.370401 -1.101436 0.094153
v -0.847500 0.422001 -0.233934
v 0.803050 -0.238240 -0.143269
v -0.786807 -0.230156 -0.293339
v 0.534581 -0.195371 0.537335
v 0.006395 -0.253071 0.940947
v -0.207215 -0.707633 0.871017
v -0.768257 -0.277114 -0.177723
v -0.244175 -0.675747 0.857700
v 0.922609 -0.455496 -0.325434
v 0.144256 -0.142018 0.854760
v -0.070554 0.779146 0.751389
v -0.501591 -0.214842 -0.930939
v -0.494171 -0.211036 0.734879
v -0.139387 -0.527776 0.890788
v 0.463829 -0.267251 0.489411
v -0.451103 -0.268410 0.734086
v -0.260017 -0.039415 0.463228
v -0.861287 -0.574368 -0.239511
v -0.286509 -0.233397 0.775899
v 0.776799 -0.337725 -0.138391
v -0.231859 -0.148700 0.442872
v -0.674445 -0.632527 -0.137124
v 0.166762 -0.152725 0.676840
v -0.439791 -0.099310 0.826853
v -0.410271 -0.126968 0.803275
v -0.821411 -0.377934 -0.253566
v -0.226974 0.005046 0.600966
v 0.203899 -0.058878 0.703393
v 0.806873 -0.381891 -0.348293
v -0.678946 -0.467242 -0.147211
v -0.166883 -0.264725 -1.069268
v 0.882719 -0.238131 -0.283433
v -0.516453 -0.260604 0.606166
v -0.228904 0.307396 -1.109055
v 0.252245 -0.225715 0.447632
v 0.134253 -0.478337 0.890436
v 0.874912 -0.492151 -0.289230
v 0.956160 -0.396737 -0.414202
v 0.439515 0.003023 0.702985
v 0.220008 -0.018437 0.676583
v -0.740496 -0.532882 -0.070663
v 0.038603 -0.106913 0.953446
v 0.718573 0.454639 -0.692740
v 0.376489 -0.073622 0.847259
v 0.765847 -0.625087 -0.125072
v 0.484510 -0.914604 -0.381395
v 0.460820 -0.035129 0.480609
v 0.602858 0.861172 0.091768
v -0.754663 0.698262 -0.133785
v -0.163731 -0.157048 0.543265
v 0.364958 0.021785 0.500016
v 0.721434 -0.488287 -0.160404
v -0.544756 -0.681273 0.667181
v -0.745956 -0.476524 -0.057856
v -0.608011 0.810455 0.216748
v 0.738989 -0.308633 -0.515121
v -0.549691 -0.167967 0.703638
v 0.505833 -0.160858 0.475816
v 0.166687 -0.083433 0.580330
v -0.599696 0.707303 -0.675254
v -0.894278 -0.229671 -0.338668
v -0.489560 -0.212001 0.473727
v -0.915295 -0.106500 -0.269997
v -0.711427 -0.467897 0.041648
v 0.844302 0.279044 -0.489645
v -0.903057 -0.499240 -0.304260
v 0.589111 0.641867 0.492436
v -0.848819 0.069302 -0.271580
v 0.114252 0.918100 0.585684
v 0.165966 0.004256 -1.135219
v -0.016244 -1.319366 0.699749
v -0.602052 0.501735 0.568825
v 0.418342 0.096631 -1.044541
v -0.397267 -0.121180 0.843670
v 0.940403 -0.304229 -0.372662
v 0.563649 0.202919 -0.938929
v -0.102831 -0.572050 1.052432
v 0.581952 0.072856 0.727178
v 0.645957 -0.643669 -0.057554
v 0.758091 -0.327995 -0.074680
v 0.750731 -0.513000 -0.105447
v -0.443759 -0.067991 0.835527
v -0.551450 -0.913587 0.097171
v -0.492861 0.776905 0.491532
v -0.930905 -0.347138 -0.298901
v -0.690902 -0.508405 -0.102980
v 0.471769 -0.745117 0.728733
v -0.236879 -0.231831 0.744621
v -0.263954 -0.080466 0.773312
v -0.258996 -0.168194 0.784222
v 0.959864 -0.417955 -0.381610
v -0.397427 -0.948012 0.671999
v -0.139998 -1.188607 0.788904
v -0.186999 -0.206582 0.787711
v 0.282166 0.712076 -0.936177
v -0.628039 0.501390 -0.788896
v -0.044993 1.023781 -0.663839
v -0.029912 -0.653104 1.057922
v 0.432984 0.846373 0.471909
v -0.433726 -0.190425 0.423881
v 0.224734 -0.280777 0.681409
v -0.724046 -0.490882 -0.090447
v 0.441205 -0.279895 0.730324
v -0.615164 -0.410987 -0.665499
v 0.720836 0.488105 0.303318
v 0.084851 -0.628563 0.974947
v -0.046874 -0.796665 0.993239
v 0.480778 0.561687 -0.902649
v 0.106909 0.459287 0.921854
v -0.397559 -0.341100 0.611181
v -0.460899 -0.988467 0.002587
v -0.039153 0.044363 0.980732
v -0.484783 -0.291526 0.645684
v -0.926258 -0.380537 -0.349954
v 0.905968 -0.342566 -0.425140
v -0.399980 -0.012372 0.464041
v -0.448579 0.564837 -0.925839
v 0.424092 -0.127875 0.798223
v -0.857900 0.185464 -0.249005
v 0.182774 -0.749006 0.891240
v 0.209302 -0.136666 0.744334
v 0.443830 0.970437 -0.488914
v -0.455563 -0.230956 0.758175
v 0.770561 0.671758 -0.262766
v 0.253729 -0.760211 0.856573
v 0.743422 -0.285313 -0.235503
v 0.732933 -0.258358 -0.174323
v -0.152818 -0.141157 0.848801
v -0.338739 0.001084 0.932960
v -0.793438 -0.366285 -0.108829
v 0.753122 -0.384793 -0.141452
v 0.670099 -0.452785 -0.042279
v 0.124650 -0.882735 0.876704
v 0.194876 1.106467 0.080971
v 0.075772 -1.278817 0.378133
v 0.632212 -0.544872 -0.036333
v 0.779428 -0.483045 -0.145257
v -0.135689 -0.470238 0.888431
v 0.351279 -0.024006 -1.069802
v 0.316256 -0.343359 0.617178
v -0.103055 -0.252824 0.850279
v -0.671531 -0.660840 0.096121
v 0.097328 0.487611 -1.091408
v -0.303228 -0.231032 0.425796
v -0.037297 -0.658222 1.015165
v 0.726085 -0.328094 -0.129528
v -0.966683 -0.245088 -0.363228
v 0.601204 0.072115 0.750733
v 0.710907 -0.385137 -0.043505
v -0.649822 -0.699623 0.365463
v -0.063119 -0.193455 0.908662
v 0.277750 -0.278498 0.739685
v -0.570836 0.416651 -0.886213
v -0.033105 -1.319427 0.562856
v -0.280952 -0.226984 0.432571
v 0.777568 -0.334839 -0.206686
v 0.308167 -0.990602 0.717974
v 0.752281 -0.444527 -0.294947
v 0.812853 -0.167549 -0.134237
v 0.107513 -0.987079 0.887455
v -0.549958 -0.765134 -0.305193
v -0.804622 -0.134423 -0.177581
v -0.768195 -0.204855 -0.254793
v 0.448496 -0.240168 0.750058
v 0.194649 1.003777 -0.657324
v 0.220684 0.542622 0.866973
v 0.394061 -0.386447 -0.905139
v -0.678593 -0.470650 -0.172636
v -0.195255 -0.012945 0.950122
v -0.218644 -1.080372 0.743425
v 0.249292 -0.108016 0.773806
v -0.435129 0.031894 0.596932
v 0.298223 -0.134409 0.834436
v 0.485157 0.462616 -0.943715
v -0.199800 0.032976 -1.130480
v -0.732264 -0.646320 -0.190999
v 0.401939 -0.656165 -0.652778
v -0.229479 -0.155668 0.763761
v -0.385193 0.135061 -1.063718
v 0.807779 -0.478066 -0.351146
v 0.111937 -0.026746 0.965908
v 0.902372 -0.206540 -0.355671
v -0.669870 -0.657302 -0.104182
v 0.858531 -0.161266 -0.283728
v -0.125214 0.170411 -1.145902
v -0.301609 0.043549 0.601111
v 0.403769 0.029560 0.680032
v 0.054715 -0.433624 1.020626
v -0.091139 0.511773 -1.083313
v -0.901490 -0.479968 -0.390644
v -0.811557 -0.574928 -0.317573
v -0.731639 -0.387798 -0.147692
v 0.395519 -0.142471 0.811282
v 0.390144 -0.689196 0.808322
v 0.832461 -0.132797 -0.166771
v -0.709061 0.711699 -0.458908
v -0.390419 -1.077273 0.169041
v 0.186339 -0.045200 0.638145
v -0.563559 -0.175947 0.669364
v -0.789448 -0.492163 -0.143098
v -0.090420 -0.638801 0.938460
v -0.561883 -0.622145 -0.471367
v 0.248530 -0.831674 0.848570
v 0.111734 -0.236017 0.837357
v 0.338346 -0.292539 0.464789
v -0.877875 -0.488432 -0.292451
v -0.226237 -0.894771 0.782817
v 0.508246 0.202258 0.797352
v -0.204148 -0.175965 0.472579
v -0.791390 -0.510441 -0.143213
v -0.782776 -0.389281 -0.210610
v -0.907323 -0.107555 -0.310394
v 0.807104 -0.494365 -0.159955
v 0.038775 1.125590 0.110299
v -0.709006 -0.308171 -0.147913
v -0.297867 0.007594 0.491438
v 0.246305 -0.058572 0.458232
v 0.778258 -0.168201 -0.220054
v -0.547491 -0.297278 0.670052
v -0.769931 -0.233529 -0.170655
v -0.725724 -0.510787 -0.097384
v 0.346735 1.027105 -0.487540
v -0.250938 -0.873817 0.813490
v 0.431624 0.028321 0.560683
v 0.577519 0.127381 0.741857
v -0.493074 -0.053230 0.499720
v -0.155955 -0.122462 0.619293
v -0.272457 0.312745 0.913477
v 0.231677 -0.054795 -1.112979
v -0.219230 -0.130418 0.455067
v -0.860392 0.284752 -0.332981
v -0.954246 -0.331986 -0.437182
v 0.346008 0.583408 0.795162
v 0.922602 -0.374614 -0.432237
v 0.513185 -0.050216 0.670727
v -0.629360 -0.004020 0.661851
v 0.607361 0.477610 0.572414
v 0.384022 -0.518199 0.809313
v -0.852572 0.300670 -0.182573
v 0.729263 -0.346435 0.385707
v -0.470256 -0.524968 0.771844
v -0.044603 -0.666490 0.961795
v 0.136122 -1.072467 0.796631
v 0.434782 -0.329379 0.598905
v 0.165289 -0.892510 0.847500
v 0.114626 -0.918784 0.901778
v 0.568955 -0.926337 0.295008
v -0.804068 -0.355272 -0.339951
v 0.254843 -0.420207 -0.948998
v 0.354300 -0.274916 0.763422
v 0.839996 -0.150849 -0.161054
v 0.039068 -0.677280 0.975352
v 0.739027 -0.349957 -0.394508
v 0.464751 -0.874113 -0.443047
v 0.727155 -0.510515 -0.093825
v 0.524562 -0.173198 0.664835
v -0.836137 -0.319102 -0.221292
v -0.199950 -0.026334 0.940651
v -0.701111 -0.516181 -0.112189
v -0.876608 -0.565635 -0.299700
v 0.041969 -0.755293 0.972951
v 0.635264 0.270659 -0.862350
v -0.637612 -0.233950 0.569865
v -0.213132 -0.890245 0.823957
v -0.944071 -0.184457 -0.329985
v -0.168876 -0.662774 -0.772064
v 0.873091 -0.112095 -0.293567
v 0.326353 -0.161265 0.813866
v 0.836494 -0.417913 -0.266038
v -0.543528 -0.101509 0.578274
v -0.462764 -1.037590 0.434050
v 0.621353 -0.166638 -0.841952
v 0.578100 -0.329774 -0.794735
v -0.558784 0.172684 0.751948
v 0.733842 -0.511018 -0.108995
v -0.425977 -0.158283 0.802019
v 0.151524 -0.590378 0.866906
v -0.788541 -0.304938 -0.141604
v 0.778832 -0.348235 -0.169215
v -0.351719 0.838813 -0.791569
v 0.194066 -0.198470 0.784610
v -0.314414 -0.163251 0.809489
v 0.534681 -0.189992 0.677288
v -0.193903 -0.167409 0.806989
v 0.042216 -0.700551 0.962311
v -0.602317 0.656858 0.452478
v 0.550125 -0.247372 0.664587
v 0.779833 -0.598674 -0.129019
v 0.688288 -0.432944 -0.184975
v -0.322624 -0.260062 0.794648
v -0.468683 -0.139402 0.770170
v 0.560123 0.528168 0.625542
v 0.877565 -0.474366 -0.393106
v 0.011149 0.459331 -1.105073
v -0.553675 -0.765865 -0.049103
v -0.519736 -0.210201 0.515339
v 0.242280 1.106217 -0.313264
v 0.852045 0.387278 -0.235575
v -0.777720 -0.335304 -0.206880
v -0.433687 0.031753 0.628926
v 0.509890 -0.118068 0.486104
v 0.829928 -0.113518 -0.216880
v -0.490181 -0.072916 0.806547
v 0.077286 -1.153353 0.821203
v 0.616238 0.058257 0.724612
v -0.777881 -0.168805 -0.220176
v 0.319422 -0.059015 0.426517
v 0.209648 -0.871490 0.860413
v 0.141564 -0.596869 0.961192
v -0.628458 -0.669933 0.492538
v -0.359398 -0.712758 -0.645930
v 0.668313 0.611867 0.354256
v -0.759003 -0.268605 -0.091465
v -0.247149 -0.408534 -0.960621
v 0.237106 -0.121626 0.816500
v 0.421875 -0.182252 0.800074
v 0.248171 -0.223151 0.747903
v 0.005891 1.064200 -0.587151
v -0.696489 -0.406651 -0.178957
v 0.473862 -0.167101 0.445829
v -0.522082 -0.209474 0.693128
v -0.740184 -0.283710 -0.226674
v 0.621644 -0.811291 0.305147
v -0.581688 0.910692 -0.034268
v 0.448650 -0.515456 0.782356
v -0.369781 -0.784209 0.796693
v 0.783010 -0.280551 -0.296341
v 0.273073 -0.745413 -0.680408
v 0.665644 -0.669570 0.081772
v -0.745318 0.490011 -0.627506
v -0.402525 0.058753 0.904144
v -0.374145 -0.064601 0.864533
v 0.696423 0.022128 -0.801200
v 0.535077 0.413304 0.712752
v 0.580807 -0.634511 -0.411291
v 0.631905 -0.393042 -0.659736
v 0.069230 0.979894 0.497810
v 0.562763 0.560043 -0.829438
v -0.320165 -0.204328 0.411735
v -0.063769 -0.856277 0.949098
v 0.394900 -0.878222 0.728131
v -0.236838 -0.002015 0.672882
v 0.961971 -0.165444 -0.334096
v -0.947109 -0.289214 -0.435982
v -0.745158 -0.629400 -0.226880
v 0.210741 -0.789938 0.880330
v 0.768566 0.466414 0.166418
v 0.632255 -0.630709 -0.035585
v -0.538836 -0.791347 -0.078373
v 0.683112 -0.455285 -0.182691
v 0.787463 0.007661 -0.645580
v 0.046290 -0.983292 0.907161
v -0.850496 -0.392061 -0.267993
v -0.384842 0.043541 0.643407
v 0.968609 -0.262094 -0.427625
v -0.734443 -0.249848 -0.165204
v -0.404201 1.039212 -0.307867
v 0.771472 -0.264877 -0.382963
v -0.570071 0.587283 -0.806583
v 0.231392 1.017410 0.344264
v 0.037620 -0.654623 1.021305
v -0.875344 -0.459894 -0.255823
v -0.356258 -0.125164 0.814543
v 0.360369 -0.080340 0.414718
v 0.714417 -0.284925 -0.111073
v -0.824316 -0.062349 -0.442521
v 0.649341 0.733389 -0.563340
v 0.096799 1.001728 -0.691852
v -0.153791 0.769748 0.742317
v 0.840787 -0.183338 -0.251567
v -0.334273 -0.192883 0.809026
v -0.251920 -0.479909 0.831702
v -0.121323 -1.265401 0.353335
v 0.417818 0.979962 0.198074
v -0.825670 0.344109 -0.531780
v -0.678575 0.359427 -0.789944
v -0.328363 -0.114975 0.810126
v 0.233280 -0.303018 0.640190
v -0.710007 0.010563 0.448968
v 0.843227 -0.604899 -0.224152
v 0.421815 0.012941 0.508663
v 0.359238 -1.151179 0.033842
v -0.366129 -0.853744 -0.585688
v 0.848264 0.052851 -0.331808
v -0.585649 -0.863802 0.380083
v 0.947410 -0.132269 -0.343085
v -0.569780 -0.929048 0.223266
v 0.697835 -0.666967 -0.084941
v 0.483709 -1.033504 0.348760
v -0.184480 -0.067809 0.536928
v 0.627458 -0.246114 0.583328
v -0.817593 0.273807 0.039555
v -0.153201 1.017301 -0.651283
v -0.637524 -0.581438 -0.117215
v 0.618648 0.073459 -0.892244
v -0.834687 -0.024976 -0.330581
v -0.829108 -0.477331 -0.365967
v -0.916708 -0.368573 -0.430205
v -0.589751 -0.159799 -0.876658
v -0.837424 -0.201362 -0.244638
v -0.676878 -0.415615 -0.084814
v 0.187884 -0.240830 0.668325
v -0.111287 -0.813644 0.964347
v 0.089627 -0.748661 -0.733849
v 0.708601 -0.318349 -0.159579
v -0.753324 -0.278278 -0.032890
v 0.512524 -0.264942 0.590510
v 0.695409 -0.493626 -0.099297
v 0.520396 -0.877766 -0.002719
v 0.646871 -0.769911 0.218824
v -0.681386 -0.549070 -0.183612
v 0.859019 -0.263830 -0.248296
v 0.838034 0.477819 -0.306614
v -0.383790 1.015303 0.140737
v -0.828472 -0.590916 -0.196212
v -0.852955 0.368942 -0.369839
v 0.592977 -0.659839 -0.315529
v 0.256615 -0.032429 0.915033
v -0.959075 -0.370182 -0.358897
v -0.739353 -0.350733 -0.352408
v 0.703169 -0.329082 -0.077344
v 0.757075 -0.267167 -0.090214
v 0.379072 -0.052818 0.871875
v -0.492560 -0.286663 0.576788
v -0.493496 -1.029761 -0.149149
v -0.897972 -0.137420 -0.240673
v 0.725913 -0.435791 0.311173
v 0.772412 -0.138912 0.193141
v -0.544706 -0.804772 -0.146984
v 0.294104 -0.057506 0.775394
v -0.788310 -0.169560 -0.131380
v 0.843916 -0.485048 -0.220378
v 0.204618 -0.279025 0.624642
v -0.713017 -0.478531 -0.024186
v 0.436416 -0.122350 -1.003623
v 0.881833 -0.450520 -0.258740
v 0.390105 0.188533 0.879576
v -0.853396 -0.559259 -0.335028
v -0.900047 -0.461625 -0.277595
v -0.506780 0.804446 -0.686604
v -0.682678 -0.575627 -0.000118
v -0.593753 0.885587 -0.376377
v -0.731785 -0.316876 0.381563
v -0.102158 0.476222 0.915726
v -0.023817 0.107308 -1.156106
v -0.467260 -0.004771 -1.007126
v -0.373433 -0.245218 0.770727
v -0.683222 -0.504937 0.463636
v 0.673975 -0.679897 0.160844
v 0.788621 -0.541143 -0.179314
v 0.967261 -0.241672 -0.362978
v -0.353552 -0.133566 0.815184
v 0.751280 -0.562426 -0.097614
v -0.297164 -1.164230 0.264386
v 0.829681 -0.587733 -0.198682
v 0.059909 0.022894 -1.151869
v -0.615794 0.381357 0.592227
v 0.247693 1.085838 -0.413338
v 0.839507 0.272755 -0.065962
v 0.916873 -0.126968 -0.349665
v 0.609036 0.067387 0.717062
v -0.136016 -0.871942 0.905899
v 0.675523 -0.422299 -0.091996
v -0.678518 0.525466 0.391172
v -0.859842 -0.174133 -0.281994
v 0.597104 -0.637900 0.601464
v 0.842591 0.176780 -0.098956
v -0.680418 -0.164582 -0.766048
v 0.095974 1.096506 0.205770
v -0.427937 -0.118800 -1.009634
v 0.739262 -0.480403 -0.049873
v 0.845590 -0.521632 -0.362999
v 0.652957 -0.527598 -0.130995
v 0.078382 -0.445830 0.989966
v 0.865423 -0.477130 -0.244083
v -0.574647 -0.010077 -0.927066
v -0.689471 -0.343705 -0.608455
v 0.908015 -0.254759 -0.355686
v -0.387546 0.038348 0.664498
v -0.149647 -0.621679 0.868749
v -0.911554 -0.330205 -0.427806
v -0.957890 -0.216482 -0.352397
v -0.781070 -0.596861 -0.130924
v -0.777355 0.010793 0.192777
v -0.774048 -0.220883 0.047004
v 0.884225 -0.552760 -0.305862
v 0.440006 0.532364 0.754915
v -0.532388 -0.215868 0.657213
v 0.791173 -0.171947 -0.268440
v -0.220868 0.558774 0.859721
v 0.822455 -0.377736 -0.253954
v 0.432480 -0.139413 0.797272
v 0.792051 -0.584106 -0.300756
v -0.461490 -1.001675 -0.035688
v -0.682572 -0.468498 -0.161801
vn -0.9960 -0.0668 0.0597
vn 0.9762 0.1403 -0.1655
vn -0.0495 -0.5697 -0.8204
vn 0.9520 0.0683 -0.2984
vn -0.9191 -0.2400 0.3125
vn -0.9891 0.0139 0.1468
vn -0.8386 0.0582 0.5416
vn 0.3988 -0.0454 0.9159
vn 0.4700 -0.5629 0.6799
vn -0.8274 0.0522 -0.5592
vn -0.2323 -0.0092 -0.9726
vn 0.1033 -0.8769 0.4694
vn 0.7461 -0.6653 0.0260
vn 0.9285 0.2524 -0.2723
vn 0.9566 0.2904 -0.0228
vn 0.9343 0.0625 -0.3509
vn 0.8808 -0.1079 -0.4610
vn 0.9098 0.2605 -0.3230
vn -0.9118 0.3536 -0.2088
vn -0.8945 0.2774 -0.3506
vn -0.7440 -0.6644 0.0705
vn -0.9071 0.3293 -0.2623
vn -0.9567 0.2045 -0.2070
vn -0.9794 0.2002 0.0266
vn -0.9565 0.2904 -0.0264
vn 0.9740 -0.2227 0.0413
vn 0.9528 -0.3001 0.0468
vn 0.9718 -0.2297 -0.0527
vn -0.2410 0.9075 -0.3440
vn 0.0051 0.8434 -0.5373
vn 0.2547 0.8909 -0.3760
vn 0.0622 -0.9958 0.0673
vn 0.6121 -0.7663 -0.1954
vn 0.0506 -0.9685 0.2438
vn 0.4136 0.8090 0.4177
vn 0.6927 -0.4828 0.5358
vn 0.9409 0.3002 0.1570
vn -0.7292 -0.1266 -0.6725
vn -0.6121 -0.7663 -0.1954
vn -0.6794 -0.6068 -0.4125
vn 0.4265 0.8971 0.1150
vn -0.6110 0.6004 -0.5160
vn -0.6641 0.3379 0.6669
vn 0.2007 0.1403 0.9695
vn 0.2068 -0.0120 0.9783
vn 0.3043 0.1171 0.9453
vn 0.4085 -0.5635 -0.7180
vn 0.5504 -0.5258 -0.6485
vn 0.5499 -0.5807 -0.6003
vn -0.7322 -0.5478 0.4047
vn -0.6602 -0.4914 0.5681
vn -0.7492 -0.5400 0.3835
vn 0.9208 -0.3875 -0.0434
vn 0.9142 -0.4001 -0.0642
vn 0.9036 -0.4139 -0.1106
vn -0.9615 -0.2747 0.0119
vn -0.9564 -0.2885 0.0455
vn -0.9447 -0.3280 0.0026
vn -0.9362 0.3433 0.0748
vn -0.9628 0.2657 -0.0498
vn -0.9715 0.2249 0.0750
vn 0.6274 -0.7618 -0.1612
vn 0.8260 -0.5467 -0.1373
vn 0.6591 -0.7298 -0.1813
vn 0.9606 -0.2738 0.0485
vn 0.9317 -0.2931 0.2145
vn 0.9522 -0.1746 0.2505
vn 0.9091 -0.1233 -0.3980
vn 0.9304 0.0066 -0.3664
vn 0.9669 -0.0493 -0.2504
vn 0.2643 -0.9628 -0.0560
vn 0.4020 -0.9135 -0.0628
vn 0.4408 -0.8965 -0.0443
vn -0.8210 0.4075 0.3999
vn -0.9424 0.2111 0.2596
vn -0.8477 0.3606 0.3890
vn 0.1563 -0.6087 -0.7778
vn 0.2093 -0.5909 -0.7791
vn 0.0824 -0.5810 -0.8097
vn 0.8792 0.0001 0.4765
vn 0.9899 0.1414 0.0077
vn 0.8522 0.4923 -0.1772
vn 0.2693 0.1164 0.9560
vn 0.2510 0.1035 0.9624
vn 0.2911 0.1171 0.9495
vn -0.0626 -0.7260 -0.6849
vn -0.1625 -0.8912 -0.4236
vn -0.2958 -0.7588 -0.5803
vn -0.2334 0.0539 0.9709
vn -0.3615 0.0446 0.9313
vn -0.4379 -0.0186 0.8988
vn -0.5412 -0.2335 0.8078
vn -0.3559 -0.0858 0.9306
vn -0.6132 -0.2443 0.7512
vn -0.2823 -0.2445 0.9276
vn -0.3114 -0.4872 0.8159
vn -0.4346 -0.2106 0.8757
vn 0.8494 0.0170 0.5274
vn 0.7909 0.0140 0.6118
vn 0.8710 -0.0029 0.4914
vn 0.3189 0.2135 0.9234
vn -0.4056 0.5428 0.7354
vn -0.5393 0.4099 0.7356
vn 0.6985 0.3803 -0.6063
vn 0.6538 0.6346 -0.4121
vn 0.8616 0.3365 -0.3799
vn 0.7013 -0.2845 -0.6536
vn 0.7809 -0.3839 -0.4927
vn 0.4754 -0.6552 -0.5871
vn -0.0924 -0.5474 0.8318
vn -0.0444 -0.6978 0.7150
vn 0.1142 -0.6212 0.7753
vn -0.8685 -0.2826 0.4072
vn -0.8687 -0.3761 0.3224
vn -0.8138 -0.3833 0.4368
vn 0.9852 -0.0705 0.1564
vn 0.9750 -0.0851 0.2053
vn 0.9841 -0.1741 0.0347
vn 0.7588 -0.5721 -0.3113
vn 0.7511 -0.6002 -0.2749
vn -0.4684 -0.0857 0.8793
vn -0.5258 -0.3899 0.7560
vn -0.2825 -0.5885 0.7575
vn 0.3825 -0.8668 0.3200
vn 0.6460 -0.7190 0.2563
vn 0.7433 -0.4034 0.5337
vn 0.9056 -0.4064 0.1213
vn 0.9962 -0.0498 0.0720
vn 0.8961 -0.2656 0.3557
vn -0.0281 -0.4926 0.8698
vn -0.2560 -0.5888 0.7667
vn -0.2024 0.3796 0.9028
vn 0.0721 -0.3220 0.9440
vn 0.0417 0.0494 0.9979
vn -0.2565 -0.0350 0.9659
vn 0.4349 -0.8742 0.2160
vn 0.2206 -0.8011 0.5563
vn 0.3359 -0.8824 0.3294
vn -0.6907 0.1347 0.7104
vn -0.7435 0.2285 0.6285
vn -0.7811 0.2894 0.5533
vn -0.8042 0.4052 0.4349
vn -0.8656 0.2604 0.4277
vn -0.4822 0.3682 0.7949
vn 0.8237 -0.3745 -0.4258
vn 0.8034 -0.2953 -0.5171
vn 0.8643 -0.2003 -0.4614
vn -0.1265 0.0635 0.9899
vn -0.0369 -0.1907 0.9809
vn -0.0999 -0.1803 0.9785
vn -0.0048 -0.0599 0.9982
vn 0.0005 -0.6099 0.7924
vn 0.1787 0.0387 0.9831
vn -0.1894 0.0533 0.9805
vn -0.0086 0.3121 0.9500
vn -0.1706 0.2857 0.9430
vn -0.3285 -0.3275 -0.8859
vn -0.2151 -0.4865 -0.8468
vn -0.4296 -0.2647 -0.8634
vn -0.2518 -0.7644 0.5936
vn 0.3221 -0.6775 0.6612
vn 0.0360 -0.8792 0.4752
vn 0.7040 -0.5569 0.4408
vn 0.7197 -0.5012 0.4805
vn 0.6413 -0.4662 0.6094
vn 0.6341 -0.2488 0.7321
vn -0.7056 -0.6701 0.2303
vn -0.7013 -0.6748 0.2299
vn -0.1552 0.8070 0.5698
vn 0.1190 0.8779 0.4638
vn -0.0922 0.8729 0.4791
vn -0.8144 -0.4536 -0.3620
vn -0.7735 -0.5007 -0.3886
vn -0.8473 -0.4575 -0.2697
vn -0.1330 -0.6980 -0.7036
vn 0.1563 -0.6749 -0.7212
vn 0.1757 -0.8453 -0.5046
vn 0.6933 -0.3070 0.6520
vn 0.6501 -0.2987 0.6987
vn 0.4057 -0.7792 0.4777
vn 0.5256 -0.7820 0.3351
vn -0.0167 -0.3269 0.9449
vn -0.1129 -0.2747 0.9549
vn 0.0052 -0.1576 0.9875
vn 0.3317 -0.4478 0.8303
vn 0.5579 -0.3588 0.7483
vn 0.2791 -0.5898 0.7578
vn 0.9738 -0.2271 0.0102
vn 0.9735 0.1359 0.1839
vn 0.9863 0.0305 0.1622
vn 0.8534 -0.4065 -0.3263
vn 0.8255 -0.4514 -0.3388
vn 0.8636 -0.4253 -0.2709
vn 0.9227 -0.3844 0.0299
vn -0.5494 -0.2927 0.7826
vn -0.5393 0.1150 0.8342
vn -0.7569 -0.1368 0.6391
vn -0.4601 0.1177 0.8800
vn -0.6685 0.0688 0.7405
vn -0.5131 0.1028 0.8521
vn -0.7092 -0.6647 0.2351
vn -0.4231 -0.8451 0.3269
vn -0.8551 -0.3473 0.3850
vn -0.8307 -0.1664 0.5313
vn -0.7975 -0.3172 0.5133
vn -0.8486 -0.0974 0.5201
vn 0.5162 -0.4075 0.7533
vn 0.6602 -0.3168 0.6810
vn 0.4881 -0.5539 0.6744
vn -0.0725 -0.3009 0.9509
vn -0.1267 0.3721 0.9195
vn 0.1514 0.2912 0.9446
vn 0.3183 0.1950 0.9277
vn 0.3144 0.2769 0.9080
vn 0.9903 -0.0854 -0.1100
vn 0.9501 0.2404 -0.1989
vn 0.9877 0.1341 0.0808
vn -0.6664 0.2503 -0.7023
vn -0.7579 0.2005 -0.6208
vn -0.7189 0.3177 -0.6183
vn 0.1758 0.7179 0.6736
vn 0.7085 0.1368 0.6923
vn 0.7012 0.2990 0.6473
vn -0.7817 0.5947 -0.1881
vn -0.7472 0.6176 0.2456
vn -0.5010 0.8430 0.1959
vn 0.3422 0.3777 -0.8604
vn 0.4844 0.1488 -0.8621
vn 0.1845 0.0162 -0.9827
vn 0.1657 0.4535 0.8757
vn 0.2006 0.3971 0.8956
vn 0.2548 -0.2893 0.9227
vn -0.2495 -0.3265 0.9117
vn -0.2008 -0.6766 0.7085
vn -0.7608 -0.6412 -0.0999
vn -0.4917 -0.8706 0.0172
vn -0.6548 -0.7310 0.1921
vn -0.7298 -0.0488 0.6820
vn -0.7164 -0.1377 0.6839
vn -0.9823 -0.1730 0.0711
vn -0.4997 0.2388 0.8326
vn -0.3435 0.1490 0.9273
vn 0.0458 -0.8113 0.5828
vn 0.2170 -0.6867 0.6938
vn 0.0508 -0.5884 0.8070
vn 0.2231 0.8446 -0.4867
vn -0.1217 0.8292 -0.5456
vn -0.1674 0.9406 -0.2952
vn 0.7812 0.2358 0.5780
vn 0.4302 -0.0886 0.8984
vn 0.7698 -0.0041 0.6383
vn -0.7454 -0.3346 0.5766
vn -0.6324 -0.3076 0.7110
vn -0.7064 -0.2198 0.6728
vn -0.7422 -0.0832 0.6649
vn -0.8865 0.3979 0.2361
vn -0.9448 0.3086 0.1101
vn -0.8500 -0.2103 0.4830
vn -0.6836 0.2654 0.6799
vn -0.7099 -0.4928 0.5031
vn 0.3728 -0.2827 0.8838
vn 0.3128 0.0286 0.9494
vn -0.0622 -0.9958 0.0673
vn -0.0506 -0.9685 0.2438
vn -0.1178 0.8635 -0.4904
vn 0.4503 0.8069 -0.3822
vn -0.2546 0.8911 -0.3757
vn 0.2410 0.9075 -0.3440
vn 0.4558 -0.3626 0.8129
vn 0.0641 -0.9071 0.4160
vn 0.2333 -0.8437 0.4834
vn -0.4331 0.4054 -0.8050
vn -0.1660 0.8263 -0.5381
vn -0.0004 0.9366 -0.3504
vn -0.3679 0.7707 0.5203
vn 0.1428 0.8019 0.5801
vn -0.0801 0.9953 0.0546
vn -0.4826 -0.7327 0.4799
vn -0.2044 -0.8050 0.5569
vn -0.3721 -0.7048 0.6040
vn 0.6685 0.3367 0.6632
vn 0.7875 -0.0340 0.6153
vn 0.6146 -0.4227 0.6660
vn 0.8439 0.0177 0.5362
vn 0.1522 0.4653 0.8720
vn 0.0775 0.2128 0.9740
vn 0.3661 -0.5134 0.7761
vn -0.4814 -0.7874 0.3850
vn -0.6117 -0.4793 0.6294
vn -0.6368 -0.7021 0.3186
vn 0.2039 -0.6478 0.7340
vn 0.4378 -0.1290 0.8898
vn 0.4204 0.2830 0.8621
vn 0.4859 0.2169 0.8467
vn 0.3119 -0.4586 0.8321
vn 0.5934 -0.4138 0.6903
vn 0.5066 -0.1016 0.8562
vn -0.9545 -0.1685 -0.2460
vn -0.9364 -0.2733 -0.2203
vn -0.9776 -0.1915 -0.0878
vn 0.2762 -0.6237 0.7313
vn 0.1346 -0.8209 0.5550
vn 0.3544 -0.6626 0.6598
vn 0.3975 -0.7446 0.5362
vn 0.2620 -0.7697 0.5822
vn -0.1582 -0.3854 0.9091
vn 0.0829 -0.6230 0.7779
vn 0.1320 -0.2802 0.9508
vn -0.5488 0.6222 -0.5583
vn -0.6520 0.3012 -0.6958
vn -0.0054 0.8416 -0.5401
vn 0.9309 0.3430 -0.1257
vn 0.9391 -0.3400 0.0502
vn 0.3754 0.0936 -0.9221
vn -0.4092 -0.7707 0.4885
vn -0.8036 -0.2697 0.5305
vn -0.5501 -0.7620 0.3418
vn -0.4541 -0.5741 0.6813
vn -0.4669 -0.5530 0.6900
vn -0.4557 -0.1560 0.8764
vn -0.6459 0.7045 0.2943
vn -0.3515 0.8805 0.3182
vn -0.6281 0.7738 0.0817
vn -0.1899 0.8786 -0.4382
vn 0.2493 0.9654 0.0760
vn 0.5991 -0.1166 0.7922
vn 0.4539 -0.7990 0.3945
vn -0.3627 -0.4927 0.7910
vn -0.4204 -0.2595 0.8694
vn -0.1324 -0.2425 0.9611
vn -0.0453 -0.2428 0.9690
vn 0.1511 0.0989 0.9836
vn 0.3370 0.0144 0.9414
vn -0.3554 -0.5986 -0.7179
vn -0.4592 -0.5627 -0.6874
vn -0.4723 -0.5598 -0.6808
vn -0.9306 0.3436 -0.1264
vn -0.3756 0.0932 -0.9221
vn -0.9391 -0.3400 0.0502
vn -0.3440 -0.5123 -0.7869
vn -0.2210 -0.2517 0.9422
vn -0.4160 -0.4637 0.7822
vn -0.6056 0.5246 -0.5984
vn -0.6208 -0.6982 -0.3566
vn -0.6402 -0.6187 -0.4553
vn -0.1279 -0.0244 0.9915
vn -0.1587 0.2397 0.9578
vn -0.3697 -0.6017 0.7080
vn 0.3376 0.9220 -0.1893
vn 0.4456 0.7348 -0.5113
vn 0.1014 0.8615 0.4975
vn -0.1249 -0.8375 0.5319
vn -0.2985 -0.6808 0.6689
vn 0.3550 0.8556 -0.3767
vn 0.2738 0.9156 0.2946
vn 0.1743 0.7935 0.5830
vn 0.5783 -0.5274 0.6225
vn 0.6559 0.1400 0.7417
vn 0.7318 0.1159 0.6716
vn -0.4635 -0.2360 0.8541
vn -0.6061 -0.1433 0.7824
vn -0.2280 -0.8476 0.4791
vn -0.1605 0.9864 -0.0361
vn -0.2668 0.9593 0.0923
vn -0.5499 0.7206 0.4224
vn 0.0038 0.9322 -0.3620
vn -0.9015 0.2286 0.3674
vn -0.8606 0.1284 0.4928
vn -0.6955 -0.4949 0.5209
vn -0.7801 0.0172 -0.6254
vn -0.9895 0.1021 0.1027
vn 0.1869 0.8809 -0.4348
vn -0.4538 -0.7994 0.3937
vn 0.7292 -0.1266 -0.6725
vn 0.6795 -0.6068 -0.4125
vn 0.0531 0.8177 0.5732
vn 0.0092 0.8446 0.5353
vn -0.0498 0.9138 0.4030
vn 0.1178 0.8635 -0.4904
vn -0.6335 0.1888 0.7504
vn -0.5775 -0.5016 0.6441
vn -0.5649 -0.3351 0.7541
vn -0.2159 -0.4156 0.8835
vn -0.4014 -0.8620 0.3095
vn -0.4696 -0.7170 0.5151
vn 0.7011 0.0178 0.7128
vn 0.4879 0.0628 0.8706
vn 0.4166 -0.2009 0.8866
vn -0.4135 0.8090 0.4177
vn -0.9409 0.3001 0.1570
vn -0.6927 -0.4828 0.5358
vn -0.4503 0.8069 -0.3823
vn 0.4587 -0.5224 0.7188
vn -0.6130 -0.0371 -0.7892
vn -0.4202 -0.1976 -0.8857
vn -0.6921 -0.2311 -0.6838
vn -0.6754 -0.3169 0.6659
vn -0.9128 -0.1840 0.3645
vn -0.9107 -0.2985 0.2855
vn 0.4793 0.1282 0.8683
vn 0.1914 0.2884 0.9382
vn 0.2928 -0.0373 0.9554
vn 0.3455 0.5265 -0.7769
vn 0.1207 -0.4604 -0.8795
vn 0.6518 0.3022 -0.6956
vn 0.5488 0.6222 -0.5583
vn 0.4638 0.7265 -0.5070
vn -0.2767 0.8800 0.3861
vn 0.4364 0.3957 -0.8080
vn 0.1660 0.8265 -0.5378
vn -0.4286 -0.5409 0.7237
vn -0.3264 -0.4356 0.8389
vn 0.2195 0.0284 -0.9752
vn 0.2974 0.6930 -0.6567
vn -0.3191 -0.9427 0.0978
vn -0.3805 -0.8376 0.3921
vn 0.1698 -0.2151 0.9617
vn -0.9332 0.0516 -0.3557
vn -0.3362 -0.7825 -0.5240
vn -0.5714 -0.5613 -0.5988
vn 0.6831 0.5934 -0.4257
vn -0.0138 0.2578 -0.9661
vn -0.9510 0.0387 0.3069
vn -0.8822 0.1698 0.4393
vn -0.9756 -0.2061 0.0751
vn -0.1571 -0.9814 0.1100
vn -0.0719 -0.9919 0.1051
vn 0.4666 -0.8386 -0.2811
vn -0.0244 -0.9990 -0.0384
vn 0.3768 -0.9130 0.1565
vn -0.2631 -0.9554 -0.1343
vn -0.0679 -0.3681 0.9273
vn 0.2902 -0.6602 0.6928
vn 0.5514 -0.6290 0.5480
vn -0.7017 -0.3362 -0.6282
vn -0.5578 -0.6519 -0.5137
vn -0.7412 -0.5330 -0.4081
vn -0.0443 0.2672 0.9626
vn -0.2480 0.4233 0.8714
vn -0.2780 0.1451 0.9496
vn -0.9029 -0.3972 -0.1643
vn -0.6774 -0.2566 0.6894
vn -0.1683 0.1160 0.9789
vn -0.0034 -0.2781 0.9606
vn -0.1019 -0.4246 0.8996
vn -0.7159 -0.5624 0.4137
vn -0.5408 -0.8329 0.1171
vn -0.4833 -0.8618 0.1539
vn 0.4843 -0.8545 -0.1878
vn 0.5515 -0.2553 0.7941
vn -0.9756 0.1308 0.1761
vn -0.9724 -0.2316 0.0266
vn -0.9728 0.0544 0.2253
vn -0.1849 0.9652 0.1847
vn -0.4627 0.6823 -0.5660
vn -0.3178 0.9453 -0.0742
vn 0.7391 0.0745 0.6695
vn 0.8081 -0.1585 0.5673
vn 0.8442 -0.0157 0.5358
vn 0.7357 -0.0020 0.6773
vn 0.2726 -0.5092 0.8164
vn 0.0729 -0.9185 0.3887
vn 0.1592 -0.9378 0.3084
vn 0.3437 -0.5226 0.7802
vn 0.8075 -0.0295 0.5891
vn 0.1796 -0.1849 0.9662
vn -0.2205 0.0186 -0.9752
vn -0.2978 0.6928 -0.6568
vn 0.4398 -0.3080 -0.8436
vn -0.1088 -0.6370 -0.7631
vn -0.1004 -0.9851 -0.1399
vn 0.0670 0.1495 0.9865
vn -0.1800 -0.2642 0.9475
vn -0.5806 -0.5514 -0.5990
vn -0.6939 -0.7197 -0.0208
vn 0.6776 0.0885 -0.7301
vn 0.6581 0.3288 -0.6773
vn 0.8329 0.2523 -0.4925
vn 0.1088 -0.6353 -0.7646
vn 0.0142 0.2574 -0.9662
vn -0.7311 0.3512 0.5849
vn -0.7324 -0.4677 0.4947
vn -0.6381 -0.4992 0.5862
vn -0.4417 -0.7279 0.5245
vn 0.4771 -0.2405 0.8453
vn 0.6203 -0.2586 0.7405
vn -0.7424 -0.6688 0.0396
vn -0.7615 -0.6287 -0.1574
vn -0.8604 -0.5031 0.0807
vn -0.4398 -0.3081 -0.8436
vn -0.1372 -0.9889 0.0563
vn -0.0637 -0.9072 0.4158
vn 0.3967 0.9075 -0.1381
vn 0.6700 0.7417 -0.0321
vn -0.5197 -0.3585 0.7755
vn -0.1746 -0.5581 0.8112
vn -0.3192 -0.5995 0.7340
vn -0.7208 0.4694 -0.5099
vn -0.8740 0.2569 -0.4124
vn -0.7958 0.5574 -0.2366
vn 0.4536 0.2924 0.8419
vn 0.6573 0.0714 0.7503
vn 0.2572 -0.8731 -0.4143
vn 0.1644 -0.8679 -0.4687
vn 0.3446 -0.9241 0.1654
vn -0.0977 -0.7379 0.6678
vn -0.2196 -0.7950 0.5654
vn -0.2293 -0.6891 0.6874
vn 0.3120 -0.9408 -0.1327
vn -0.1436 -0.9646 -0.2210
vn -0.2162 -0.8662 -0.4506
vn -0.9447 0.2574 -0.2032
vn 0.2073 -0.9592 0.1923
vn 0.1386 -0.9847 0.1058
vn 0.2420 -0.1375 -0.9605
vn 0.1763 -0.9717 0.1575
vn -0.2253 -0.9225 -0.3134
vn 0.3881 0.9110 0.1394
vn 0.0195 -0.9199 -0.3917
vn -0.1978 -0.9626 -0.1852
vn -0.3426 -0.9225 0.1779
vn 0.4252 0.3835 0.8198
vn 0.3522 0.1741 0.9196
vn 0.5795 0.1747 0.7960
vn 0.5760 0.3997 0.7131
vn 0.2949 -0.9364 0.1902
vn -0.0975 0.1313 0.9865
vn -0.2764 -0.2774 0.9201
vn -0.0432 0.9976 0.0540
vn 0.4255 0.9049 0.0013
vn 0.4291 0.8383 -0.3362
vn -0.5367 0.7076 -0.4597
vn -0.6349 0.7551 -0.1633
vn -0.4284 0.8564 -0.2882
vn 0.1006 -0.9850 -0.1405
vn 0.3360 -0.7811 -0.5263
vn 0.1373 -0.9889 0.0563
vn -0.1537 0.3092 0.9385
vn -0.2478 0.3983 0.8832
vn -0.2201 0.2362 0.9464
vn -0.2949 -0.9364 0.1902
vn -0.0434 0.3511 0.9353
vn 0.5058 0.6341 0.5849
vn 0.8848 -0.2555 0.3897
vn -0.4847 -0.8544 -0.1873
vn -0.9061 0.2851 0.3125
vn -0.4096 -0.1246 -0.9037
vn -0.1125 0.3583 -0.9268
vn 0.3787 0.3248 -0.8667
vn 0.2212 0.5218 -0.8239
vn 0.4694 0.5533 -0.6882
vn -0.5520 -0.2548 0.7940
vn 0.3802 -0.8376 0.3922
vn 0.1430 0.2193 0.9651
vn 0.1708 0.3743 0.9114
vn -0.1750 0.4037 0.8980
vn 0.0875 -0.2920 0.9524
vn -0.1302 0.3576 0.9247
vn -0.6159 0.4785 0.6259
vn -0.7777 0.2662 0.5695
vn -0.2681 -0.3942 0.8790
vn -0.8510 -0.2061 0.4830
vn -0.1726 0.3962 0.9018
vn 0.4780 -0.0881 0.8739
vn -0.0834 0.4799 0.8734
vn 0.5003 -0.3820 0.7770
vn 0.5357 -0.4490 0.7152
vn 0.3371 -0.4609 0.8209
vn -0.4019 0.7075 0.5813
vn -0.2605 0.8044 0.5339
vn -0.3899 0.7816 0.4870
vn 0.1125 0.3583 -0.9268
vn 0.6297 -0.5606 -0.5378
vn 0.6987 -0.5445 -0.4641
vn 0.1568 -0.0710 0.9851
vn -0.0495 -0.1282 0.9905
vn 0.9350 -0.3546 -0.0063
vn 0.9064 0.0900 -0.4127
vn 0.7605 -0.3572 -0.5422
vn 0.4772 -0.1855 -0.8590
vn -0.3098 0.9504 0.0272
vn -0.3404 0.8658 -0.3668
vn -0.1284 0.7850 0.6061
vn 0.4185 -0.3616 0.8331
vn 0.4813 -0.7301 0.4851
vn 0.8474 -0.1073 -0.5200
vn 0.9199 -0.1429 -0.3653
vn 0.2155 0.5756 -0.7888
vn 0.1715 0.6820 -0.7110
vn 0.3293 0.6365 -0.6974
vn -0.0344 0.4418 0.8965
vn 0.2974 0.4476 0.8434
vn 0.3131 0.5659 0.7627
vn 0.8518 -0.1853 0.4899
vn 0.3564 0.2178 0.9086
vn 0.0400 -0.6824 -0.7299
vn 0.9925 0.1106 0.0518
vn 0.9736 0.2246 -0.0414
vn 0.9621 0.2544 0.0984
vn -0.3274 -0.5159 0.7916
vn -0.4651 -0.1554 0.8715
vn -0.5346 -0.4127 0.7375
vn 0.6728 -0.1517 0.7241
vn 0.9042 0.1745 0.3898
vn 0.7632 0.2189 0.6080
vn 0.8354 0.1719 0.5221
vn 0.8629 0.2209 0.4546
vn 0.0836 -0.2239 -0.9710
vn 0.2760 -0.1542 -0.9487
vn 0.1567 -0.2961 -0.9422
vn -0.8015 0.2127 0.5589
vn 0.1558 -0.4659 -0.8710
vn -0.1923 -0.7585 0.6227
vn 0.0690 -0.9036 0.4227
vn -0.2301 -0.5126 0.8272
vn -0.3817 -0.8101 -0.4450
vn 0.6466 -0.2328 0.7264
vn 0.5010 0.1659 0.8494
vn 0.2056 -0.1716 0.9635
vn -0.0074 -0.0545 0.9985
vn -0.0284 -0.0021 0.9996
vn 0.1312 -0.6197 0.7738
vn 0.0371 0.5610 0.8270
vn -0.1574 0.5302 0.8331
vn -0.0168 0.4639 0.8857
vn -0.0027 0.0824 0.9966
vn -0.3349 0.2536 0.9075
vn -0.1636 -0.0603 0.9847
vn -0.4628 -0.7289 0.5044
vn -0.3682 -0.1287 0.9208
vn -0.7469 -0.0742 0.6607
vn -0.7596 0.0473 0.6486
vn 0.8331 0.0748 0.5481
vn 0.6031 0.2845 0.7452
vn 0.5486 -0.1962 0.8127
vn -0.8624 -0.4429 0.2450
vn -0.6599 -0.3294 0.6753
vn -0.6973 0.3625 0.6183
vn 0.4059 -0.3938 0.8247
vn -0.5087 0.0771 0.8575
vn -0.3549 -0.2781 -0.8926
vn -0.4965 -0.2142 -0.8412
vn -0.4331 -0.1293 -0.8920
vn 0.0216 -0.5198 -0.8540
vn 0.2514 -0.4234 -0.8704
vn 0.9558 -0.2922 -0.0331
vn 0.9813 -0.1883 0.0410
vn 0.2375 -0.0539 0.9699
vn 0.6346 0.2115 0.7434
vn 0.4347 -0.2314 0.8703
vn 0.0820 -0.3439 0.9354
vn 0.2163 -0.7904 0.5731
vn 0.2034 -0.4646 0.8619
vn 0.2078 -0.2480 0.9462
vn 0.7978 -0.3409 0.4972
vn 0.6482 -0.1149 0.7528
vn 0.2978 0.5102 0.8069
vn 0.6114 -0.2254 0.7586
vn 0.1437 -0.2210 0.9646
vn 0.1452 -0.3223 0.9354
vn 0.7224 -0.3802 -0.5776
vn 0.9388 0.2606 -0.2252
vn 0.5053 -0.4535 0.7342
vn 0.5683 0.7837 -0.2507
vn -0.5547 0.4251 -0.7153
vn -0.9135 0.1554 -0.3760
vn 0.0521 -0.1597 0.9858
vn -0.0530 -0.0258 0.9983
vn -0.0714 -0.2199 0.9729
vn -0.1888 -0.0147 0.9819
vn -0.1757 -0.2143 0.9608
vn -0.6829 0.5931 -0.4264
vn -0.6681 0.7435 -0.0277
vn -0.9552 -0.2922 -0.0464
vn -0.9807 -0.1952 0.0094
vn 0.3814 -0.8103 -0.4449
vn 0.5234 0.6857 0.5059
vn 0.5635 -0.0606 0.8239
vn -0.2040 0.2564 0.9448
vn 0.2832 0.4495 0.8472
vn -0.5152 0.1330 0.8467
vn -0.1547 -0.5031 -0.8503
vn -0.1243 -0.9199 -0.3719
vn 0.1547 -0.5031 -0.8503
vn 0.1243 -0.9199 -0.3719
vn 0.9062 0.2838 0.3134
vn 0.4099 -0.1237 -0.9037
vn -0.2463 -0.8630 0.4412
vn 0.0733 0.9958 0.0542
vn -0.2610 0.7394 0.6206
vn 0.5656 -0.5876 0.5786
vn 0.3954 -0.8687 0.2982
vn 0.1678 -0.4064 0.8982
vn -0.8258 0.4641 0.3204
vn -0.8243 0.5203 0.2234
vn -0.8865 0.3829 0.2597
vn -0.7176 -0.6573 -0.2302
vn -0.5893 -0.8079 -0.0078
vn -0.8175 -0.5758 -0.0053
vn -0.0153 -0.8613 0.5078
vn -0.9799 -0.1932 -0.0504
vn -0.9045 -0.2283 -0.3603
vn -0.8989 -0.4378 -0.0181
vn 0.1886 -0.4709 0.8618
vn 0.2762 -0.6280 -0.7275
vn 0.1081 -0.8869 -0.4491
vn -0.0309 -0.7835 -0.6206
vn 0.9911 -0.0761 -0.1093
vn 0.9688 -0.1500 -0.1974
vn 0.7770 0.5957 -0.2033
vn 0.6048 0.7761 0.1786
vn -0.6737 0.1468 0.7243
vn -0.8565 -0.2192 0.4674
vn -0.6584 0.0355 -0.7519
vn -0.6512 -0.0992 -0.7524
vn -0.7213 -0.0365 -0.6916
vn 0.7145 -0.5566 0.4239
vn -0.1367 0.6457 0.7512
vn 0.2202 -0.7551 -0.6176
vn 0.6421 -0.0655 -0.7638
vn 0.8749 0.3549 -0.3295
vn -0.5902 -0.4069 0.6972
vn -0.6536 -0.4722 0.5914
vn 0.3661 0.2876 -0.8850
vn 0.7176 -0.4466 0.5344
vn 0.7184 -0.6294 0.2962
vn 0.9920 -0.1210 -0.0352
vn -0.7190 -0.3563 0.5967
vn -0.5321 -0.4176 0.7365
vn -0.3661 0.2876 -0.8850
vn 0.7588 0.1968 0.6209
vn 0.5941 0.3422 0.7279
vn 0.8294 0.2604 0.4943
vn 0.6899 0.4479 0.5687
vn 0.7836 0.2167 -0.5823
vn 0.7508 0.3505 -0.5598
vn 0.8023 0.2917 -0.5208
vn 0.5711 -0.5609 -0.5993
vn 0.6266 0.1031 0.7725
vn 0.8761 -0.2256 0.4260
vn 0.4246 0.1404 0.8944
vn 0.8826 -0.4615 -0.0898
vn 0.7945 -0.4984 -0.3469
vn -0.8160 0.0498 0.5759
vn -0.9134 0.0355 0.4055
vn -0.8832 -0.1005 0.4582
vn 0.4121 -0.7672 -0.4915
vn 0.5055 -0.8308 -0.2331
vn 0.1524 -0.9332 -0.3254
vn -0.6360 0.1055 0.7645
vn -0.7063 0.2564 0.6599
vn -0.9146 0.3002 0.2711
vn -0.0354 -0.8215 0.5690
vn -0.0289 -0.6595 0.7511
vn 0.1689 -0.4931 -0.8534
vn 0.3609 -0.4769 -0.8014
vn -0.6194 -0.5687 -0.5412
vn 0.8784 0.2434 0.4113
vn 0.9361 0.2879 0.2022
vn -0.3184 -0.1484 -0.9363
vn 0.2974 -0.9451 -0.1355
vn -0.1970 -0.9541 0.2255
vn -0.4790 0.0996 0.8721
vn -0.5030 0.1632 0.8487
vn -0.3089 -0.5631 0.7665
vn -0.9884 -0.1077 0.1072
vn -0.9826 -0.1765 0.0583
vn -0.9742 -0.0618 0.2172
vn -0.1914 -0.1463 -0.9705
vn -0.6231 -0.1239 -0.7723
vn -0.5035 0.0645 -0.8616
vn 0.4608 0.4673 -0.7545
vn 0.3371 0.5172 -0.7867
vn 0.4235 0.5643 -0.7087
vn 0.5501 -0.5875 0.5935
vn 0.4739 -0.5013 0.7240
vn 0.2506 -0.9675 -0.0334
vn 0.4069 0.8883 -0.2129
vn 0.4099 0.9069 0.0980
vn 0.6526 0.7501 -0.1074
vn 0.1565 -0.3873 0.9086
vn -0.5246 -0.4497 0.7228
vn -0.7714 -0.6067 0.1919
vn -0.2791 -0.9465 0.1618
vn 0.3295 -0.0826 0.9405
vn -0.8232 -0.1454 0.5489
vn -0.7725 -0.0547 0.6326
vn -0.8673 -0.4772 0.1416
vn -0.3228 0.8941 0.3106
vn -0.2314 0.5325 0.8142
vn -0.4597 0.8247 0.3295
vn 0.7947 0.1627 -0.5848
vn 0.9209 0.0558 -0.3859
vn 0.7729 -0.0674 -0.6309
vn 0.6396 -0.3707 -0.6735
vn 0.5098 -0.4085 -0.7571
vn 0.0155 0.3615 -0.9322
vn -0.3310 0.1840 -0.9255
vn -0.5080 0.3023 -0.8066
vn -0.2762 0.8225 -0.4972
vn -0.5071 0.8379 -0.2019
vn -0.2453 0.9564 -0.1584
vn -0.8134 0.5050 -0.2887
vn -0.8440 0.3939 -0.3639
vn -0.8741 0.4140 -0.2541
vn 0.2400 0.8298 0.5037
vn 0.0508 -0.7051 0.7073
vn 0.2955 -0.9168 0.2688
vn 0.0060 -0.6672 0.7448
vn 0.2400 0.2757 0.9308
vn 0.9634 0.1386 -0.2296
vn 0.3542 -0.6291 0.6919
vn 0.6263 -0.3443 0.6994
vn -0.2319 -0.0928 0.9683
vn -0.8693 -0.0021 0.4943
vn -0.5221 0.5381 0.6618
vn -0.4613 -0.8744 0.1507
vn 0.0496 0.7465 0.6636
vn -0.3052 0.8144 0.4935
vn 0.8751 0.4302 0.2217
vn 0.8033 0.3423 -0.4873
vn 0.5333 0.4745 -0.7003
vn 0.6784 0.5559 -0.4804
vn -0.7367 0.6301 0.2456
vn -0.0639 0.6662 0.7430
vn 0.6607 -0.7380 0.1373
vn 0.6930 0.2885 0.6607
vn 0.0376 0.9246 0.3792
vn -0.0159 0.4034 0.9149
vn 0.1813 -0.2016 0.9626
vn -0.8965 0.4215 0.1368
vn -0.9316 0.3324 -0.1473
vn -0.7820 -0.0870 0.6171
vn -0.9809 -0.1297 0.1452
vn 0.2289 0.3613 0.9039
vn -0.4019 0.9044 -0.1437
vn 0.4447 0.7773 -0.4450
vn -0.1597 0.9653 -0.2067
vn -0.3777 0.9259 -0.0127
vn -0.6819 0.7074 -0.1859
vn -0.6146 0.7209 -0.3202
vn -0.6921 0.6657 -0.2788
vn -0.6290 0.2446 0.7379
vn -0.6832 -0.1473 0.7152
vn -0.4837 -0.0153 0.8751
vn 0.5250 0.5686 0.6333
vn 0.6274 0.5155 0.5836
vn 0.4918 0.6472 0.5824
vn 0.5094 -0.4134 0.7548
vn 0.4129 0.1293 0.9016
vn 0.6805 0.6873 -0.2542
vn 0.7420 0.6537 -0.1486
vn 0.7459 0.6039 -0.2808
vn -0.0050 0.0352 -0.9994
vn 0.2866 0.0947 -0.9534
vn 0.1641 -0.1641 -0.9727
vn -0.5549 -0.3103 -0.7719
vn 0.4095 -0.4811 -0.7752
vn 0.0027 0.4834 0.8754
vn -0.3303 -0.9421 0.0581
vn -0.7166 -0.0129 0.6974
vn 0.9615 -0.2101 0.1772
vn 0.8549 -0.0950 0.5101
vn 0.8377 -0.3603 0.4105
vn 0.0208 -0.8484 -0.5289
vn 0.3615 -0.5403 -0.7598
vn -0.3536 0.2654 0.8969
vn -0.9638 -0.2447 -0.1058
vn -0.9734 -0.2200 0.0637
vn -0.8680 -0.4074 0.2840
vn -0.3532 -0.2378 -0.9048
vn -0.5144 -0.3892 -0.7641
vn -0.6688 -0.1715 -0.7234
vn -0.4332 0.3595 0.8265
vn -0.5588 0.4099 0.7209
vn 0.4170 -0.9089 -0.0031
vn 0.5225 -0.7876 0.3265
vn 0.3870 -0.8905 0.2392
vn 0.6554 -0.7157 -0.2412
vn 0.6767 -0.7291 0.1023
vn 0.3015 -0.3151 -0.8999
vn 0.3891 -0.2260 -0.8930
vn 0.4996 0.5883 -0.6358
vn 0.9355 0.1744 0.3074
vn 0.8566 0.0389 -0.5146
vn 0.9652 -0.2603 0.0268
vn -0.8197 -0.0294 -0.5720
vn -0.9282 -0.2692 -0.2567
vn -0.9916 -0.0078 0.1293
vn 0.0825 0.3574 -0.9303
vn -0.1971 0.4548 -0.8685
vn 0.0354 0.5892 -0.8072
vn -0.2143 -0.3483 0.9126
vn -0.3258 -0.7069 0.6279
vn -0.2630 -0.4904 0.8308
vn 0.2615 0.4710 0.8425
vn 0.4378 0.1349 0.8889
vn 0.5696 0.0338 0.8212
vn 0.0942 -0.3752 0.9222
vn -0.4168 -0.1927 0.8883
vn -0.2496 -0.4793 0.8414
vn -0.4461 0.4317 0.7840
vn -0.6705 0.0126 0.7418
vn 0.2117 0.5097 -0.8339
vn -0.7999 0.5470 0.2469
vn -0.8886 0.2470 0.3866
vn -0.7451 0.3790 0.5488
vn 0.4567 -0.6339 0.6241
vn 0.6397 -0.3487 0.6850
vn 0.3691 -0.4489 0.8138
vn -0.5792 0.3136 -0.7524
vn -0.7781 0.3099 -0.5464
vn -0.6196 0.5267 -0.5820
vn -0.4041 0.1642 -0.8999
vn -0.5272 0.1190 -0.8414
vn -0.4721 0.2574 -0.8431
vn -0.7665 -0.6005 0.2277
vn -0.5251 -0.5011 -0.6879
vn -0.2137 0.0045 0.9769
vn -0.3981 0.2348 0.8868
vn 0.0473 0.3188 0.9466
vn -0.0018 -0.2998 0.9540
vn 0.8815 -0.0659 -0.4676
vn 0.8479 -0.3670 0.3827
vn 0.7885 -0.4547 -0.4142
vn -0.5615 0.2295 0.7950
vn -0.1905 -0.1430 0.9712
vn 0.2360 0.4810 0.8444
vn 0.7768 0.5206 0.3542
vn 0.5136 -0.4864 -0.7069
vn 0.5799 -0.5431 -0.6072
vn -0.9711 -0.2189 0.0947
vn -0.8836 -0.4280 0.1898
vn -0.8596 -0.2981 0.4151
vn 0.5309 -0.7808 -0.3294
vn 0.6699 -0.6386 -0.3787
vn 0.4475 -0.8591 -0.2483
vn 0.2533 -0.3172 0.9139
vn 0.2037 -0.6330 0.7468
vn 0.2826 -0.5760 0.7671
vn 0.5208 -0.1525 0.8400
vn -0.2943 -0.8683 -0.3994
vn -0.1883 -0.9584 -0.2147
vn -0.5412 -0.8096 -0.2274
vn -0.4233 0.9006 0.0988
vn -0.1941 0.9711 -0.1390
vn 0.9202 -0.3915 -0.0047
vn -0.6130 0.1424 -0.7771
vn -0.6962 0.1447 -0.7031
vn -0.6591 0.2820 -0.6972
vn -0.7665 0.1419 -0.6264
vn -0.7355 0.2589 -0.6261
vn -0.1919 -0.4994 0.8449
vn 0.7790 -0.0659 0.6236
vn 0.8358 -0.1108 0.5378
vn 0.7902 0.0980 0.6050
vn -0.9978 0.0402 0.0526
vn -0.9547 0.2625 0.1400
vn -0.9406 0.3198 -0.1137
vn 0.0070 -0.8533 -0.5214
vn 0.8843 -0.4106 -0.2225
vn 0.8932 -0.4252 -0.1464
vn 0.9251 0.0085 0.3797
vn -0.4153 0.5579 -0.7185
vn 0.7103 0.4772 0.5175
vn 0.6298 0.6044 0.4879
vn 0.0292 -0.6192 0.7847
vn 0.1047 -0.4396 0.8921
vn -0.8830 -0.3793 0.2765
vn -0.9358 -0.3383 0.0996
vn -0.5561 -0.5585 0.6155
vn -0.7068 -0.3441 0.6181
vn 0.3190 -0.9428 0.0965
vn -0.3321 -0.2332 0.9140
vn 0.0145 0.9023 0.4308
vn 0.0836 0.8657 0.4935
vn 0.0808 0.9255 0.3700
vn -0.0679 -0.5381 0.8402
vn -0.1989 0.0189 0.9798
vn -0.4527 0.1119 0.8846
vn 0.9090 -0.0624 0.4121
vn -0.3107 -0.8999 -0.3060
vn 0.9770 -0.2039 0.0621
vn 0.9036 0.1414 0.4043
vn 0.8082 -0.1245 0.5757
vn 0.2833 0.3977 0.8727
vn -0.2833 0.0891 0.9549
vn -0.4354 0.1834 0.8814
vn -0.3453 0.0341 0.9379
vn 0.4594 -0.6843 0.5663
vn -0.5304 0.0553 0.8459
vn -0.6682 0.0985 0.7374
vn -0.6866 -0.1861 0.7028
vn -0.0444 -0.1029 -0.9937
vn -0.0428 -0.2174 -0.9751
vn 0.0088 -0.3654 -0.9308
vn 0.1801 -0.9830 -0.0350
vn 0.7617 -0.3808 0.5243
vn 0.4650 -0.1960 0.8633
vn 0.6614 -0.7424 0.1068
vn 0.5426 -0.8379 -0.0594
vn 0.6258 -0.7769 -0.0700
vn 0.4007 -0.9062 -0.1351
vn 0.3717 -0.8554 0.3606
vn 0.9982 -0.0112 -0.0594
vn 0.9907 -0.1360 -0.0002
vn 0.6900 0.3688 0.6228
vn 0.8017 -0.4188 0.4265
vn 0.2128 0.9606 -0.1788
vn 0.6278 -0.2006 0.7521
vn 0.7968 -0.2004 0.5700
vn -0.7468 -0.6647 0.0213
vn 0.5835 -0.3017 -0.7540
vn 0.5055 -0.2171 -0.8351
vn 0.6057 -0.2008 -0.7699
vn 0.2913 -0.2697 0.9178
vn 0.7468 -0.6647 0.0213
vn 0.7517 -0.1474 -0.6428
vn 0.8963 0.0211 -0.4430
vn 0.7031 0.1200 -0.7009
vn 0.5866 0.2949 -0.7543
vn 0.7767 0.1414 -0.6138
vn -0.9292 0.1022 -0.3552
vn -0.9311 -0.0588 0.3601
vn -0.8853 -0.0008 0.4650
vn 0.3521 -0.6500 0.6735
vn -0.3775 -0.9115 -0.1634
vn -0.3231 -0.9372 -0.1314
vn -0.4226 -0.8909 0.1665
vn 0.8431 -0.1815 0.5061
vn 0.7593 -0.2003 0.6192
vn -0.5958 0.4611 0.6576
vn -0.6191 -0.7848 -0.0285
vn -0.6470 -0.7545 -0.1105
vn -0.5934 -0.8033 -0.0503
vn 0.1574 -0.1857 0.9699
vn 0.7843 0.0051 -0.6203
vn 0.8324 0.1316 -0.5383
vn 0.2518 -0.5105 -0.8222
vn -0.4271 -0.1781 -0.8865
vn -0.3610 -0.4123 -0.8365
vn -0.6226 -0.3520 -0.6989
vn -0.7999 -0.2427 0.5489
vn -0.1384 -0.4699 0.8718
vn 0.4803 -0.3096 -0.8206
vn -0.4803 -0.3096 -0.8206
vn -0.3772 0.9261 0.0019
vn -0.3510 0.7002 -0.6218
vn -0.8626 -0.2068 -0.4616
vn -0.8188 -0.1142 -0.5626
vn -0.2919 0.8629 -0.4126
vn 0.3644 0.9288 -0.0674
vn -0.2968 0.7620 0.5755
vn -0.5818 0.7594 -0.2913
vn -0.4524 0.2014 0.8688
vn 0.8602 -0.3572 0.3641
vn 0.8903 -0.3832 0.2459
vn 0.9135 -0.2535 0.3182
vn 0.3961 -0.6094 -0.6868
vn -0.2378 -0.3337 -0.9122
vn 0.2573 -0.4077 -0.8761
vn -0.5560 -0.0264 0.8308
vn -0.8723 -0.3695 -0.3203
vn -0.8430 -0.4247 -0.3301
vn -0.8031 -0.4649 -0.3727
vn -0.9439 0.0725 -0.3223
vn -0.9463 -0.0141 -0.3229
vn -0.9859 0.0514 -0.1590
vn -0.9075 0.4199 -0.0091
vn -0.9924 0.1023 -0.0681
vn 0.5721 -0.7476 0.3373
vn 0.5781 -0.6388 -0.5077
vn 0.0522 -0.9638 0.2614
vn 0.1000 0.1052 -0.9894
vn 0.0439 -0.8130 0.5806
vn -0.9285 -0.3713 0.0003
vn -0.0363 -0.6490 0.7599
vn 0.0697 -0.5607 0.8250
vn -0.2173 -0.8071 0.5489
vn 0.1050 0.8464 -0.5220
vn 0.1321 0.9115 -0.3895
vn 0.2176 0.8501 -0.4796
vn 0.4033 -0.6075 0.6843
vn -0.7464 -0.1561 -0.6469
vn 0.0064 0.8111 -0.5848
vn -0.0486 0.8690 -0.4924
vn -0.4760 -0.0330 0.8788
vn -0.0048 -0.9984 0.0559
vn -0.2463 -0.9665 0.0720
vn 0.8278 -0.4657 0.3129
vn -0.1270 -0.7614 0.6358
vn -0.3227 -0.6653 0.6733
vn -0.5877 -0.7488 0.3065
vn 0.2602 0.2397 0.9353
vn 0.3567 0.1709 0.9185
vn -0.9747 0.0242 0.2222
vn -0.9890 -0.0544 0.1375
vn -0.9757 -0.0254 0.2174
vn 0.3805 -0.0243 0.9245
vn 0.4721 -0.0352 0.8808
vn -0.8632 -0.4032 -0.3040
vn 0.8180 0.4076 0.4059
vn 0.5175 0.3823 0.7655
vn 0.2797 0.3540 0.8924
vn -0.8360 0.5083 0.2069
vn 0.2804 -0.4935 -0.8233
vn 0.2253 -0.2976 -0.9277
vn 0.0676 0.6323 -0.7718
vn -0.1087 0.6056 -0.7883
vn -0.0702 0.6971 -0.7135
vn -0.1547 0.1105 -0.9818
vn 0.0695 -0.0259 -0.9972
vn -0.1230 -0.2263 -0.9663
vn -0.9662 0.2370 0.1011
vn -0.9378 -0.0242 0.3464
vn -0.8956 0.2567 0.3635
vn -0.8198 0.4262 0.3824
vn 0.2391 -0.1722 -0.9556
vn -0.8911 -0.1491 -0.4287
vn -0.0934 0.9369 -0.3369
vn -0.1274 -0.9918 0.0064
vn 0.1867 0.6991 0.6902
vn 0.2739 -0.9038 -0.3290
vn -0.8242 0.1034 -0.5568
vn -0.4999 0.6910 -0.5221
vn -0.4582 0.8580 -0.2322
vn -0.2769 0.8326 -0.4798
vn 0.6037 0.5226 -0.6020
vn 0.1683 -0.9857 0.0105
vn 0.3784 0.0267 0.9252
vn 0.4671 -0.2076 0.8595
vn 0.5445 0.0924 0.8337
vn 0.4304 0.1820 0.8841
vn -0.9840 -0.1438 -0.1053
vn 0.3892 -0.1839 0.9026
vn 0.8910 -0.0305 0.4531
vn 0.7021 0.3116 0.6403
vn 0.2303 0.7860 -0.5737
vn 0.5474 0.5477 -0.6327
vn -0.6804 -0.6461 0.3458
vn -0.3156 0.8242 0.4702
vn 0.4969 -0.7996 0.3373
vn 0.6252 -0.7309 0.2738
vn 0.4389 -0.8934 0.0963
vn 0.5306 0.8402 0.1118
vn 0.5117 0.8225 0.2481
vn 0.6136 0.7558 0.2288
vn 0.9789 -0.2010 -0.0373
vn 0.6841 0.4543 -0.5706
vn 0.7755 0.6019 -0.1907
vn 0.9094 0.4063 0.0893
vn 0.9051 0.1921 -0.3793
vn -0.4992 -0.4395 0.7467
vn -0.4272 -0.2901 0.8563
vn 0.4921 -0.7384 0.4611
vn -0.4074 0.9057 0.1169
vn -0.4858 0.4635 -0.7411
vn -0.6967 0.2182 -0.6834
vn -0.7152 -0.4349 -0.5471
vn -0.4984 -0.5238 -0.6908
vn -0.6914 -0.6129 -0.3825
vn -0.1210 -0.6255 0.7708
vn -0.7311 -0.2792 0.6226
vn -0.6784 -0.2865 0.6765
vn -0.1111 0.4028 0.9085
vn 0.7127 0.2058 0.6706
vn 0.7024 -0.0040 0.7118
vn -0.3326 -0.9421 -0.0426
vn 0.9117 0.1552 0.3803
vn 0.9047 0.0127 0.4259
vn -0.8267 0.4087 0.3866
vn 0.6108 -0.4389 0.6590
vn 0.6913 -0.4940 0.5273
vn 0.7124 -0.4163 0.5650
vn -0.7382 0.6165 0.2738
vn 0.6215 -0.6625 0.4181
vn 0.7826 -0.1277 0.6093
vn 0.9718 0.2123 0.1029
vn 0.9358 0.1996 0.2906
vn 0.9296 -0.0007 0.3686
vn -0.1969 -0.5362 0.8208
vn -0.3941 -0.7372 0.5488
vn 0.6545 0.4398 -0.6149
vn 0.4559 0.1718 -0.8733
vn -0.8297 -0.5550 -0.0599
vn -0.2831 -0.8361 0.4699
vn -0.6865 -0.5584 0.4657
vn 0.7771 -0.0843 0.6237
vn 0.9071 0.2300 0.3526
vn 0.9519 -0.1734 0.2527
vn -0.1901 -0.9125 0.3622
vn -0.2088 -0.7085 0.6741
vn 0.6989 -0.1358 0.7022
vn -0.7013 -0.5949 0.3928
vn -0.4045 -0.7489 0.5249
vn -0.5268 -0.5935 0.6085
vn -0.6077 -0.4833 0.6302
vn -0.9239 -0.0207 0.3820
vn -0.8544 -0.1896 0.4838
vn 0.0468 0.2231 0.9737
vn 0.7571 0.0517 0.6512
vn 0.6852 0.0831 0.7236
vn 0.1645 0.9864 -0.0038
vn 0.5870 0.4849 -0.6483
vn 0.6638 0.3690 -0.6505
vn 0.5763 0.3777 -0.7247
vn 0.8283 0.3123 0.4652
vn 0.8904 0.4532 -0.0419
vn 0.8611 0.5017 0.0824
vn 0.9206 0.3766 0.1029
vn -0.7481 -0.6600 -0.0691
vn -0.5590 -0.8272 -0.0568
vn 0.9194 -0.0659 0.3877
vn 0.8471 -0.0551 0.5285
vn -0.5973 -0.2795 0.7517
vn 0.3018 -0.2113 0.9297
vn -0.6584 -0.7165 0.2305
vn -0.4852 -0.8443 0.2272
vn -0.6604 -0.6173 0.4275
vn -0.2229 -0.6155 -0.7560
vn 0.5493 0.5671 -0.6137
vn 0.7913 0.5269 -0.3101
vn 0.7810 0.3428 -0.5220
vn -0.9107 -0.3894 -0.1374
vn -0.4857 -0.7083 0.5122
vn -0.5799 0.1445 0.8018
vn -0.2901 -0.5212 0.8026
vn -0.2075 -0.2351 0.9496
vn -0.4671 -0.3191 0.8246
vn 0.5752 -0.2949 -0.7630
vn -0.8532 -0.5111 -0.1043
vn -0.3194 -0.7829 -0.5339
vn -0.2547 -0.5564 -0.7909
vn -0.8680 0.3382 0.3637
vn -0.8510 0.2510 0.4612
vn -0.8070 0.4059 0.4289
vn -0.7740 0.4687 -0.4258
vn -0.7500 0.5735 -0.3297
vn -0.6869 0.6044 -0.4036
vn -0.7587 -0.6143 0.2169
vn -0.8274 -0.5003 0.2552
vn -0.8102 -0.5820 0.0692
vn 0.8883 -0.4125 0.2018
vn -0.2488 0.6903 -0.6793
vn -0.5552 0.6617 -0.5039
vn -0.4721 0.8160 -0.3336
vn -0.6351 0.5037 -0.5856
vn -0.6671 0.3942 -0.6321
vn -0.6991 0.5060 -0.5052
vn 0.3610 0.6081 0.7071
vn 0.0222 0.5937 0.8044
vn 0.2427 0.4605 0.8539
vn -0.8271 0.3363 -0.4503
vn -0.7078 0.1815 -0.6827
vn -0.9062 0.0192 -0.4224
vn 0.1899 -0.8943 0.4051
vn 0.5531 -0.6197 0.5569
vn 0.1879 0.0785 0.9790
vn 0.2264 0.2175 0.9494
vn 0.3947 -0.0819 -0.9152
vn 0.6339 -0.0914 -0.7680
vn 0.5094 -0.3777 -0.7732
vn 0.3680 -0.5084 0.7785
vn 0.4129 -0.7126 0.5672
vn 0.6835 -0.4769 -0.5526
vn 0.1601 -0.2620 0.9517
vn 0.4885 0.7806 -0.3899
vn 0.5371 0.7878 -0.3015
vn 0.6068 0.6814 -0.4093
vn 0.5466 -0.5024 -0.6699
vn 0.3680 -0.6918 -0.6213
vn -0.5522 0.8023 -0.2269
vn -0.4731 0.8725 -0.1223
vn -0.4353 0.8661 -0.2458
vn -0.4954 0.6625 -0.5619
vn -0.1829 -0.4991 -0.8470
vn -0.8241 -0.4228 0.3770
vn -0.4518 0.1487 0.8797
vn -0.7151 -0.1109 0.6901
vn -0.7660 -0.0392 0.6416
vn -0.5468 0.1772 0.8183
vn -0.6892 0.0948 0.7183
vn 0.4168 -0.5275 0.7403
vn -0.6031 0.6859 -0.4073
vn -0.8512 0.4559 -0.2601
vn -0.2786 -0.2377 0.9305
vn -0.4474 -0.1923 0.8734
vn 0.4970 0.8616 0.1030
vn -0.3755 0.2366 0.8961
vn 0.1242 0.3052 -0.9442
vn 0.1505 0.3896 -0.9086
vn 0.3128 0.2734 -0.9096
vn 0.1742 -0.7398 -0.6499
vn -0.2590 -0.4556 -0.8517
vn 0.8536 -0.2778 -0.4407
vn 0.1105 -0.9931 0.0383
vn 0.1276 0.7177 0.6845
vn -0.7781 -0.2588 0.5724
vn 0.1287 -0.9696 -0.2080
vn 0.2474 -0.9493 0.1938
vn 0.8449 -0.5025 -0.1833
vn 0.9437 -0.2488 -0.2178
vn 0.8980 -0.4398 0.0091
vn 0.0873 -0.3983 0.9131
vn 0.3595 -0.2739 0.8921
vn 0.9905 -0.0621 -0.1225
vn 0.9152 -0.2290 -0.3315
vn 0.6825 0.6736 0.2837
vn 0.4247 0.7564 0.4975
vn 0.6334 0.5330 0.5610
vn 0.0597 0.7932 0.6060
vn 0.1796 0.7144 0.6763
vn 0.1499 0.8166 0.5574
vn 0.4588 0.1491 -0.8759
vn 0.9048 0.3129 0.2887
vn 0.9473 0.1476 0.2842
vn 0.9589 0.1926 0.2083
vn 0.7557 -0.6532 0.0476
vn 0.9156 -0.3612 -0.1769
vn 0.8750 -0.4702 0.1151
vn -0.1196 -0.0306 -0.9923
vn 0.9411 -0.2920 -0.1705
vn 0.9666 -0.2382 -0.0950
vn -0.7432 0.6546 -0.1382
vn -0.5205 0.2190 0.8253
vn 0.7002 -0.3262 0.6351
vn 0.7874 -0.4001 0.4689
vn -0.9527 -0.2906 -0.0886
vn -0.1171 0.5964 -0.7941
vn 0.1779 0.6805 -0.7108
vn 0.1807 0.4820 -0.8573
vn 0.1670 -0.8023 -0.5731
vn -0.0255 0.9859 -0.1654
vn 0.6266 0.6480 0.4330
vn -0.6835 0.4914 -0.5397
vn -0.3728 0.0924 0.9233
vn -0.8350 -0.0141 -0.5500
vn 0.7556 -0.5919 0.2805
vn 0.7952 -0.5886 0.1458
vn 0.7435 -0.6674 -0.0424
vn -0.1458 -0.9253 0.3502
vn -0.0249 -0.9626 0.2699
vn 0.0846 0.9750 -0.2056
vn -0.8483 0.4873 0.2072
vn -0.8534 0.5209 -0.0174
vn 0.9018 -0.3643 0.2323
vn 0.7011 -0.7088 0.0776
vn 0.5422 -0.4848 0.6863
vn -0.3625 0.0081 0.9320
vn 0.1928 -0.5066 -0.8404
vn 0.3435 0.4368 0.8314
vn 0.2532 0.3793 0.8900
vn 0.3907 0.2913 0.8732
vn -0.6746 0.5727 0.4657
vn -0.4088 0.6497 0.6410
vn -0.4299 0.7629 0.4829
vn -0.8040 0.0053 -0.5946
vn -0.8749 -0.0487 -0.4818
vn -0.8575 0.0820 -0.5079
vn 0.4478 0.3737 -0.8123
vn 0.4707 0.2977 -0.8306
vn -0.2184 0.9275 0.3033
vn 0.7286 -0.6672 -0.1550
vn 0.9743 -0.2253 0.0088
vn 0.9707 -0.2173 -0.1025
vn -0.2356 0.3058 0.9225
vn -0.1941 0.7138 0.6729
vn 0.0549 -0.5248 -0.8495
vn 0.3603 -0.4155 -0.8352
vn 0.2045 -0.7002 -0.6841
vn -0.5688 0.1323 0.8118
vn 0.8057 -0.1632 -0.5694
vn -0.2998 -0.6183 -0.7265
vn -0.2562 -0.3011 0.9185
vn -0.2294 -0.5847 0.7781
vn -0.5187 -0.7477 -0.4146
vn 0.9815 -0.1511 0.1176
vn 0.9244 -0.3770 -0.0577
vn 0.1222 0.1898 0.9742
vn 0.2859 0.5258 0.8011
vn 0.1533 -0.6840 0.7132
vn -0.9605 0.1952 -0.1982
vn 0.5709 0.4662 0.6758
vn -0.3109 0.7599 0.5709
vn 0.0268 -0.2453 0.9691
vn 0.9696 0.2018 -0.1384
vn 0.4035 -0.4456 0.7992
vn 0.8395 -0.1930 0.5079
vn 0.6955 0.4523 -0.5583
vn 0.8440 -0.0335 0.5353
vn 0.5647 0.1901 0.8031
vn -0.7663 0.3276 0.5527
vn -0.9249 0.1447 0.3515
vn -0.8130 0.0339 0.5813
vn 0.9387 -0.2853 -0.1935
vn 0.5568 -0.5109 -0.6549
vn 0.0822 0.9012 0.4256
vn 0.2955 0.9229 0.2467
vn -0.3156 0.9462 -0.0712
vn 0.9282 0.0991 -0.3586
vn 0.9303 0.2090 -0.3014
vn 0.9756 0.0692 -0.2084
vn 0.1445 -0.9824 -0.1181
vn 0.8260 0.4428 0.3489
vn 0.9269 0.3645 -0.0892
vn 0.6912 0.6094 0.3884
vn 0.0976 -0.9701 -0.2222
vn 0.6571 -0.6725 -0.3404
vn 0.4590 -0.8885 0.0037
vn 0.1787 -0.8458 0.5027
vn -0.4826 0.7859 -0.3866
vn -0.3529 0.8665 -0.3531
vn -0.3744 0.8012 -0.4668
vn -0.9520 0.0252 0.3051
vn -0.3083 -0.5204 0.7963
vn -0.0573 -0.1394 -0.9886
vn 0.2916 0.8775 -0.3808
vn -0.1369 -0.9370 0.3213
vn -0.3985 -0.8111 0.4282
vn -0.4207 -0.9003 0.1115
vn 0.3650 0.3832 0.8485
vn 0.4060 -0.1797 0.8960
vn 0.2372 -0.0400 0.9706
vn 0.4362 -0.1202 0.8918
vn 0.7858 0.4940 0.3721
vn 0.8205 0.4794 0.3113
vn 0.7108 0.6367 0.2990
vn -0.7348 -0.5365 -0.4149
vn -0.6406 -0.7051 -0.3040
vn -0.8077 -0.1602 0.5675
vn -0.2490 -0.3680 0.8959
vn -0.3328 0.1623 0.9289
vn -0.4844 0.1827 0.8556
vn 0.4299 -0.8889 0.1582
vn 0.8452 -0.3182 -0.4293
vn 0.8377 -0.0835 -0.5397
vn -0.3117 0.9391 -0.1445
vn 0.8295 0.3659 -0.4219
vn 0.9173 0.3657 -0.1575
vn 0.8076 -0.1620 0.5671
vn 0.3258 0.3897 -0.8614
vn -0.5906 -0.5446 -0.5955
vn 0.4546 0.1512 0.8778
vn 0.4813 0.1714 0.8597
vn 0.2734 0.2601 0.9261
vn -0.2179 -0.7031 -0.6769
vn 0.0035 -0.2631 0.9648
vn -0.8817 -0.2324 -0.4106
vn -0.8149 -0.3779 -0.4394
vn -0.7659 -0.3183 -0.5586
vn -0.7340 -0.2309 -0.6386
vn 0.8734 -0.4732 0.1156
vn 0.5697 -0.8199 -0.0578
vn 0.1022 -0.9786 -0.1786
vn 0.3651 -0.8819 -0.2982
vn 0.4299 -0.9004 -0.0667
vn -0.7616 0.4872 -0.4274
vn -0.9220 0.3678 -0.1210
vn -0.6017 0.7986 0.0162
vn -0.7050 0.7091 0.0120
vn -0.6757 0.7290 0.1094
vn -0.8764 0.1828 -0.4455
vn -0.8384 0.4468 -0.3121
vn -0.5247 0.4489 0.7234
vn -0.3406 0.3806 0.8597
vn -0.1891 0.6089 0.7704
vn -0.1475 -0.0485 0.9879
vn -0.3735 0.2149 0.9024
vn -0.4353 -0.0414 0.8993
vn -0.9766 0.1428 -0.1605
vn -0.8952 0.4056 -0.1846
vn -0.8963 0.1331 -0.4231
vn 0.2996 0.5525 0.7778
vn -0.7381 -0.6670 0.1019
vn -0.6456 -0.6670 0.3718
vn -0.8606 -0.4460 0.2459
vn -0.3903 -0.6648 -0.6369
vn -0.4096 -0.3815 -0.8287
vn -0.7629 -0.0508 -0.6445
vn -0.6720 0.1983 0.7135
vn 0.0717 0.0841 0.9939
vn -0.1078 0.1325 0.9853
vn 0.3388 0.8985 -0.2791
vn -0.3944 0.0087 -0.9189
vn -0.4485 0.2528 -0.8573
vn -0.0975 0.1791 -0.9790
vn -0.4105 0.3540 0.8404
vn -0.8281 -0.4501 -0.3341
vn 0.5199 0.1467 0.8415
vn -0.3535 0.9168 0.1858
vn -0.3803 0.8794 0.2864
vn -0.2505 0.9264 0.2810
vn 0.0014 0.3094 0.9509
vn 0.2026 0.0283 0.9789
vn 0.3230 0.2991 0.8979
vn 0.6435 -0.1504 0.7505
vn -0.7756 -0.1365 0.6163
vn -0.2457 0.0987 0.9643
vn 0.1789 0.7598 0.6250
vn 0.2947 0.5213 0.8009
vn 0.4563 0.5556 0.6951
vn -0.1210 0.8785 0.4621
vn -0.2368 0.8908 0.3877
vn 0.8712 -0.1811 0.4563
vn 0.1561 -0.1235 -0.9800
vn 0.7176 -0.2649 -0.6441
vn 0.4852 0.1999 -0.8512
vn 0.3125 0.6777 0.6657
vn 0.4319 0.7314 0.5277
vn 0.2592 0.7918 0.5530
vn 0.3853 -0.6827 0.6209
vn 0.6436 -0.6936 0.3236
vn 0.6627 0.7383 -0.1254
vn 0.8030 0.5313 -0.2699
vn -0.5941 0.0610 0.8021
vn -0.6223 0.7816 0.0428
vn 0.7573 -0.2417 0.6067
vn 0.6153 -0.2161 0.7581
vn 0.4761 -0.6024 -0.6407
vn 0.6048 -0.4126 -0.6812
vn 0.6545 -0.5994 -0.4608
vn -0.4591 -0.8449 0.2745
vn 0.1089 0.9522 -0.2853
vn -0.1310 0.9904 0.0446
vn 0.1887 0.9820 -0.0106
vn -0.1495 0.5053 -0.8499
vn -0.0280 0.4089 -0.9121
vn -0.1833 0.3855 -0.9043
vn -0.1848 0.1551 -0.9705
vn -0.4224 0.1836 -0.8876
vn -0.4474 -0.8591 0.2486
vn 0.7598 0.1599 0.6302
vn -0.0816 -0.5169 -0.8522
vn 0.3103 -0.5935 -0.7426
vn 0.3061 -0.5803 -0.7547
vn 0.4359 -0.5470 -0.7147
vn -0.7684 -0.5660 0.2986
vn -0.9049 -0.3479 0.2453
vn 0.9253 0.2184 -0.3099
vn 0.2118 0.9266 0.3108
vn 0.1333 0.9553 0.2639
vn -0.9343 -0.2692 -0.2336
vn -0.4342 -0.8050 0.4042
vn -0.2959 -0.9339 0.2006
vn -0.5053 -0.8327 0.2266
vn -0.5692 0.7501 0.3367
vn -0.3563 0.8065 0.4718
vn -0.2029 0.7807 -0.5911
vn 0.9965 0.0496 -0.0671
vn -0.6813 -0.6585 0.3196
vn -0.7044 -0.6989 0.1239
vn -0.7948 -0.5363 0.2841
vn -0.4095 -0.6112 -0.6773
vn -0.0995 0.9567 0.2734
vn 0.0728 0.8218 0.5651
vn 0.2495 0.9008 0.3554
vn -0.0795 -0.5990 -0.7968
vn -0.1715 -0.6316 -0.7561
vn -0.1960 -0.5298 -0.8252
vn 0.5330 0.7749 0.3398
vn -0.2805 0.9196 -0.2752
vn -0.4866 -0.2261 0.8439
vn -0.1504 -0.7088 0.6892
vn -0.8978 0.2225 0.3801
vn -0.8794 0.1583 0.4489
vn -0.6526 0.2198 0.7252
vn -0.5000 0.0238 -0.8657
vn 0.5444 0.2123 0.8115
vn 0.5188 0.1891 0.8337
vn -0.4757 -0.8792 -0.0246
vn -0.3851 -0.9223 -0.0314
vn -0.5109 -0.8577 -0.0585
vn -0.0202 0.9964 0.0820
vn 0.1174 0.9841 0.1331
vn 0.0673 0.9976 -0.0157
vn 0.8346 -0.0360 0.5497
vn 0.7376 -0.6042 0.3016
vn 0.5018 -0.0452 0.8638
vn 0.3497 -0.0113 0.9368
vn 0.8447 0.4816 0.2336
vn 0.9083 0.3660 0.2024
vn 0.4540 0.1507 0.8782
vn 0.5769 0.2518 0.7770
vn 0.7305 0.0617 0.6801
vn -0.0989 0.8349 0.5415
vn 0.2683 0.8777 -0.3972
vn 0.5416 0.7185 -0.4364
vn 0.2240 0.7674 -0.6007
vn -0.5569 0.2003 0.8061
vn -0.7603 0.1420 0.6338
vn -0.7546 -0.1386 0.6413
vn 0.2815 -0.9164 -0.2845
vn 0.4993 -0.8418 -0.2050
vn -0.8277 -0.2028 0.5233
vn -0.2075 -0.4463 -0.8705
vn -0.1324 -0.6697 -0.7307
vn 0.9565 0.2119 -0.2006
vn -0.5596 -0.2616 0.7864
vn 0.5383 -0.3017 0.7869
vn 0.1525 0.1643 0.9746
vn -0.4902 0.0260 0.8712
vn 0.2510 -0.1354 0.9585
vn -0.2190 -0.7490 0.6254
vn -0.1986 -0.8151 0.5442
vn -0.4048 -0.0673 0.9119
vn -0.4567 -0.2113 0.8641
vn 0.9377 -0.2307 -0.2597
vn 0.9417 -0.3071 -0.1377
vn 0.8500 0.4973 -0.1736
vn -0.6569 -0.6001 -0.4565
vn -0.5931 -0.6927 0.4104
vn 0.5568 -0.6233 0.5491
vn 0.5892 -0.3503 0.7281
vn 0.3134 -0.5834 0.7493
vn 0.5949 -0.2765 -0.7547
vn 0.2391 -0.4096 -0.8804
vn -0.8731 -0.4853 -0.0474
vn 0.6738 -0.3840 0.6312
vn 0.7091 -0.1534 0.6882
vn 0.8227 -0.4103 -0.3934
vn 0.9099 -0.3697 -0.1882
vn 0.9204 -0.3071 -0.2421
vn -0.2816 0.1319 -0.9504
vn -0.7848 -0.4563 0.4193
vn -0.3205 -0.2125 -0.9231
vn -0.5571 -0.2401 -0.7950
vn -0.0979 -0.2860 0.9532
vn -0.4505 -0.2636 0.8530
vn -0.3256 -0.4724 0.8190
vn 0.6295 -0.3375 0.6999
vn -0.1264 -0.2273 -0.9656
vn 0.6317 0.1218 0.7656
vn 0.7676 -0.6397 0.0400
vn 0.1428 -0.9844 -0.1024
vn -0.6545 0.4100 0.6353
vn -0.6999 0.4836 0.5256
vn -0.7813 0.3633 0.5074
vn 0.4482 -0.3163 -0.8361
vn 0.4663 -0.2137 -0.8584
vn 0.6092 0.0018 -0.7930
vn 0.2949 -0.8841 0.3625
vn 0.5454 -0.7537 0.3667
vn -0.9386 -0.2978 0.1741
vn -0.8884 -0.4126 0.2012
vn -0.0932 -0.9956 0.0107
vn -0.0565 -0.9733 0.2226
vn -0.3045 -0.9438 0.1286
vn 0.1851 -0.2332 0.9547
vn 0.9380 0.3431 -0.0500
vn 0.9610 0.2207 -0.1666
vn 0.9422 0.0903 0.3225
vn -0.1321 -0.8448 -0.5186
vn -0.0758 -0.9372 -0.3405
vn 0.0155 -0.9954 -0.0946
vn -0.1189 -0.9919 -0.0458
vn 0.0586 -0.9916 0.1156
vn -0.9994 0.0212 -0.0285
vn -0.9515 -0.0632 0.3012
vn -0.9163 0.3140 -0.2485
vn -0.9590 0.2255 -0.1716
vn -0.9221 0.3613 -0.1383
vn -0.5434 0.3752 -0.7510
vn -0.4103 0.4030 -0.8181
vn 0.5309 0.5161 0.6722
vn 0.0434 0.9851 0.1666
vn 0.4908 0.8137 -0.3113
vn 0.8765 -0.1569 -0.4551
vn 0.7927 0.5767 0.1974
vn 0.7306 0.6798 0.0645
vn 0.7108 0.6767 0.1917
vn -0.0160 -0.6893 0.7243
vn 0.1551 0.0816 -0.9845
vn 0.9751 -0.1948 0.1057
vn 0.9622 -0.2690 -0.0419
vn -0.6979 0.6858 -0.2064
vn -0.8288 0.2010 -0.5222
vn -0.7782 0.2915 -0.5563
vn 0.9413 -0.3365 0.0272
vn 0.9476 -0.3194 0.0101
vn -0.0994 0.9318 0.3491
vn 0.3169 0.7429 0.5896
vn 0.3505 0.7420 0.5715
vn 0.2238 0.6751 0.7029
vn -0.0540 0.9592 -0.2776
vn -0.4327 0.8365 -0.3363
vn 0.2855 0.6087 -0.7403
vn -0.3675 -0.8758 0.3129
vn -0.1706 -0.8341 0.5246
vn -0.3813 -0.6844 0.6214
vn 0.9459 -0.3243 -0.0083
vn 0.2094 -0.6735 0.7090
vn -0.2391 0.9425 -0.2335
vn 0.4958 0.2316 0.8370
vn -0.8578 -0.1493 0.4919
vn -0.5819 -0.8111 0.0596
vn 0.8603 -0.4770 0.1798
vn 0.7892 0.1115 0.6040
vn -0.9881 0.1280 -0.0854
vn 0.4663 -0.4961 0.7324
vn 0.6057 -0.7920 0.0764
vn 0.6689 0.2171 0.7109
vn 0.4566 -0.1587 0.8754
vn -0.4663 -0.2186 0.8572
vn 0.8888 -0.4456 0.1073
vn 0.5646 -0.7325 -0.3802
vn 0.8588 0.4074 -0.3107
vn 0.6803 0.7241 0.1131
vn 0.8925 0.4388 0.1049
vn 0.1665 -0.5545 0.8153
vn 0.7043 -0.2573 0.6616
vn 0.7656 -0.4732 -0.4357
vn 0.5700 -0.5971 -0.5644
vn 0.3633 -0.5601 0.7445
vn -0.9046 0.2551 -0.3414
vn -0.0227 0.0073 -0.9997
vn -0.0780 -0.0859 -0.9933
vn -0.1437 0.0587 -0.9879
vn -0.5092 -0.4292 0.7460
vn 0.4575 0.4359 0.7750
vn 0.7520 -0.0862 0.6535
vn -0.2382 -0.5899 -0.7715
vn -0.1027 -0.5635 -0.8197
vn -0.2276 -0.4607 -0.8579
vn 0.7752 0.5209 0.3574
vn -0.7191 -0.6908 0.0759
vn -0.6611 -0.7421 -0.1103
vn 0.7146 0.1632 0.6803
vn 0.5012 -0.0470 0.8640
vn 0.7004 -0.1870 0.6888
vn 0.3935 -0.7816 -0.4840
vn 0.4021 -0.7830 -0.4745
vn 0.8132 -0.0864 0.5755
vn 0.8130 0.2718 0.5150
vn 0.6546 0.2790 0.7026
vn 0.5095 -0.0243 -0.8601
vn 0.4228 -0.1203 -0.8982
vn 0.3962 0.0052 -0.9181
vn -0.6932 -0.7025 0.1615
vn -0.4527 -0.8916 0.0077
vn -0.8173 -0.3420 0.4638
vn 0.8334 -0.4764 -0.2800
vn 0.7622 -0.3445 -0.5480
vn -0.7710 -0.4859 0.4116
vn -0.5795 0.2325 0.7811
vn -0.8025 -0.2885 0.5223
vn -0.3242 0.2316 0.9172
vn -0.2519 0.2866 0.9243
vn 0.6100 -0.7801 0.1387
vn 0.4029 0.8651 -0.2987
vn 0.3786 0.8037 -0.4590
vn -0.8372 -0.4812 -0.2597
vn -0.8054 -0.5760 0.1399
vn -0.8137 -0.1917 0.5488
vn -0.7963 -0.0420 0.6034
vn -0.8733 -0.1417 0.4662
vn -0.4592 0.6084 0.6473
vn -0.2828 0.6947 0.6614
vn 0.2504 0.9679 -0.0209
vn 0.1432 0.9313 -0.3350
vn 0.0414 0.9977 0.0536
vn -0.9898 0.1354 0.0444
vn -0.9994 0.0305 -0.0145
vn -0.7326 0.4527 -0.5082
vn 0.5725 -0.8181 0.0537
vn 0.5481 -0.7838 0.2919
vn 0.8175 -0.1950 0.5419
vn -0.6029 0.2067 0.7706
vn 0.3293 -0.9104 -0.2506
vn 0.8180 0.3690 0.4413
vn 0.6256 0.3468 0.6988
vn 0.8171 0.0262 0.5759
vn 0.2969 -0.7057 0.6433
vn 0.8749 0.2066 -0.4380
vn 0.5175 0.5495 -0.6560
vn 0.4505 0.1888 -0.8726
vn -0.3090 0.0324 0.9505
vn -0.1405 0.2391 0.9608
vn -0.5423 0.1912 0.8181
vn -0.6543 -0.7194 -0.2331
vn -0.4439 -0.7784 0.4440
vn -0.6671 -0.7029 0.2469
vn -0.7346 0.6784 -0.0068
vn -0.8450 0.5106 0.1591
vn -0.6159 0.7719 0.1577
vn 0.5762 -0.3426 -0.7421
vn -0.2355 0.0802 0.9686
vn 0.2306 0.0675 0.9707
vn -0.1918 -0.6926 0.6954
vn -0.4573 -0.4576 0.7625
vn 0.8708 0.3238 0.3700
vn 0.4008 0.9127 -0.0791
vn -0.0754 0.9443 0.3204
vn -0.5178 -0.5781 -0.6307
vn 0.3558 -0.5932 0.7222
vn 0.0538 -0.5543 0.8306
vn 0.0457 -0.7479 0.6623
vn 0.4061 0.7100 -0.5754
vn 0.5146 0.6838 -0.5173
vn -0.5502 -0.1147 0.8271
vn -0.5069 -0.2834 0.8141
vn -0.4403 -0.1396 0.8869
vn 0.4259 0.5704 0.7024
vn -0.6585 0.2130 0.7218
vn -0.5550 0.4430 0.7041
vn -0.0418 0.7679 0.6392
vn -0.1608 0.7548 0.6359
vn 0.2684 0.7293 -0.6294
vn 0.5457 -0.4353 0.7161
vn -0.8107 -0.2877 0.5099
vn -0.6186 -0.3383 0.7091
vn -0.8061 -0.0276 0.5911
vn 0.8700 -0.3085 -0.3847
vn 0.1692 0.5170 0.8391
vn 0.1364 -0.9138 0.3825
vn 0.2907 -0.9410 0.1735
vn -0.4456 0.8747 0.1905
vn 0.2206 0.9733 0.0635
vn 0.2040 0.9787 -0.0242
vn -0.7907 -0.6030 0.1062
vn -0.9150 -0.3232 0.2414
vn -0.7192 -0.6491 -0.2479
vn 0.8009 0.5929 0.0840
vn 0.7882 0.6148 -0.0296
vn 0.0740 0.9641 -0.2551
vn 0.2216 0.9317 -0.2879
vn -0.0017 -0.4265 0.9045
vn 0.0034 -0.6498 0.7601
vn 0.9274 0.2628 0.2661
vn -0.1006 0.9682 0.2289
vn -0.1865 0.9690 0.1618
vn -0.3036 -0.7497 -0.5880
vn 0.4964 0.7195 -0.4858
vn 0.4084 0.8968 -0.1703
vn -0.7066 -0.5307 -0.4679
vn -0.8103 -0.2354 -0.5367
vn 0.4073 -0.0128 0.9132
vn -0.1615 -0.8904 0.4256
vn 0.3888 -0.9049 0.1733
vn 0.3895 -0.4165 -0.8215
vn 0.2282 0.9708 -0.0744
vn 0.0137 0.9989 0.0453
vn 0.2032 0.9348 0.2914
vn 0.1844 0.7052 -0.6846
vn -0.2621 0.8646 -0.4286
vn -0.1421 0.9252 -0.3518
vn 0.7500 -0.6146 0.2444
vn 0.7379 -0.6715 0.0682
vn 0.8224 -0.5376 0.1859
vn 0.6699 -0.1293 -0.7311
vn 0.4424 -0.4019 -0.8017
vn -0.4362 0.4850 0.7580
vn -0.3168 0.4958 0.8086
vn -0.3176 0.5868 0.7448
vn 0.9788 -0.1539 -0.1349
vn 0.9328 -0.2708 -0.2380
vn 0.7797 -0.2794 0.5604
vn 0.7246 -0.5557 -0.4076
vn 0.6372 -0.7354 -0.2306
vn 0.6307 0.5659 -0.5310
vn 0.8450 0.0645 0.5308
vn 0.8724 0.0241 0.4883
vn 0.7960 0.0221 0.6049
vn -0.7536 0.4516 0.4776
vn -0.5106 0.6395 0.5747
vn 0.2473 -0.3758 0.8931
vn -0.9110 -0.4042 -0.0817
vn -0.9090 -0.3417 -0.2389
vn -0.0571 0.4833 -0.8736
vn -0.2712 0.3884 -0.8807
vn -0.1935 0.6536 -0.7316
vn -0.7365 -0.1234 -0.6651
vn 0.8664 -0.4812 -0.1331
vn 0.7611 -0.6091 -0.2232
vn 0.9530 -0.2625 0.1511
vn -0.4640 0.0065 -0.8858
vn -0.5744 0.0087 -0.8185
vn 0.3027 -0.8882 -0.3456
vn 0.5513 -0.1379 -0.8228
vn -0.9438 -0.2110 0.2546
vn -0.9820 -0.0764 -0.1729
vn -0.9957 -0.0766 -0.0524
vn 0.6873 -0.1435 -0.7120
vn -0.6276 0.7704 -0.1123
vn -0.7565 0.6479 -0.0894
vn 0.0743 -0.0773 -0.9942
vn -0.7340 -0.3004 -0.6092
vn -0.7969 -0.2718 -0.5395
vn 0.2406 0.4715 -0.8484
vn 0.1003 0.5056 -0.8569
vn -0.0013 0.9567 0.2912
vn -0.4934 -0.7919 -0.3599
vn 0.3784 0.3714 0.8479
vn -0.8247 -0.5655 -0.0083
vn -0.9601 -0.2667 0.0842
vn -0.8956 -0.4010 -0.1927
vn 0.0079 -0.3199 0.9474
vn -0.1735 -0.7950 0.5813
vn 0.0459 -0.9045 0.4240
vn 0.7117 0.5213 -0.4708
vn 0.0143 0.6932 0.7206
vn 0.1399 0.6333 0.7612
vn -0.6288 -0.5775 0.5207
vn 0.0617 -0.8111 0.5816
vn 0.1058 -0.6013 0.7920
vn -0.3766 -0.3796 0.8450
vn 0.4358 -0.3444 0.8316
vn -0.1852 -0.2448 0.9517
vn -0.8819 -0.4468 -0.1507
vn -0.6921 -0.7082 -0.1395
vn -0.8279 -0.5607 0.0127
vn -0.5714 0.4271 0.7007
vn 0.4223 -0.0465 0.9053
vn 0.5469 -0.3075 0.7787
vn 0.8370 0.3517 -0.4192
vn -0.9981 0.0554 -0.0277
vn -0.9645 0.0077 0.2640
vn -0.9263 0.3723 0.0588
vn -0.5050 0.3532 -0.7875
vn -0.4202 0.6093 -0.6724
vn 0.2576 0.2136 -0.9423
vn 0.3652 -0.0588 -0.9291
vn -0.7402 -0.4009 0.5398
vn -0.5309 -0.4274 0.7318
vn 0.9134 -0.2104 -0.3485
vn 0.9282 -0.3326 -0.1667
vn 0.2844 -0.9587 -0.0084
vn 0.0495 0.3474 0.9364
vn -0.0481 0.2701 0.9616
vn 0.0496 0.1933 0.9799
vn -0.6589 -0.0550 0.7502
vn -0.4200 -0.2780 0.8639
vn 0.0599 0.8575 -0.5109
vn 0.3814 -0.9210 -0.0790
vn 0.5813 -0.7847 -0.2153
vn -0.1054 0.7883 -0.6062
vn -0.1652 0.8615 -0.4801
vn -0.5559 0.6592 0.5064
vn -0.6522 0.6036 0.4586
vn -0.5960 0.5616 0.5739
vn -0.5083 0.6763 -0.5332
vn -0.5527 0.7082 -0.4392
vn -0.4012 0.7409 -0.5386
vn 0.4403 0.8758 0.1980
vn 0.3020 0.8781 0.3711
vn -0.5739 0.7922 0.2073
vn 0.5825 0.8074 -0.0943
vn 0.4655 0.8843 -0.0353
vn 0.6042 0.7962 0.0327
vn -0.3802 -0.2468 0.8914
vn -0.4113 -0.4455 0.7952
vn -0.5127 -0.3630 0.7780
vn -0.4662 0.0712 0.8818
vn -0.3853 0.3005 0.8725
vn -0.2584 0.2633 0.9295
vn -0.2808 0.2806 0.9178
vn 0.8003 0.4031 0.4440
vn 0.0713 -0.0650 0.9953
vn 0.4190 0.2552 -0.8714
vn 0.7147 0.1752 -0.6771
vn 0.3221 0.4847 -0.8132
vn -0.3722 -0.2469 0.8947
vn -0.4240 -0.5128 -0.7465
vn 0.1950 -0.9770 -0.0869
vn -0.7185 -0.6193 -0.3166
vn 0.9605 0.2306 0.1560
vn 0.9192 -0.0552 -0.3899
vn 0.3911 -0.0187 0.9202
vn 0.5857 -0.0109 0.8104
vn -0.8147 -0.3115 0.4891
vn -0.6583 -0.4157 -0.6276
vn -0.7415 -0.4399 -0.5067
vn -0.6068 -0.7713 -0.1919
vn -0.9944 0.0374 0.0985
vn -0.9814 0.0920 0.1685
vn 0.9899 -0.1114 0.0882
vn 0.9310 0.0787 0.3564
vn 0.9138 -0.2118 0.3466
vn -0.0951 -0.9846 -0.1468
vn -0.5580 0.2256 0.7986
vn -0.7474 0.1027 0.6564
vn 0.0059 0.0953 0.9954
vn -0.6609 -0.0637 0.7478
vn -0.3754 0.4663 0.8010
vn 0.0230 0.0599 -0.9979
vn -0.6341 -0.0075 0.7732
vn 0.3330 -0.9419 -0.0437
vn 0.1185 -0.9901 0.0756
vn 0.9458 0.2852 -0.1554
vn -0.1704 -0.3083 -0.9359
vn 0.3852 -0.4480 -0.8068
vn -0.7806 -0.1416 0.6088
vn -0.1946 -0.1747 0.9652
vn -0.2664 -0.9625 -0.0510
vn -0.2352 -0.0624 -0.9700
vn 0.0708 0.1262 -0.9895
vn 0.3182 -0.0866 -0.9441
vn -0.5928 -0.5583 0.5804
vn -0.5792 -0.5422 0.6087
vn -0.5788 -0.2217 0.7848
vn 0.2965 0.7198 0.6276
vn 0.0569 0.9033 0.4253
vn -0.0110 0.7477 0.6639
vn 0.7969 -0.0877 -0.5977
vn 0.7888 0.0179 -0.6144
vn 0.8720 -0.0161 -0.4893
vn -0.9643 -0.2620 -0.0374
vn -0.9369 -0.2860 -0.2013
vn -0.9078 -0.3997 -0.1269
vn -0.8378 0.2832 0.4668
vn 0.4731 0.0790 -0.8775
vn -0.9295 -0.0503 0.3653
vn -0.9691 -0.1842 0.1640
vn -0.8566 0.4904 -0.1605
vn 0.8714 -0.1168 0.4765
vn 0.8052 -0.2833 0.5210
vn -0.1188 0.9735 -0.1954
vn -0.5447 0.5231 -0.6555
vn -0.9339 -0.2232 -0.2795
vn -0.9242 -0.3405 -0.1731
vn -0.8732 -0.3680 -0.3196
vn 0.3013 -0.0719 0.9508
vn 0.3622 0.9163 0.1711
vn 0.3811 0.9211 0.0799
vn 0.2545 0.9496 0.1828
vn 0.5825 0.2841 -0.7616
vn 0.2835 0.9512 -0.1216
vn 0.3387 0.9406 -0.0250
vn 0.4118 0.8963 -0.1646
vn -0.9807 -0.1338 0.1427
vn -0.2371 0.8075 0.5401
vn 0.9878 0.0248 -0.1536
vn 0.7034 -0.0246 -0.7103
vn 0.2138 0.9558 0.2020
vn -0.1709 0.9489 0.2655
vn 0.9344 -0.0140 0.3559
vn 0.9428 0.0306 0.3318
vn -0.2096 -0.0635 0.9757
vn 0.9841 -0.1519 0.0925
vn 0.9123 -0.3140 0.2629
vn -0.9678 0.1293 -0.2160
vn 0.8295 0.5460 -0.1176
vn -0.7108 0.7025 -0.0365
vn -0.4154 0.9083 -0.0497
vn -0.0951 -0.9491 -0.3002
vn 0.8254 -0.4661 0.3185
vn 0.8590 -0.5032 0.0946
vn 0.7639 -0.6442 -0.0392
vn 0.7984 -0.5894 -0.1228
vn 0.7257 -0.5502 0.4131
vn 0.5261 -0.6504 0.5479
vn 0.8552 -0.3488 0.3834
vn 0.5537 0.2215 -0.8027
vn 0.5871 -0.0148 -0.8094
vn 0.2044 -0.5345 -0.8201
vn 0.1828 -0.4083 -0.8944
vn 0.2943 -0.4503 -0.8430
vn 0.3666 -0.7308 0.5758
vn 0.1932 -0.8994 0.3922
vn -0.8887 -0.0511 0.4557
vn -0.7327 -0.6359 -0.2423
vn -0.3054 0.2333 0.9232
vn 0.0523 0.9776 0.2037
vn 0.2870 -0.9463 0.1487
vn 0.4868 -0.4373 0.7562
vn -0.9676 0.2008 -0.1532
vn -0.8447 -0.0412 0.5337
vn -0.2519 -0.6088 -0.7522
vn -0.4893 -0.4995 -0.7149
vn -0.0402 0.9991 0.0153
vn -0.2046 0.9397 -0.2740
vn 0.7067 -0.2900 -0.6453
vn -0.9487 0.0031 -0.3162
vn -0.2464 0.6184 -0.7462
vn -0.4154 0.5449 -0.7283
vn -0.3074 0.6836 -0.6619
vn 0.9473 -0.1774 0.2666
vn 0.9341 -0.0386 0.3549
vn 0.8834 -0.1255 0.4515
vn 0.7886 -0.2462 0.5634
vn -0.6228 -0.7358 0.2660
vn -0.4880 -0.6646 0.5658
vn -0.0187 -0.9173 0.3977
vn -0.9905 -0.1309 0.0430
vn 0.8185 -0.1786 0.5461
vn 0.7248 -0.0438 0.6876
vn -0.6870 -0.0581 0.7243
vn -0.0694 -0.8457 -0.5291
vn 0.5814 0.7692 -0.2651
vn -0.2580 -0.4509 -0.8545
vn -0.9266 -0.1716 0.3347
vn -0.8248 -0.0401 0.5641
vn -0.9508 0.0317 0.3081
vn -0.0705 -0.7510 -0.6566
vn 0.6352 -0.7667 0.0935
vn -0.0982 -0.9925 0.0728
vn 0.4658 0.3662 0.8055
vn -0.6216 0.0360 -0.7825
vn -0.2076 0.6430 0.7372
vn -0.1020 0.8364 0.5385
vn -0.6531 0.7341 0.1860
vn -0.7688 0.6227 0.1455
vn -0.4078 -0.7216 -0.5595
vn 0.6734 -0.7387 0.0282
vn 0.7730 -0.6172 0.1468
vn 0.9635 -0.2461 0.1055
vn -0.2726 0.8567 0.4378
vn 0.0839 -0.9907 -0.1070
vn -0.1730 -0.9842 0.0389
vn 0.3440 0.8045 0.4843
vn 0.4093 0.8136 0.4129
vn 0.5558 0.7006 0.4475
vn -0.8890 0.1746 -0.4234
vn -0.9469 0.1592 -0.2793
vn -0.9637 0.2055 0.1706
vn -0.7583 0.3916 -0.5212
vn -0.8337 0.3205 -0.4497
vn 0.1966 -0.9670 0.1621
vn 0.1647 0.5538 0.8162
vn -0.1124 0.9935 0.0157
vn -0.2580 0.9661 -0.0115
vn -0.2485 0.9641 0.0938
vn 0.4957 -0.0101 0.8685
vn 0.6813 -0.2277 0.6957
vn -0.3035 -0.9521 -0.0366
vn -0.1415 -0.9813 -0.1304
vn -0.7437 0.3145 0.5900
vn -0.6479 0.2837 0.7070
vn 0.9130 0.3648 -0.1825
vn 0.8427 0.4177 -0.3397
vn 0.8549 0.4719 -0.2157
vn 0.1633 -0.4408 0.8826
vn -0.1550 -0.6447 0.7486
vn -0.4049 -0.6398 0.6533
vn -0.1632 -0.8456 0.5083
vn 0.5915 0.3601 0.7214
vn 0.5108 0.2768 0.8139
vn 0.6387 0.2384 0.7316
vn 0.1089 -0.8168 0.5666
vn 0.2549 0.6589 -0.7077
vn -0.1577 -0.1733 -0.9722
vn -0.2726 0.2188 -0.9369
vn 0.3201 0.3116 -0.8947
vn 0.8876 -0.4444 0.1214
vn 0.8054 -0.5853 -0.0940
vn 0.2916 -0.5740 0.7652
vn 0.3013 -0.2828 0.9106
vn 0.0975 -0.4744 0.8749
vn 0.6635 -0.4360 -0.6080
vn 0.0193 0.2892 -0.9571
vn 0.0067 0.1251 0.9921
vn -0.5510 0.4561 -0.6989
vn -0.3676 0.9259 0.0872
vn -0.5045 0.8495 0.1541
vn -0.9445 -0.3263 -0.0372
vn -0.7520 0.5226 0.4017
vn 0.2156 0.5370 0.8156
vn 0.3115 0.5630 0.7655
vn -0.2188 -0.3977 -0.8910
vn -0.3386 -0.4443 -0.8294
vn -0.8607 -0.3230 -0.3935
vn -0.0759 0.1732 -0.9819
vn -0.1708 0.2497 -0.9531
vn 0.0041 0.2767 -0.9609
vn -0.6927 0.1229 -0.7107
vn -0.5322 0.4583 -0.7118
vn 0.7468 0.4797 -0.4606
vn -0.7764 0.5485 -0.3105
vn -0.6774 -0.2557 -0.6898
vn 0.6221 -0.6147 -0.4848
vn 0.2742 -0.6026 -0.7494
vn 0.7778 0.6026 0.1786
vn 0.6380 0.7698 -0.0178
vn 0.5854 0.7442 0.3217
vn -0.2309 0.6642 -0.7110
vn -0.0439 0.8688 -0.4932
vn 0.0525 0.6064 -0.7934
vn 0.7247 -0.5237 0.4479
vn 0.2916 0.0115 -0.9565
vn 0.1917 -0.0946 -0.9769
vn 0.1575 0.0373 -0.9868
vn -0.4891 0.3064 0.8166
vn -0.3515 0.3690 0.8604
vn 0.7473 0.2874 0.5991
vn 0.6578 0.4531 0.6017
vn -0.7399 -0.2833 0.6102
vn 0.6582 -0.6481 -0.3831
vn 0.4873 -0.4311 -0.7594
vn -0.5299 -0.6678 0.5226
vn -0.6206 -0.2309 0.7494
vn 0.7672 -0.5770 -0.2801
vn -0.7098 0.4933 -0.5028
vn -0.4568 0.8894 0.0150
vn 0.5508 -0.3340 0.7649
vn 0.8468 0.3603 0.3914
vn 0.7746 0.4067 0.4844
vn 0.3917 -0.0703 -0.9174
vn 0.5675 -0.1826 -0.8029
vn -0.2045 -0.7640 0.6120
vn -0.4940 -0.5746 0.6525
vn -0.5497 0.4291 0.7168
vn -0.3111 0.4621 0.8305
vn 0.8290 -0.1291 0.5441
vn 0.8191 -0.3832 0.4269
vn 0.5413 0.1911 0.8188
vn -0.2225 -0.9639 -0.1463
vn -0.1397 -0.9843 0.1080
vn 0.8365 -0.1700 -0.5210
vn 0.7152 -0.3557 -0.6016
vn 0.8833 -0.1871 -0.4299
vn -0.7138 -0.5362 -0.4505
vn -0.5469 0.8324 0.0894
vn -0.9064 -0.3993 -0.1377
vn -0.9088 -0.4144 -0.0494
vn 0.4477 -0.8832 0.1398
vn -0.5821 -0.6979 -0.4173
vn 0.9816 0.1071 0.1581
vn -0.5852 -0.7887 0.1886
vn -0.7843 0.5879 -0.1979
vn -0.8211 -0.0493 -0.5686
vn -0.8758 -0.2736 -0.3975
vn -0.9317 0.2973 0.2087
vn -0.5054 -0.5810 -0.6379
vn -0.9291 0.1200 0.3499
vn -0.9555 0.1286 0.2656
vn -0.7828 0.2188 0.5825
vn -0.4341 -0.4427 -0.7846
vn 0.4256 0.7768 0.4641
vn -0.5425 -0.1009 -0.8340
vn -0.9539 0.2575 -0.1541
vn -0.8659 -0.0702 -0.4952
vn -0.9751 -0.1427 -0.1698
vn -0.9700 0.0997 -0.2216
vn 0.5402 0.7007 -0.4660
vn -0.9631 0.1013 -0.2493
vn -0.8212 -0.5406 -0.1824
vn -0.1928 0.7320 -0.6534
vn 0.7251 -0.6176 0.3046
vn 0.7562 -0.5339 0.3784
vn -0.4556 -0.2490 0.8547
vn 0.3553 0.8146 -0.4584
vn -0.6038 -0.2061 -0.7700
vn -0.9528 -0.2158 -0.2135
vn 0.4657 0.8424 -0.2712
vn 0.4577 0.8878 -0.0476
vn 0.9170 -0.2338 -0.3232
vn 0.9124 -0.1641 -0.3748
vn 0.2291 0.0383 0.9727
vn -0.3095 0.5285 0.7905
vn -0.0165 0.2998 0.9538
vn -0.2052 0.3716 0.9055
vn 0.4786 0.1175 0.8701
vn -0.3375 -0.9036 -0.2638
vn -0.9488 -0.3123 0.0470
vn -0.9088 -0.4087 0.0843
vn 0.1330 0.4504 0.8829
vn 0.6385 -0.0504 0.7680
vn -0.2118 0.9599 -0.1838
vn -0.3190 0.9446 0.0774
vn 0.7413 -0.6498 -0.1678
vn -0.8565 -0.1849 -0.4819
vn -0.8053 -0.1101 -0.5825
vn -0.2113 0.5807 0.7862
vn 0.2763 -0.8430 0.4616
vn 0.6952 0.3542 0.6255
vn -0.3614 0.0508 -0.9310
vn -0.3571 0.3334 -0.8726
vn 0.0853 -0.9908 -0.1047
vn -0.4290 0.6561 -0.6209
vn 0.5592 -0.2527 0.7896
vn 0.9802 0.1891 0.0579
vn 0.9184 0.3212 0.2308
vn 0.2218 -0.3251 0.9193
vn -0.1564 0.9709 0.1813
vn -0.1914 0.8903 0.4132
vn -0.8445 -0.3205 -0.4291
vn -0.8435 0.5353 -0.0440
vn -0.9049 0.4210 -0.0626
vn -0.8847 0.4618 0.0627
vn -0.9086 -0.1885 0.3728
vn -0.4452 -0.8932 -0.0637
vn 0.1211 0.5906 0.7979
vn 0.8868 -0.3236 -0.3299
vn 0.8183 -0.4704 -0.3305
vn -0.8942 -0.3674 -0.2558
vn -0.9705 -0.1187 -0.2101
vn 0.2645 0.7916 -0.5509
vn 0.6997 0.1096 0.7060
vn 0.6560 0.2861 0.6984
vn 0.4110 0.3089 0.8577
vn 0.4856 0.0961 -0.8689
vn 0.5780 0.0781 -0.8123
vn -0.6687 0.6553 0.3513
vn -0.4027 0.8636 0.3033
vn -0.9915 0.1251 0.0359
vn -0.9810 -0.0875 0.1731
vn -0.9978 -0.0408 0.0518
vn -0.5941 -0.7915 0.1433
vn -0.9036 0.4283 0.0019
vn -0.7541 0.6384 0.1544
vn -0.0439 0.9946 -0.0937
vn -0.2449 -0.4360 0.8660
vn -0.7241 -0.4368 -0.5337
vn 0.0055 0.9127 -0.4085
vn 0.0085 -0.5632 0.8263
vn 0.7678 0.2374 0.5951
vn -0.5427 0.6977 -0.4675
vn 0.1221 -0.8399 0.5288
vn 0.2130 0.8957 0.3903
vn -0.1415 0.8779 0.4575
vn 0.1063 0.7850 0.6103
vn -0.9361 0.2030 0.2872
vn 0.3617 -0.9175 -0.1652
vn 0.0157 0.2575 -0.9662
vn 0.7171 -0.0208 0.6967
vn -0.5582 -0.4287 0.7104
vn 0.2506 -0.7791 0.5747
vn 0.0368 -0.6970 0.7162
vn 0.0958 -0.9034 0.4179
vn -0.8136 -0.0371 -0.5802
vn -0.5109 -0.4483 -0.7334
vn -0.5679 -0.3240 -0.7567
vn 0.8089 -0.4370 0.3934
vn 0.7008 0.5890 0.4025
vn 0.6187 0.7803 0.0914
vn -0.9316 -0.3387 -0.1316
vn 0.0267 -0.3115 -0.9499
vn 0.3508 -0.4831 0.8022
vn -0.0226 0.5268 -0.8497
vn 0.1542 -0.2814 -0.9471
vn 0.6187 0.6112 0.4935
vn 0.5218 0.4934 0.6959
vn 0.1578 0.6148 -0.7727
vn 0.9283 0.2365 -0.2870
vn 0.8684 0.0185 -0.4956
vn -0.5841 -0.5699 -0.5780
vn -0.1031 0.3212 -0.9414
vn 0.5221 0.8316 -0.1894
vn -0.6847 -0.5465 -0.4821
vn -0.0626 -0.4501 0.8908
vn -0.9922 -0.0702 0.1028
vn -0.8084 0.0635 0.5852
vn 0.4794 0.6162 -0.6248
vn -0.6805 0.2062 -0.7031
vn 0.6344 -0.7342 0.2419
vn 0.0885 0.1764 -0.9803
vn 0.0283 0.0899 -0.9956
vn -0.5613 -0.8158 -0.1395
vn 0.1912 0.2050 -0.9599
vn -0.1548 0.4937 -0.8558
vn -0.6717 0.2786 -0.6865
vn 0.5206 0.8364 0.1715
vn 0.7006 0.4220 -0.5754
vn -0.1014 -0.0835 -0.9913
vn -0.2279 -0.0714 -0.9711
vn -0.2681 0.0319 -0.9629
vn -0.6776 0.4626 -0.5717
vn -0.2894 0.5522 -0.7819
vn 0.0402 0.7220 -0.6907
vn -0.7446 0.5308 0.4046
vn -0.5395 0.5848 0.6057
vn 0.3343 -0.8420 -0.4233
vn 0.7080 0.5725 0.4134
vn 0.2210 0.8735 0.4337
vn -0.3137 0.3018 -0.9003
vn -0.7192 -0.4571 -0.5233
vn 0.0738 0.8361 0.5436
vn -0.3816 0.4639 0.7995
vn -0.6043 0.6109 -0.5115
vn -0.5344 0.3839 0.7530
vn -0.1417 0.3680 0.9190
vn -0.9279 -0.1005 -0.3591
vn 0.9276 -0.0251 0.3727
vn 0.9164 -0.3514 0.1914
vn 0.8083 0.5639 0.1694
vn -0.9654 -0.1523 -0.2116
vn -0.7362 -0.5560 -0.3858
vn -0.0596 -0.3909 -0.9185
vn 0.7509 0.5345 -0.3879
vn 0.7983 0.5311 -0.2839
vn 0.0068 0.9723 -0.2337
vn 0.6926 -0.7190 0.0570
vn 0.8009 -0.5757 0.1647
vn 0.6474 -0.6414 0.4117
vn 0.0829 0.7617 -0.6426
vn 0.2586 0.7926 -0.5522
vn -0.6352 0.2063 0.7443
vn -0.9429 -0.3310 0.0379
vn -0.6986 -0.6961 -0.1655
vn -0.8322 -0.5534 -0.0351
vn -0.5272 0.8454 -0.0858
vn 0.5453 0.7695 0.3325
vn 0.7961 0.5181 0.3127
vn -0.3575 -0.5795 -0.7323
vn -0.7304 -0.1561 0.6649
vn -0.2773 0.0526 0.9594
vn -0.5309 -0.2965 -0.7939
vn -0.7965 0.0388 -0.6033
vn -0.6914 0.0987 -0.7157
vn 0.9995 0.0041 0.0301
vn 0.9859 0.0193 0.1660
vn -0.2551 0.4295 -0.8663
vn 0.6642 -0.4609 -0.5886
vn 0.3624 0.1486 -0.9201
vn -0.0603 -0.1474 -0.9872
vn -0.8733 -0.4156 -0.2544
vn -0.8210 0.0039 0.5710
vn -0.0642 -0.4786 -0.8757
vn -0.6549 0.2828 0.7008
vn 0.8649 0.1302 -0.4848
vn 0.0273 -0.6201 -0.7841
vn 0.0704 -0.5153 -0.8541
vn 0.5850 -0.4258 0.6903
vn -0.1742 -0.9595 0.2214
vn 0.4003 0.5332 0.7453
vn 0.3296 0.7144 0.6173
vn -0.8535 -0.0138 0.5209
vn 0.4585 0.8690 0.1860
vn 0.8063 0.0326 0.5906
vn -0.5445 -0.4679 -0.6961
vn -0.2062 -0.8987 0.3871
vn -0.1000 -0.7649 0.6364
vn -0.0643 0.9323 -0.3558
vn 0.5265 -0.8439 0.1034
vn -0.9183 -0.3960 0.0001
vn -0.9523 -0.2810 0.1188
vn -0.9342 -0.3568 0.0011
vn -0.8364 -0.1787 -0.5181
vn -0.6453 -0.4981 -0.5791
vn 0.9328 0.3184 -0.1687
vn 0.8554 0.5165 0.0396
vn 0.6512 0.2579 -0.7137
vn 0.1551 0.2923 0.9437
vn -0.0890 0.3926 0.9154
vn 0.2114 0.2342 0.9489
vn 0.6291 0.7718 -0.0927
vn 0.7960 0.6013 -0.0695
vn 0.9190 -0.3485 -0.1841
vn 0.8608 -0.3529 0.3668
vn -0.4423 -0.8404 -0.3133
vn 0.9272 0.1662 0.3356
vn 0.6219 0.6925 0.3657
vn 0.1382 -0.9824 0.1255
vn -0.2742 0.1236 -0.9537
vn -0.5486 -0.6621 0.5106
vn -0.6237 -0.3481 0.6999
vn -0.2512 0.1662 0.9536
vn -0.4883 0.7475 0.4502
vn -0.0944 0.6475 0.7562
vn 0.6147 0.7510 -0.2410
vn -0.1946 0.4425 -0.8754
vn 0.0708 0.3440 -0.9363
vn 0.2877 -0.8423 0.4557
vn 0.2751 -0.7015 0.6575
vn -0.2847 -0.5990 0.7484
vn -0.7467 0.0786 -0.6605
vn 0.8308 0.3226 0.4535
vn -0.2923 0.5118 -0.8078
vn -0.1439 0.4192 -0.8964
vn 0.6937 0.1651 0.7011
vn 0.8557 -0.3703 -0.3614
vn 0.9212 -0.3431 -0.1838
vn -0.5171 0.8417 0.1554
vn -0.4417 0.8214 0.3609
vn 0.5182 -0.7234 -0.4562
vn -0.6631 -0.5593 0.4976
vn -0.5804 0.7779 0.2408
vn -0.4710 0.8530 0.2247
vn -0.8611 0.2430 -0.4466
vn 0.5842 0.3933 0.7099
vn 0.8311 -0.4665 -0.3029
vn -0.5945 -0.5465 -0.5898
vn -0.0246 0.9504 0.3101
vn 0.0182 -0.6265 -0.7792
vn -0.2287 0.1167 0.9665
vn -0.7803 -0.4674 0.4156
vn -0.7052 -0.4212 0.5704
vn 0.3720 0.7786 0.5053
vn 0.5341 0.3082 0.7872
vn 0.0275 -0.6824 0.7304
vn -0.0320 -0.3873 0.9214
vn -0.8494 -0.3044 -0.4311
vn -0.1079 -0.9583 -0.2645
vn -0.4517 -0.8468 -0.2810
vn 0.1147 -0.9820 0.1502
vn -0.0010 -0.3818 -0.9242
vn 0.6556 0.7452 0.1219
vn 0.9907 0.1006 -0.0915
vn -0.2917 -0.5744 -0.7648
vn -0.9508 -0.1856 0.2480
vn 0.9898 -0.0430 0.1355
vn -0.8276 -0.4783 0.2938
vn -0.2025 0.6376 0.7432
vn 0.3766 -0.8705 0.3169
vn -0.3729 0.9264 -0.0519
vn -0.5874 0.2859 -0.7571
vn 0.5982 -0.2782 -0.7515
vn 0.4925 -0.2272 -0.8401
vn -0.4677 0.3978 0.7893
vn 0.4579 -0.6719 0.5822
vn 0.6211 0.1926 -0.7597
vn 0.2321 -0.3102 -0.9219
vn -0.2663 0.7885 -0.5545
vn 0.2864 0.9321 -0.2219
vn 0.8315 0.4475 0.3292
vn 0.7794 -0.1735 -0.6020
vn 0.6460 -0.4647 0.6056
vn 0.6922 0.2591 -0.6736
vn -0.8856 -0.1632 0.4349
vn -0.8608 -0.4278 -0.2758
vn 0.5479 -0.6543 0.5213
vn 0.5289 -0.1151 -0.8409
vn -0.2522 0.1651 -0.9535
vn 0.7432 -0.1795 0.6446
vn -0.1589 0.9651 -0.2083
vn -0.9379 -0.3461 0.0251
vn -0.8292 0.0032 0.5589
vn 0.8031 0.1024 -0.5870
vn -0.0200 -0.9433 0.3314
vn -0.3410 0.8462 0.4095
vn 0.3014 0.8835 0.3587
vn -0.0042 0.9843 -0.1762
vn -0.0149 0.9352 -0.3539
vn 0.4900 -0.1778 0.8534
vn -0.1621 -0.0988 0.9818
vn -0.5791 -0.0691 0.8123
vn -0.8719 0.4664 0.1494
vn 0.3009 0.2226 0.9273
vn -0.0885 0.9779 -0.1893
vn -0.5024 0.7614 -0.4097
vn -0.7188 -0.3194 0.6175
vn -0.7496 0.3635 0.5532
vn -0.8724 0.2596 0.4141
vn 0.6174 -0.0609 0.7843
vn -0.6415 0.6415 0.4206
vn -0.4274 0.6852 0.5898
vn -0.8745 -0.4690 -0.1234
vn 0.1991 0.9793 0.0357
vn 0.9074 0.1542 -0.3909
vn 0.7562 -0.3449 0.5561
vn 0.7580 -0.5442 0.3594
vn -0.5271 0.5676 -0.6324
vn -0.9003 0.3579 0.2478
vn -0.5793 0.7218 0.3787
vn -0.4816 0.8104 0.3337
vn -0.5450 0.4964 0.6757
vn -0.2676 -0.9584 0.0988
vn -0.1089 -0.9389 0.3265
vn 0.9057 0.3151 -0.2834
vn -0.8767 0.2528 -0.4093
vn 0.4471 -0.8137 -0.3715
vn -0.3874 -0.5506 -0.7394
vn 0.3931 -0.3753 -0.8394
vn 0.1486 -0.3185 -0.9362
vn 0.8404 0.2018 -0.5030
vn 0.9627 0.0652 0.2627
vn -0.9042 -0.2138 -0.3696
vn 0.2437 0.1321 -0.9608
vn -0.7537 0.2234 0.6181
vn -0.9218 -0.2896 0.2578
vn -0.8312 -0.0246 0.5554
vn -0.8093 -0.5192 -0.2747
vn -0.4638 -0.2996 -0.8338
vn -0.6467 -0.3167 -0.6939
vn -0.5463 -0.4545 -0.7036
vn 0.9950 0.0513 0.0858
vn 0.6495 0.5856 0.4850
vn 0.8818 -0.4404 -0.1689
vn 0.9308 0.1660 -0.3256
vn -0.8203 -0.3525 0.4504
vn -0.3624 0.0743 -0.9290
vn 0.1417 0.9803 -0.1374
vn -0.7290 0.0653 0.6814
vn -0.5464 -0.1022 0.8313
vn 0.4254 0.8868 -0.1805
vn 0.9512 -0.0549 -0.3035
vn 0.0762 0.9599 -0.2699
vn -0.5965 -0.0316 0.8020
vn -0.3049 -0.9416 0.1430
vn -0.9714 -0.1839 -0.1502
vn 0.4071 0.9004 0.1532
vn 0.8614 -0.2767 0.4260
vn -0.1767 0.6929 0.6990
vn -0.3520 -0.0622 -0.9339
vn 0.9435 -0.2747 0.1855
vn 0.9183 -0.3715 0.1367
vn -0.3402 0.5125 0.7884
vn 0.7163 0.1286 -0.6858
vn -0.6856 -0.2767 0.6733
vn -0.5489 0.8331 -0.0689
vn -0.8216 0.0260 0.5694
vn -0.6613 0.1018 0.7432
vn -0.1987 0.9759 -0.0900
vn 0.9210 0.3886 -0.0256
vn 0.3497 0.8994 0.2622
vn 0.4274 0.8500 0.3078
vn 0.2521 -0.0907 0.9634
vn 0.4309 0.4595 -0.7766
vn -0.2335 -0.6958 -0.6792
vn 0.7750 -0.4073 -0.4833
vn 0.7992 -0.4503 -0.3981
vn -0.4833 0.1139 0.8680
vn 0.0819 0.3706 0.9252
vn 0.6449 -0.0396 0.7632
vn -0.8827 -0.2364 0.4062
vn -0.1186 0.6774 0.7260
vn -0.8202 -0.3492 -0.4531
vn -0.9244 0.2319 0.3027
vn -0.1265 -0.2272 0.9656
vn 0.6505 0.7195 0.2432
vn -0.7943 -0.5442 -0.2702
vn -0.3599 -0.1563 0.9198
vn 0.7352 -0.4053 -0.5433
vn -0.6733 -0.1641 0.7210
vn 0.6178 -0.0668 -0.7835
vn -0.1548 0.5214 0.8392
vn -0.0108 0.5448 0.8385
vn 0.7550 -0.4206 0.5030
vn -0.5286 0.5790 -0.6207
vn 0.6795 0.6117 -0.4051
vn -0.6318 0.7123 0.3057
vn -0.6891 0.6233 0.3696
vn 0.4508 -0.1275 -0.8835
vn 0.8438 0.1128 -0.5247
vn 0.7467 -0.5536 0.3687
vn -0.7257 0.2499 0.6411
vn 0.7389 -0.5101 -0.4401
vn -0.2235 -0.6229 0.7497
vn 0.6784 0.7305 -0.0784
vn 0.8366 0.3117 0.4504
vn -0.7068 -0.2524 -0.6608
vn 0.6092 0.6022 0.5159
vn 0.4424 -0.2337 0.8658
vn -0.9808 -0.1949 -0.0002
vn 0.7543 -0.5165 -0.4054
vn 0.7748 -0.2329 -0.5877
vn -0.7881 0.1052 0.6064
vn 0.9945 0.0312 -0.1001
vn 0.9714 -0.0022 0.2373
vn 0.9647 0.0076 0.2632
vn -0.8952 0.1730 -0.4107
vn -0.5465 -0.3800 0.7463
vn -0.2921 -0.1869 -0.9379
vn -0.0434 0.9567 -0.2877
vn 0.8526 -0.2717 -0.4464
vn -0.0937 0.8127 -0.5751
vn 0.9829 0.0144 0.1837
vn 0.5322 0.2480 0.8095
vn 0.6735 -0.0549 -0.7371
vn 0.3242 -0.2049 -0.9235
vn 0.9420 -0.3333 0.0385
vn 0.6505 0.0643 -0.7568
vn 0.9811 0.1352 0.1385
vn -0.5316 0.1959 0.8240
vn -0.6953 -0.0694 0.7153
vn -0.2455 -0.9023 0.3543
vn -0.8015 0.5964 0.0445
vn 0.8714 0.2459 -0.4245
vn -0.3878 0.4859 0.7833
vn -0.8663 0.3588 0.3477
vn -0.9475 -0.2666 -0.1766
vn -0.6588 -0.4943 0.5671
vn -0.0030 0.0574 0.9983
vn 0.3559 0.0268 0.9342
vn 0.0945 -0.0182 0.9954
vn -0.9743 -0.2240 0.0259
vn 0.7110 -0.2527 -0.6561
vn -0.4400 -0.3417 -0.8304
vn 0.7624 0.1599 -0.6270
vn -0.5572 -0.1864 -0.8092
vn -0.0442 -0.9526 0.3010
vn 0.7881 0.3188 0.5266
vn -0.3260 -0.3658 -0.8718
vn 0.9906 -0.1090 0.0824
vn -0.6523 -0.1599 -0.7409
s 1
f 9//1 3//2 1646//3
f 10//4 1646//3 3//2
f 1231//5 1126//6 95//7
f 851//8 825//9 7//10
f 533//11 1622//12 6//13
f 1630//14 2578//15 62//16
f 8//17 2496//18 1630//14
f 7//10 1933//19 2004//20
f 5//21 1933//19 11//22
f 1895//23 2313//24 2640//25
f 1184//26 2666//27 507//28
f 87//29 79//30 91//31
f 643//32 456//33 885//34
f 472//35 324//36 417//37
f 188//38 457//39 16//40
f 359//41 20//42 182//43
f 1540//44 881//45 288//46
f 2024//47 1437//48 1709//49
f 551//50 2269//51 1031//52
f 218//53 2430//54 1936//55
f 256//56 150//57 1545//58
f 546//59 358//60 1681//61
f 2102//62 2051//63 850//64
f 2136//65 2038//66 1089//67
f 2528//68 1619//69 784//70
f 1807//71 34//72 1938//73
f 1033//74 2137//75 529//76
f 1953//77 1494//78 590//79
f 2520//80 794//81 751//82
f 2016//83 184//84 434//85
f 2382//86 327//87 898//88
f 2185//89 589//90 1005//91
f 2270//92 976//93 2347//94
f 1068//95 194//96 2434//97
f 303//98 1838//99 1174//100
f 2599//101 867//102 1981//103
f 857//104 1679//105 1756//106
f 2057//107 2199//108 2522//109
f 1252//110 1764//111 2529//112
f 762//113 259//114 118//115
f 2605//116 2417//117 1515//118
f 850//64 554//119 1063//120
f 2580//121 1288//122 2103//123
f 747//124 1048//125 1000//126
f 646//127 687//128 2486//129
f 1318//130 672//131 1793//132
f 656//133 1802//134 1801//135
f 42//136 1813//137 645//138
f 1786//139 1655//140 1286//141
f 2309//142 604//143 1490//144
f 1597//145 2034//146 1349//147
f 1903//148 1858//149 2324//150
f 1873//151 2028//152 68//153
f 2284//154 1782//155 1891//156
f 372//157 2021//158 1410//159
f 1616//160 1407//161 387//162
f 1166//163 944//164 1697//165
f 1697//165 944//164 1613//166
f 551//50 1190//167 1730//168
f 2229//169 1148//170 1103//171
f 2654//172 2379//173 1094//174
f 634//175 765//176 1757//177
f 1853//178 132//179 555//180
f 387//162 1407//161 1642//181
f 1243//182 562//183 1947//184
f 1022//185 1059//186 812//187
f 1010//188 1854//189 1104//190
f 2525//191 2586//192 50//193
f 1251//194 218//53 1936//55
f 49//195 54//196 1195//197
f 1524//198 2396//199 2418//200
f 1050//201 96//202 2082//203
f 2387//204 1621//205 1347//206
f 376//207 448//208 2187//209
f 1924//210 2624//211 202//212
f 434//85 2415//213 829//214
f 1149//215 35//216 2404//217
f 2330//218 2553//219 2273//220
f 2372//221 2428//222 103//223
f 2395//224 588//225 500//226
f 149//227 1737//228 780//229
f 202//212 1594//230 332//231
f 336//232 735//233 689//234
f 1742//235 865//236 2290//237
f 1095//238 1951//239 1438//240
f 499//241 1951//239 2183//242
f 556//243 2492//244 874//245
f 316//246 962//247 1317//248
f 1922//249 1834//250 1532//251
f 366//252 431//253 1546//254
f 1941//255 1915//256 1313//257
f 711//258 1388//259 2603//260
f 656//133 1634//261 1279//262
f 640//263 884//264 457//39
f 117//265 472//35 334//266
f 177//267 70//268 117//265
f 755//269 560//270 518//271
f 73//272 552//273 168//274
f 348//275 243//276 64//277
f 1982//278 2468//279 1569//280
f 1758//281 2464//282 2111//283
f 2520//80 840//284 645//138
f 1025//285 1327//286 1699//287
f 2275//288 2161//289 1015//290
f 68//153 1549//291 1185//292
f 452//293 1185//292 2297//294
f 467//295 2265//296 2267//297
f 2046//298 1092//299 2543//300
f 1478//301 2295//302 716//303
f 1423//304 716//303 618//305
f 642//306 1680//307 1593//308
f 177//267 186//309 163//310
f 177//267 76//311 70//268
f 156//312 157//313 229//314
f 2234//315 1595//316 2376//317
f 2305//318 2461//319 2271//320
f 1839//321 2110//322 1587//323
f 100//324 74//325 76//311
f 213//326 158//327 156//312
f 201//328 489//329 141//330
f 1157//331 2252//332 1425//333
f 1846//334 1897//335 2164//336
f 151//337 152//338 225//339
f 1897//335 1846//334 2015//340
f 1959//341 2270//92 866//342
f 337//343 534//344 1084//345
f 1552//346 1830//347 2306//348
f 796//349 1676//350 764//351
f 2468//279 2202//352 1682//353
f 815//354 2148//355 1257//356
f 2422//357 955//358 140//359
f 387//162 2275//288 1616//160
f 756//360 214//361 517//362
f 393//363 84//364 302//365
f 92//366 84//364 393//363
f 2238//367 2642//368 1688//369
f 438//370 2307//371 1126//6
f 609//372 79//30 84//364
f 214//361 151//337 154//373
f 185//374 323//375 456//33
f 1768//376 1483//377 231//378
f 91//31 113//379 87//29
f 754//380 1671//381 1694//382
f 2384//383 2441//384 1324//385
f 341//386 2669//387 2493//388
f 473//389 420//390 322//391
f 113//379 335//392 473//389
f 2187//209 448//208 939//393
f 71//394 2277//395 190//396
f 1941//255 44//397 1915//256
f 762//113 1196//398 2487//399
f 923//400 1253//401 90//402
f 719//403 1696//404 1676//350
f 91//31 110//405 187//406
f 1676//350 1230//407 1387//408
f 92//366 609//372 84//364
f 110//405 609//372 257//409
f 257//409 92//366 102//410
f 2041//411 49//195 1893//412
f 313//413 102//410 469//414
f 221//415 548//416 108//417
f 2313//24 1895//23 2650//418
f 364//419 484//420 548//416
f 469//414 93//421 222//422
f 774//423 2419//424 2322//425
f 405//426 276//427 1749//428
f 1378//429 1946//430 1032//431
f 198//432 875//433 2378//434
f 2239//435 1204//436 991//437
f 683//438 1335//439 1415//440
f 774//423 2322//425 1927//441
f 566//442 774//423 1927//441
f 1654//443 1582//444 1421//445
f 1731//446 1122//447 907//448
f 484//420 571//449 548//416
f 204//450 548//416 571//449
f 1338//451 416//452 2262//453
f 681//454 1419//455 1200//456
f 573//457 2214//458 1905//459
f 2016//83 434//85 2454//460
f 2175//461 806//462 1411//463
f 2422//357 2310//464 955//358
f 250//465 2628//466 1425//333
f 167//467 148//468 552//273
f 254//469 179//470 219//471
f 120//472 212//473 560//270
f 1751//474 1//475 1646//3
f 2407//476 1567//477 1102//478
f 98//479 180//480 148//468
f 168//274 74//325 100//324
f 163//310 73//272 100//324
f 1390//481 1221//482 1344//483
f 1259//484 330//485 1218//486
f 1389//487 901//488 2288//489
f 163//310 244//490 73//272
f 16//40 884//264 822//491
f 108//417 101//492 221//415
f 469//414 496//493 465//494
f 1185//292 452//293 68//153
f 68//153 1782//155 1873//151
f 1801//135 1252//110 656//133
f 1061//495 264//496 2259//497
f 2403//498 392//499 1601//500
f 452//293 974//501 879//502
f 617//503 104//504 1879//505
f 748//506 1564//507 2509//508
f 576//509 1471//510 691//511
f 2640//25 2582//512 2004//20
f 1076//513 534//344 274//514
f 84//364 151//337 214//361
f 755//269 518//271 213//326
f 1225//515 824//516 759//517
f 427//518 213//326 74//325
f 74//325 213//326 156//312
f 563//519 1283//520 1455//521
f 862//522 1238//523 853//524
f 514//525 1758//281 2111//283
f 884//264 640//263 15//526
f 518//271 158//327 213//326
f 362//527 101//492 108//417
f 101//492 362//527 454//528
f 1151//529 1520//530 28//531
f 623//532 402//533 983//534
f 244//490 109//535 98//479
f 109//535 112//536 98//479
f 336//232 689//234 748//506
f 110//405 257//409 254//469
f 323//375 836//537 885//34
f 2621//538 2667//539 1651//540
f 885//34 161//541 643//32
f 517//362 214//361 154//373
f 2438//542 1782//155 68//153
f 427//518 277//543 213//326
f 176//544 1089//67 2038//66
f 192//545 538//546 66//547
f 335//392 113//379 415//548
f 113//379 91//31 187//406
f 2092//549 124//550 2194//551
f 172//552 192//545 567//553
f 2055//554 2097//555 2018//556
f 1804//557 1133//558 2097//555
f 1133//558 2018//556 2097//555
f 477//559 1033//74 846//560
f 875//433 566//442 1032//431
f 1588//561 875//433 198//432
f 194//96 2476//562 2434//97
f 1700//563 319//564 1701//565
f 371//566 2334//567 242//568
f 702//569 2151//570 116//571
f 334//266 412//572 117//265
f 117//265 186//309 177//267
f 517//362 885//34 836//537
f 1709//49 920//573 1529//574
f 2422//357 806//462 2310//464
f 1594//230 2467//575 1917//576
f 1969//577 1251//194 1936//55
f 518//271 822//491 884//264
f 235//578 1692//579 2585//580
f 625//581 616//582 1934//583
f 302//365 214//361 756//360
f 514//525 2111//283 2433//584
f 1423//304 618//305 2169//585
f 2588//586 62//16 1088//587
f 798//588 1553//589 491//590
f 1446//591 1881//592 1994//593
f 2599//101 1369//594 181//595
f 802//596 104//504 617//503
f 2475//597 2590//598 67//599
f 763//600 1395//601 424//602
f 974//501 1426//603 360//604
f 2511//605 2402//606 2414//607
f 1669//608 2406//609 60//610
f 44//397 2603//260 776//611
f 2581//612 590//79 1494//78
f 1320//613 1575//614 2028//152
f 1958//615 1320//613 2028//152
f 16//40 822//491 345//616
f 345//616 822//491 109//535
f 1634//261 1659//617 2423//618
f 922//619 129//620 1507//621
f 2529//112 1764//111 2078//622
f 195//623 1747//624 1705//625
f 179//470 469//414 222//422
f 2629//626 622//627 423//628
f 689//234 893//629 1564//507
f 1891//156 1782//155 1972//630
f 749//631 2440//632 2396//199
f 2037//633 842//634 80//635
f 1661//636 1239//637 1379//638
f 1423//304 555//180 132//179
f 56//639 716//303 132//179
f 1594//230 1912//640 332//231
f 422//641 2647//642 2154//643
f 1624//644 2321//645 765//176
f 1515//118 1090//646 945//647
f 1407//161 1616//160 2462//648
f 1834//250 2589//649 1706//650
f 816//651 1834//250 1706//650
f 699//652 556//243 2221//653
f 2458//654 2492//244 939//393
f 597//655 1652//656 2652//657
f 1659//617 508//658 140//359
f 1937//659 2219//660 141//330
f 1192//661 143//662 174//663
f 414//664 143//662 815//354
f 2650//418 1740//665 476//666
f 31//667 2289//668 515//669
f 649//670 839//671 2289//668
f 2028//152 1873//151 1958//615
f 1873//151 1782//155 2284//154
f 355//672 538//546 466//673
f 355//672 466//673 148//468
f 509//674 150//57 2573//675
f 1927//441 1032//431 566//442
f 79//30 152//338 151//337
f 84//364 79//30 151//337
f 152//338 79//30 87//29
f 2169//585 618//305 514//525
f 219//471 227//676 254//469
f 154//373 161//541 885//34
f 155//677 108//417 284//678
f 76//311 156//312 229//314
f 74//325 156//312 76//311
f 229//314 70//268 76//311
f 158//327 884//264 15//526
f 2295//302 862//522 618//305
f 70//268 157//313 472//35
f 324//36 472//35 157//313
f 87//29 473//389 225//339
f 322//391 225//339 473//389
f 650//679 1663//680 2490//681
f 63//682 346//683 188//38
f 85//684 185//374 344//685
f 244//490 163//310 16//40
f 186//309 16//40 163//310
f 550//686 278//687 93//421
f 278//687 571//449 484//420
f 187//406 110//405 323//375
f 254//469 323//375 110//405
f 999//688 2441//384 1671//381
f 167//467 244//490 98//479
f 98//479 148//468 167//467
f 100//324 73//272 168//274
f 169//689 393//363 758//690
f 1560//691 470//692 535//693
f 657//694 1075//695 1462//696
f 995//697 1118//698 636//699
f 192//545 172//552 538//546
f 2603//260 44//397 827//700
f 1192//661 174//663 824//516
f 574//701 1732//702 1145//703
f 756//360 517//362 101//492
f 974//501 1019//704 1426//603
f 100//324 76//311 177//267
f 177//267 163//310 100//324
f 626//705 821//706 1449//707
f 571//449 550//686 204//450
f 571//449 278//687 550//686
f 1721//708 1477//709 784//70
f 313//413 179//470 254//469
f 179//470 313//413 469//414
f 2483//710 1520//530 2339//711
f 1579//712 2307//371 2231//713
f 1191//714 2653//715 894//716
f 840//284 103//223 1354//717
f 112//536 180//480 98//479
f 359//41 182//43 459//718
f 624//719 835//720 289//721
f 876//722 2269//51 1868//723
f 113//379 185//374 283//724
f 283//724 185//374 85//684
f 1011//725 2167//726 26//727
f 2347//94 876//722 183//728
f 876//722 2347//94 1950//729
f 117//265 280//730 188//38
f 280//730 63//682 188//38
f 113//379 187//406 185//374
f 187//406 323//375 185//374
f 186//309 188//38 16//40
f 117//265 188//38 186//309
f 122//731 1493//732 513//733
f 513//733 1493//732 2365//734
f 1779//735 232//736 2220//737
f 66//547 410//738 192//545
f 2186//739 572//740 2040//741
f 1352//742 1063//120 440//743
f 1944//744 1864//745 2413//746
f 1235//747 121//748 810//749
f 578//750 1106//751 1973//752
f 1682//353 285//753 873//754
f 1335//439 1924//210 2202//352
f 2162//755 1386//756 2585//580
f 691//511 1471//510 2006//757
f 609//372 91//31 79//30
f 91//31 609//372 110//405
f 2655//758 1402//759 1854//189
f 143//662 1225//515 815//354
f 1040//760 446//761 737//762
f 2596//763 847//764 1903//148
f 201//328 2435//765 2305//318
f 919//766 1001//767 2620//768
f 204//450 108//417 548//416
f 2411//769 2357//770 2292//771
f 1158//772 2272//773 1160//774
f 959//775 607//776 791//777
f 758//690 756//360 454//528
f 2401//778 57//779 1615//780
f 556//243 1408//781 2221//653
f 2378//434 875//433 1946//430
f 1820//782 1825//783 1765//784
f 560//270 461//785 120//472
f 172//552 567//553 212//473
f 2383//786 1112//787 2616//788
f 1985//789 741//790 602//791
f 2478//792 1183//793 2235//794
f 1805//795 1437//48 1847//796
f 596//797 137//798 1780//799
f 2062//800 519//801 1510//802
f 2373//803 1470//804 706//805
f 155//677 220//806 108//417
f 220//806 169//689 758//690
f 364//419 179//470 222//422
f 219//471 179//470 364//419
f 222//422 484//420 364//419
f 2350//807 1049//808 970//809
f 568//810 1687//811 8//17
f 931//812 1169//813 2494//814
f 1893//412 1654//443 1421//445
f 152//338 87//29 225//339
f 2387//204 2218//815 947//816
f 323//375 227//676 836//537
f 227//676 219//471 836//537
f 289//721 359//41 459//718
f 451//817 870//818 459//718
f 229//314 157//313 70//268
f 1768//376 1072//819 1483//377
f 1443//820 2520//80 751//82
f 1822//821 297//822 967//823
f 1736//824 231//378 947//816
f 282//825 557//826 233//827
f 602//791 741//790 2065//828
f 655//829 1719//830 1327//286
f 2542//831 2304//832 2582//512
f 1662//833 1850//834 2218//815
f 1584//835 1279//262 2423//618
f 2313//24 604//143 2309//142
f 99//836 64//277 552//273
f 1857//837 1476//838 1508//839
f 2619//840 1237//841 1827//842
f 21//843 236//844 1501//845
f 757//846 1392//847 740//848
f 671//849 166//850 535//693
f 1311//851 942//852 1272//853
f 1012//854 1803//855 946//856
f 557//826 241//857 226//858
f 1830//347 1552//346 2083//859
f 1696//404 539//860 1283//520
f 95//7 2113//861 1231//5
f 1244//862 1986//863 1810//864
f 2522//109 1120//865 2368//866
f 1651//540 2667//539 1242//867
f 497//868 2455//869 1686//870
f 1866//871 2212//872 561//873
f 277//543 461//785 755//269
f 109//535 244//490 345//616
f 54//196 694//874 2009//875
f 2421//876 1351//877 1614//878
f 384//879 46//880 2421//876
f 127//881 2406//609 2168//882
f 114//883 1160//774 491//590
f 2007//884 1957//885 2197//886
f 126//887 271//888 2001//889
f 2101//890 1773//891 934//892
f 1661//636 528//893 703//894
f 93//421 469//414 465//494
f 93//421 465//494 550//686
f 1552//346 2306//348 752//895
f 1161//896 1552//346 1034//897
f 609//372 92//366 257//409
f 1185//292 2523//898 2297//294
f 295//899 952//900 1403//901
f 1609//902 846//560 532//903
f 1630//14 977//904 1646//3
f 1763//905 1649//906 262//907
f 1775//908 544//909 2196//910
f 287//911 1463//912 664//913
f 906//914 1650//915 1666//916
f 266//917 182//43 20//42
f 20//42 463//918 266//917
f 266//917 463//918 624//719
f 473//389 335//392 420//390
f 2175//461 2423//618 2310//464
f 269//919 1971//920 2182//921
f 472//35 417//37 334//266
f 1972//630 1782//155 1618//922
f 274//514 439//923 2482//924
f 276//427 1275//925 1749//428
f 277//543 755//269 213//326
f 1624//644 765//176 634//175
f 278//687 222//422 93//421
f 222//422 278//687 484//420
f 1365//926 566//442 1588//561
f 1019//704 872//927 1820//782
f 1259//484 1825//783 1820//782
f 485//928 1077//929 1148//170
f 1536//930 1709//49 2354//931
f 1101//932 2115//933 2498//934
f 300//935 603//936 790//937
f 413//938 2595//939 2600//940
f 1059//186 1485//941 812//187
f 686//942 506//943 936//944
f 381//945 233//827 421//946
f 2038//66 1969//577 1605//947
f 204//450 284//678 108//417
f 536//948 1191//714 1255//949
f 673//950 2504//951 1685//952
f 873//754 264//496 2251//953
f 1993//954 2627//955 2632//956
f 903//957 1863//958 2236//959
f 686//942 1336//960 506//943
f 2233//961 2430//54 2594//962
f 360//604 1426//603 1168//963
f 287//911 664//913 684//964
f 372//157 1410//159 438//370
f 1392//847 1845//965 1500//966
f 766//967 1243//182 2054//968
f 2671//969 2288//489 852//970
f 715//971 2270//92 1281//972
f 112//536 343//973 567//553
f 109//535 343//973 112//536
f 1700//563 89//974 2494//814
f 753//975 2514//976 2089//977
f 1591//978 1359//979 2384//383
f 84//364 214//361 302//365
f 1061//495 1682//353 2201//980
f 414//664 1161//896 1034//897
f 1375//981 1000//126 2486//129
f 539//860 971//982 2306//348
f 1415//440 54//196 2041//411
f 2060//983 1202//984 2648//985
f 2341//986 1238//523 862//522
f 1271//987 729//988 2508//989
f 2492//244 699//652 1849//990
f 549//991 1066//992 48//993
f 1342//994 274//514 534//344
f 744//995 1669//608 1044//996
f 311//997 1076//513 1929//998
f 1937//659 209//999 2219//660
f 1852//1000 1201//1001 142//1002
f 575//1003 617//503 493//1004
f 56//639 1478//301 716//303
f 1037//1005 2561//1006 1721//708
f 1700//563 115//1007 319//564
f 1169//813 1453//1008 115//1007
f 1342//994 2638//1009 439//923
f 2655//758 2359//1010 2361//1011
f 154//373 322//391 161//541
f 322//391 492//1012 161//541
f 1381//1013 2612//1014 1434//1015
f 2171//1016 202//212 332//231
f 158//327 15//526 324//36
f 324//36 15//526 494//1017
f 2386//1018 2407//476 1093//1019
f 2425//1020 1628//1021 321//1022
f 1880//1023 1188//1024 2184//1025
f 2187//209 1849//990 1436//1026
f 1635//1027 711//258 2603//260
f 151//337 225//339 154//373
f 225//339 322//391 154//373
f 156//312 158//327 157//313
f 157//313 158//327 324//36
f 290//1028 2019//1029 1118//698
f 2128//1030 2023//1031 1853//178
f 947//816 2377//1032 2387//204
f 1257//356 414//664 815//354
f 1054//1033 2374//1034 2631//1035
f 1239//637 1254//1036 332//231
f 331//1037 2425//1020 481//1038
f 828//1039 1696//404 1283//520
f 451//817 459//718 266//917
f 1861//1040 582//1041 1921//1042
f 958//1043 737//762 1301//1044
f 334//266 17//1045 412//572
f 335//392 415//548 14//1046
f 402//533 1566//1047 983//534
f 625//581 1200//456 831//1048
f 148//468 466//673 99//836
f 2006//757 2142//1049 668//1050
f 2255//1051 1274//1052 2638//1009
f 234//1053 1333//1054 968//1055
f 2028//152 1549//291 68//153
f 1189//1056 1656//1057 1115//1058
f 1701//565 2018//556 1700//563
f 1141//1059 2470//1060 1435//1061
f 348//275 464//1062 212//473
f 1459//1063 1531//1064 1928//1065
f 1505//1066 1975//1067 1556//1068
f 1985//789 1219//1069 2207//1070
f 1734//1071 874//245 1453//1008
f 343//973 212//473 567//553
f 2055//554 812//187 1238//523
f 1524//198 49//195 1195//197
f 1692//579 533//11 1139//1072
f 2603//260 827//700 1966//1073
f 1225//515 788//1074 815//354
f 1804//557 2295//302 1884//1075
f 2597//1076 150//57 509//674
f 2442//1077 352//1078 1674//1079
f 2545//1080 1767//1081 2342//1082
f 1396//1083 2520//80 645//138
f 2653//715 353//1084 894//716
f 148//468 180//480 355//672
f 538//546 355//672 66//547
f 180//480 112//536 410//738
f 758//690 362//527 220//806
f 758//690 454//528 362//527
f 364//419 548//416 221//415
f 219//471 364//419 221//415
f 1079//1085 2274//1086 2545//1080
f 913//1087 2271//320 735//233
f 2461//319 735//233 2271//320
f 506//943 545//1088 2287//1089
f 486//1090 790//937 603//936
f 745//1091 1278//1092 1703//1093
f 1926//1094 1540//44 370//1095
f 835//720 20//42 359//41
f 243//276 120//472 461//785
f 243//276 348//275 120//472
f 2569//1096 495//1097 2661//1098
f 1534//1099 319//564 1627//1100
f 1732//702 991//437 1639//1101
f 620//1102 164//1103 1504//1104
f 1508//839 1476//838 373//1105
f 1257//356 2148//355 2083//859
f 2581//612 1870//1106 614//1107
f 66//547 355//672 180//480
f 92//366 393//363 169//689
f 911//1108 1580//1109 1578//1110
f 1625//1111 739//1112 957//1113
f 986//1114 2200//1115 2127//1116
f 1508//839 373//1105 2104//1117
f 1323//1118 577//1119 1370//1120
f 1749//428 380//1121 405//426
f 485//928 2229//169 1497//1122
f 380//1121 1749//428 889//1123
f 381//945 241//857 18//1124
f 282//825 233//827 381//945
f 872//927 1259//484 1820//782
f 1322//1125 1643//1126 2069//1127
f 1275//925 1857//837 1222//1128
f 479//1129 1323//1118 1275//925
f 1323//1118 479//1129 577//1119
f 2175//461 1411//463 1575//614
f 131//1130 963//1131 916//1132
f 2614//1133 288//46 131//1130
f 2037//633 1000//126 1375//981
f 438//370 1410//159 707//1134
f 708//1135 637//1136 1631//1137
f 1665//1138 28//531 1860//1139
f 577//1119 479//1129 125//1140
f 2066//1141 1520//530 1151//529
f 1070//1142 1892//1143 1404//1144
f 521//1145 2551//1146 1326//1147
f 475//1148 2136//65 1089//67
f 617//503 1879//505 493//1004
f 19//1149 421//946 233//827
f 528//893 913//1087 735//233
f 115//1007 1453//1008 319//564
f 35//216 1164//1150 2126//1151
f 481//1038 2499//1152 2496//18
f 1711//1153 1992//1154 2234//315
f 1697//165 239//1155 1166//163
f 1510//802 519//801 2477//1156
f 43//1157 1454//1158 2403//498
f 1855//1159 768//1160 394//1161
f 1380//1162 683//438 1415//440
f 2430//54 218//53 2594//962
f 1537//1163 2234//315 75//1164
f 875//433 1032//431 1946//430
f 1061//495 1569//280 1682//353
f 1747//624 2667//539 848//1165
f 1919//1166 2381//1167 122//731
f 417//37 494//1017 17//1045
f 1084//345 994//1168 1076//513
f 543//1169 2414//607 1067//1170
f 420//390 14//1046 492//1012
f 2640//25 2309//142 2598//1171
f 1959//341 1507//621 976//93
f 112//536 567//553 410//738
f 410//738 567//553 192//545
f 2518//1172 1492//1173 1604//1174
f 657//694 2232//1175 1075//695
f 417//37 17//1045 334//266
f 420//390 335//392 14//1046
f 324//36 494//1017 417//37
f 2148//355 764//351 2083//859
f 1824//1176 2111//283 1739//1177
f 322//391 420//390 492//1012
f 1051//1178 505//1179 1826//1180
f 381//945 421//946 241//857
f 226//858 241//857 421//946
f 1240//1181 866//342 419//1182
f 481//1038 1687//811 331//1037
f 337//343 2255//1051 2638//1009
f 233//827 557//826 226//858
f 1161//896 1257//356 1552//346
f 1257//356 2083//859 1552//346
f 226//858 421//946 19//1149
f 19//1149 233//827 226//858
f 1276//1183 2532//1184 596//797
f 1379//638 1239//637 332//231
f 2256//1185 308//1186 1209//1187
f 927//1188 2160//1189 728//1190
f 1416//1191 1813//137 1603//1192
f 646//127 943//1193 2454//460
f 1277//1194 368//1195 2193//1196
f 2020//1197 201//328 2305//318
f 767//1198 981//1199 2413//746
f 1342//994 439//923 274//514
f 844//1200 1631//1137 1504//1104
f 2568//1201 2464//282 441//1202
f 64//277 243//276 619//1203
f 1026//1204 2515//1205 2285//1206
f 2655//758 2209//1207 1402//759
f 2301//1208 743//1209 674//1210
f 1155//1211 899//1212 1688//369
f 250//465 1425//333 1179//1213
f 2186//739 710//1214 2214//458
f 104//504 791//777 1879//505
f 52//1215 1050//201 1951//239
f 1447//1216 963//1131 131//1130
f 1806//1217 727//1218 36//1219
f 337//343 1342//994 534//344
f 1225//515 97//1220 788//1074
f 955//358 2310//464 2423//618
f 266//917 624//719 451//817
f 2224//1221 338//1222 1472//1223
f 627//1224 2597//1076 509//674
f 1558//1225 2122//1226 1344//483
f 1227//1227 854//1228 1541//1229
f 563//519 889//1123 950//1230
f 889//1123 563//519 1455//521
f 2275//288 1015//290 1156//1231
f 1449//707 159//1232 1119//1233
f 621//1234 2249//1235 2463//1236
f 619//1203 243//276 277//543
f 243//276 461//785 277//543
f 1393//1237 1720//1238 170//1239
f 2605//116 1515//118 945//647
f 346//683 494//1017 15//526
f 346//683 15//526 640//263
f 161//541 492//1012 344//685
f 344//685 643//32 161//541
f 2161//289 1403//901 952//900
f 835//720 463//918 20//42
f 2448//1240 1961//1241 663//1242
f 2428//222 1369//594 917//1243
f 2293//1244 138//1245 845//1246
f 1117//1247 2536//1248 2237//1249
f 1828//1250 2070//1251 1306//1252
f 58//1253 1983//1254 455//1255
f 1586//1256 2422//357 470//692
f 470//692 2485//1257 1586//1256
f 1896//1258 1243//182 1466//1259
f 357//1260 2497//1261 374//1262
f 117//265 70//268 472//35
f 413//938 1512//1263 1660//1264
f 1709//49 1366//1265 2354//931
f 113//379 473//389 87//29
f 776//611 1388//259 2066//1141
f 2629//626 423//628 2548//1266
f 474//1267 2299//1268 1412//1269
f 2321//645 210//1270 1208//1271
f 2598//1171 867//102 2542//831
f 1985//789 568//810 741//790
f 984//1272 2534//1273 1815//1274
f 1658//1275 1356//1276 1419//455
f 2322//425 2419//424 985//1277
f 1383//1278 309//1279 1698//1280
f 2291//1281 2243//1282 2383//786
f 454//528 756//360 101//492
f 2221//653 40//1283 2600//940
f 1055//1284 58//1253 363//1285
f 845//1246 138//1245 1601//500
f 1036//1286 2508//989 502//1287
f 476//666 949//1288 2075//1289
f 2320//1290 1551//1291 525//1292
f 1451//1293 2649//1294 1141//1059
f 405//426 1344//483 1221//482
f 1370//1120 1476//838 1323//1118
f 2386//1018 1093//1019 1159//1295
f 501//1296 1020//1297 1348//1298
f 1418//1299 1790//1300 545//1088
f 1718//1301 245//1302 1952//1303
f 104//504 1356//1276 791//777
f 924//1304 166//850 29//1305
f 1183//793 2088//1306 2181//1307
f 430//1308 1124//1309 2157//1310
f 1038//1311 1346//1312 2246//1313
f 1682//353 2251//953 2201//980
f 361//1314 2092//549 1567//477
f 141//330 2219//660 515//669
f 337//343 2638//1009 1342//994
f 173//1315 2524//1316 296//1317
f 885//34 517//362 154//373
f 1694//382 1359//979 754//380
f 72//1318 849//1319 904//1320
f 1040//760 841//1321 446//761
f 1024//1322 1090//646 1397//1323
f 884//264 158//327 518//271
f 1055//1284 363//1285 253//1324
f 1395//601 1801//135 1691//1325
f 2264//1326 1604//1174 858//1327
f 1545//58 2583//1328 256//56
f 89//974 1700//563 1133//558
f 2072//1329 1116//1330 82//1331
f 1789//1332 327//87 2382//86
f 968//1055 1301//1044 655//829
f 1274//1052 1777//1333 1233//1334
f 1777//1333 2255//1051 1372//1335
f 1719//830 1301//1044 1699//287
f 330//485 1259//484 872//927
f 2657//1336 1951//239 1095//238
f 1454//1158 71//394 2166//1337
f 648//1338 2177//1339 83//1340
f 1318//130 1886//1341 672//131
f 672//131 1886//1341 964//1342
f 506//943 1336//960 1418//1299
f 538//546 464//1062 466//673
f 538//546 172//552 464//1062
f 1476//838 1370//1120 373//1105
f 2307//371 707//1134 2231//713
f 828//1039 563//519 950//1230
f 1228//1343 1857//837 1508//839
f 2236//959 2125//1344 915//1345
f 2456//1346 2048//1347 252//1348
f 528//893 735//233 336//232
f 266//917 459//718 182//43
f 336//232 703//894 528//893
f 2064//1349 1654//443 1893//412
f 550//686 465//494 284//678
f 550//686 284//678 204//450
f 841//1321 447//1350 575//1003
f 490//1351 2343//1352 1923//1353
f 2086//1354 975//1355 2158//1356
f 613//1357 1205//1358 511//1359
f 461//785 560//270 755//269
f 1340//1360 2285//1206 1361//1361
f 793//1362 681//454 1200//456
f 212//473 343//973 560//270
f 304//1363 2538//1364 1046//1365
f 304//1363 1642//181 2538//1364
f 477//559 846//560 1609//902
f 1008//1366 764//351 1123//1367
f 2122//1226 1123//1367 1387//408
f 581//1368 2332//1369 1330//1370
f 847//764 786//1371 1858//149
f 1455//521 1283//520 1558//1225
f 1275//925 189//1372 1749//428
f 791//777 1356//1276 665//1373
f 791//777 311//997 959//775
f 2346//1374 1036//1286 77//1375
f 447//1350 617//503 575//1003
f 1582//444 2467//575 1380//1162
f 1380//1162 2467//575 683//438
f 1751//474 2369//1376 1//475
f 2088//1306 1003//1377 153//1378
f 2613//1379 1080//1380 2652//657
f 1049//808 1884//1075 970//809
f 1049//808 349//1381 1884//1075
f 616//582 13//1382 1333//1054
f 1392//847 757//846 1065//1383
f 375//1384 500//226 588//225
f 406//1385 1507//621 1959//341
f 1756//106 1723//1386 1183//793
f 1017//1387 1706//650 2333//1388
f 2515//1205 1026//1204 721//1389
f 405//426 1221//482 276//427
f 2007//884 1648//1390 2257//1391
f 1842//1392 2172//1393 1325//1394
f 1215//1395 603//936 855//1396
f 654//1397 750//1398 1585//1399
f 2132//1400 1473//1401 2242//1402
f 18//1124 241//857 314//1403
f 314//1403 241//857 557//826
f 1726//1404 2533//1405 61//1406
f 1879//505 607//776 493//1004
f 1800//1407 2360//1408 1328//1409
f 1476//838 1857//837 1323//1118
f 1411//463 806//462 1725//1410
f 1717//1411 1610//1412 1882//1413
f 113//379 283//724 415//548
f 415//548 283//724 85//684
f 117//265 412//572 280//730
f 412//572 63//682 280//730
f 1864//745 2556//1414 767//1198
f 1969//577 2038//66 2136//65
f 1950//729 680//1415 763//600
f 1465//1416 841//1321 616//582
f 2342//1082 1767//1081 356//1417
f 21//843 1501//845 622//627
f 1623//1418 88//1419 47//1420
f 1369//594 2428//222 2336//1421
f 2420//1422 2481//1423 1668//1424
f 203//1425 263//1426 2170//1427
f 2202//352 1924//210 285//753
f 1155//1211 197//1428 178//1429
f 1260//1430 1209//1187 859//1431
f 2405//1432 1242//867 600//1433
f 1938//73 1385//1434 1807//71
f 632//1435 734//1436 245//1302
f 1815//1274 2534//1273 1722//1437
f 2340//1438 2483//710 1898//1439
f 1275//925 1222//1128 189//1372
f 1180//1440 2456//1346 252//1348
f 525//1292 1551//1291 2130//1441
f 1084//345 311//997 81//1442
f 2502//1443 2149//1444 1053//1445
f 1696//404 675//1446 539//860
f 874//245 2492//244 1677//1447
f 980//1448 1368//1449 1832//1450
f 411//1451 1040//760 737//762
f 889//1123 1455//521 380//1121
f 2177//1339 1047//1452 83//1340
f 142//1002 1201//1001 785//1453
f 456//33 323//375 885//34
f 457//39 884//264 16//40
f 460//1454 65//1455 1035//1456
f 2104//1117 373//1105 125//1140
f 2071//1457 1468//1458 2395//224
f 46//880 1351//877 2421//876
f 650//679 2490//681 1579//712
f 1337//1459 1808//1460 2501//1461
f 340//1462 2236//959 860//1463
f 1887//1464 698//1465 2163//1466
f 1769//1467 1023//1468 2453//1469
f 938//1470 504//1471 1745//1472
f 681//454 1025//285 653//1473
f 1252//110 2529//112 656//133
f 102//410 92//366 169//689
f 220//806 362//527 108//417
f 2610//1474 2278//1475 1150//1476
f 795//1477 2021//158 2279//1478
f 1414//1479 1732//702 455//1255
f 348//275 212//473 120//472
f 2577//1480 1688//369 2642//368
f 2289//668 1809//1481 1433//1482
f 1061//495 75//1164 1569//280
f 2148//355 1939//1483 764//351
f 1488//1484 676//1485 1640//1486
f 351//1487 309//1279 1383//1278
f 2383//786 2616//788 2117//1488
f 1493//732 122//731 294//1489
f 681//454 793//1362 1025//285
f 817//1490 207//1491 1771//1492
f 274//514 2482//924 1929//998
f 1076//513 274//514 1929//998
f 1702//1493 2370//1494 1319//1495
f 1372//1335 2255//1051 337//343
f 1853//178 2023//1031 134//1496
f 841//1321 575//1003 446//761
f 2440//632 749//631 830//1497
f 264//496 2201//980 2251//953
f 589//90 2185//89 591//1498
f 1511//1499 1945//1500 895//1501
f 2151//570 690//1502 1729//1503
f 172//552 212//473 464//1062
f 74//325 619//1203 427//518
f 1540//44 1809//1481 881//45
f 2041//411 54//196 49//195
f 81//1442 1372//1335 1084//345
f 1786//139 269//919 489//329
f 2169//585 514//525 2433//584
f 1105//1504 1089//67 176//544
f 180//480 410//738 66//547
f 452//293 2297//294 1218//486
f 815//354 788//1074 965//1505
f 965//1505 675//1446 1696//404
f 2449//1506 1381//1013 1434//1015
f 575//1003 1301//1044 446//761
f 525//1292 1361//1361 160//1507
f 2165//1508 320//1509 1262//1510
f 777//1511 1264//1512 1000//126
f 967//823 679//1513 1509//1514
f 2183//242 1005//91 598//1515
f 1478//301 1408//781 970//809
f 556//243 970//809 1408//781
f 519//801 253//1324 677//1516
f 1206//1517 1797//1518 2264//1326
f 333//1519 272//1520 2049//1521
f 232//736 2515//1205 721//1389
f 1277//1194 932//1522 368//1195
f 1088//587 2199//108 2588//586
f 1074//1523 1135//1524 722//1525
f 1458//1526 2074//1527 458//1528
f 1871//1529 2277//395 531//1530
f 97//1220 759//517 1695//1531
f 971//982 97//1220 1695//1531
f 2547//1532 486//1090 1215//1395
f 957//1113 1798//1533 582//1041
f 71//394 190//396 2166//1337
f 601//1534 2426//1535 2344//1536
f 282//825 1020//1297 557//826
f 1145//703 1770//1537 2665//1538
f 1687//811 1985//789 2345//1539
f 655//829 1301//1044 1719//830
f 2089//977 1431//1540 2646//1541
f 1155//1211 1188//1024 2397//1542
f 41//1543 1294//1544 1535//1545
f 2477//1156 929//1546 1577//1547
f 684//964 623//532 1461//1548
f 1180//1440 732//1549 2456//1346
f 2468//279 1682//353 1569//280
f 933//1550 1266//1551 530//1552
f 831//1048 1200//456 1419//455
f 1356//1276 831//1048 1419//455
f 624//719 463//918 835//720
f 2382//86 1750//1553 1798//1533
f 1997//1554 397//1555 2364//1556
f 285//753 2171//1016 745//1091
f 742//1557 1818//1558 133//1559
f 344//685 456//33 643//32
f 185//374 456//33 344//685
f 2551//1146 973//1560 1326//1147
f 1722//1437 1107//1561 1815//1274
f 2347//94 1931//1562 1950//729
f 346//683 640//263 457//39
f 188//38 346//683 457//39
f 1000//126 1264//1512 747//124
f 2285//1206 1158//772 1026//1204
f 211//1563 2161//289 2275//288
f 2249//1235 2641//1564 2634//1565
f 672//131 717//1566 1691//1325
f 1983//1254 1766//1567 1414//1479
f 796//349 764//351 1939//1483
f 758//690 302//365 756//360
f 2614//1133 1360//1568 761//1569
f 644//1570 605//1571 1872//1572
f 1255//949 2553//219 2330//218
f 719//403 965//1505 1696//404
f 2118//1573 1432//1574 1212//1575
f 2465//1576 2557//1577 2632//956
f 2008//1578 2415//213 1241//1579
f 1143//1580 593//1581 743//1209
f 1427//1582 772//1583 2213//1584
f 690//1502 2145//1585 2514//976
f 1561//1586 1574//1587 1129//1588
f 314//1403 501//1296 18//1124
f 501//1296 1348//1298 18//1124
f 2419//424 1365//926 809//1589
f 2318//1590 1786//139 781//1591
f 2031//1592 697//1593 2421//876
f 1397//1323 1090//646 1515//118
f 1230//407 1676//350 828//1039
f 282//825 381//945 18//1124
f 2234//315 1956//1594 1595//316
f 1307//1595 581//1368 268//1596
f 539//860 2306//348 1558//1225
f 62//16 2578//15 1357//1597
f 2238//367 1688//369 1517//1598
f 1797//1518 1178//1599 2264//1326
f 1753//1600 94//1601 1298//1602
f 2517//1603 2639//1604 964//1342
f 1025//285 1934//583 1327//286
f 351//1487 1968//1605 310//1606
f 1596//1607 507//28 1236//1608
f 1756//106 1355//1609 1723//1386
f 841//1321 1040//760 616//582
f 2021//158 795//1477 1410//159
f 254//469 227//676 323//375
f 244//490 16//40 345//616
f 1429//1610 312//1611 2369//1376
f 1186//1612 1353//1613 111//1614
f 2030//1615 2368//866 1759//1616
f 1871//1529 531//1530 1773//891
f 2423//618 1659//617 955//358
f 2288//489 1910//1617 852//970
f 2084//1618 311//997 1929//998
f 2084//1618 959//775 311//997
f 2265//296 1810//864 1498//1619
f 1785//1620 1970//1621 440//743
f 1785//1620 2506//1622 1970//1621
f 2517//1603 1320//613 1958//615
f 763//600 1252//110 1801//135
f 1099//1623 802//596 1465//1416
f 802//596 1099//1623 1356//1276
f 23//1624 1122//447 1731//446
f 1766//1567 808//1625 662//1626
f 2137//75 1438//240 2082//203
f 445//1627 615//1628 1772//1629
f 2334//567 371//566 1439//1630
f 1527//1631 2321//645 1624//644
f 616//582 234//1053 655//829
f 234//1053 616//582 1333//1054
f 201//328 141//330 839//671
f 2502//1443 2090//1632 2149//1444
f 1154//1633 1905//459 2557//1577
f 304//1363 1683//1634 1264//1512
f 2050//1635 378//1636 1859//1637
f 2612//1014 1381//1013 1672//1638
f 498//1639 1803//855 2198//1640
f 389//1641 1217//1642 1775//908
f 2487//399 2327//1643 2562//1644
f 404//1645 2248//1646 224//1647
f 14//1046 415//548 85//684
f 85//684 492//1012 14//1046
f 17//1045 63//682 412//572
f 63//682 17//1045 494//1017
f 1225//515 1192//661 824//516
f 109//535 560//270 343//973
f 822//491 560//270 109//535
f 2358//1648 31//667 2219//660
f 1819//1649 2590//598 2121//1650
f 1244//862 1641//1651 1986//863
f 635//1652 1757//177 890//1653
f 607//776 653//1473 1025//285
f 1588//561 566//442 875//433
f 892//1654 1480//1655 2116//1656
f 562//183 2018//556 1947//184
f 1686//870 1302//1657 2388//1658
f 219//471 221//415 101//492
f 836//537 219//471 101//492
f 584//1659 1590//1660 834//1661
f 1666//916 2294//1662 2094//1663
f 1568//1664 837//1665 653//1473
f 1658//1275 1419//455 837//1665
f 2432//1666 1904//1667 2160//1189
f 33//1668 1071//1669 2225//1670
f 745//1091 1334//1671 285//753
f 361//1314 541//1672 2092//549
f 2604//1673 2626//1674 1515//118
f 1734//1071 349//1381 1049//808
f 915//1345 1587//323 579//1675
f 168//274 64//277 619//1203
f 2553//219 1060//1676 2099//1677
f 2114//1678 2430//54 2535//1679
f 326//1680 690//1502 753//975
f 1103//171 2258//1681 2314//1682
f 1663//680 61//1406 2608//1683
f 719//403 1939//1483 815//354
f 2389//1684 1665//1138 146//1685
f 480//1686 2224//1221 149//227
f 1226//1687 1629//1688 778//1689
f 2323//1690 1090//646 1024//1322
f 554//119 2586//192 440//743
f 1676//350 1387//408 1123//1367
f 242//568 478//1691 924//1304
f 1679//105 1355//1609 1756//106
f 1676//350 796//349 719//403
f 231//378 1736//824 2398//1692
f 155//677 284//678 465//494
f 2381//1167 1919//1166 1523//1693
f 155//677 496//493 220//806
f 465//494 496//493 155//677
f 348//275 466//673 464//1062
f 2161//289 532//903 2254//1694
f 1730//168 1190//167 2059//1695
f 2059//1695 1806//1217 1730//168
f 466//673 348//275 99//836
f 872//927 1019//704 974//501
f 1652//656 597//655 1755//1696
f 991//437 936//944 1742//235
f 2213//1584 1282//1697 1427//1582
f 1590//1660 2593//1698 358//60
f 2000//1699 80//635 295//899
f 804//1700 1385//1434 1938//73
f 2402//606 2511//605 2385//1701
f 835//720 359//41 289//721
f 2242//1402 1721//708 784//70
f 1732//702 2239//435 991//437
f 2008//1578 1241//1579 2371//1702
f 194//96 2203//1703 2476//562
f 669//1704 1904//1667 833//1705
f 35//216 2567//1706 1164//1150
f 1615//780 1943//1707 610//1708
f 1298//1602 779//1709 1636//1710
f 374//1262 930//1711 2192//1712
f 1634//261 2337//1713 1659//617
f 1225//515 759//517 97//1220
f 1491//1714 584//1659 1470//804
f 1951//239 499//241 52//1215
f 2622//1715 1406//1716 2362//1717
f 48//993 1537//1163 2480//1718
f 490//1351 1923//1353 2410//1719
f 9//1 1646//3 1//475
f 1900//1720 448//208 376//207
f 2443//1721 1265//1722 783//1723
f 1403//901 211//1563 295//899
f 865//236 1226//1687 2290//237
f 2325//1724 1274//1052 1233//1334
f 1709//49 1437//48 920//573
f 1289//1725 663//1242 347//1726
f 1636//1710 2465//1576 927//1188
f 1125//1727 2052//1728 1885//1729
f 333//1519 2049//1521 2091//1730
f 2192//1712 928//1731 626//705
f 1670//1732 2155//1733 1181//1734
f 2322//425 1156//1231 1927//441
f 2250//1735 2316//1736 2108//1737
f 1358//1738 1995//1739 932//1522
f 530//1552 2671//969 1232//1740
f 2181//1307 670//1741 1350//1742
f 1481//1743 933//1550 530//1552
f 1920//1744 1655//140 2318//1590
f 1546//254 2230//1745 366//252
f 1524//198 1269//1746 301//1747
f 7//10 825//9 4//1748
f 356//1417 2399//1749 1364//1750
f 1849//990 939//393 2492//244
f 1910//1617 901//488 1525//1751
f 1616//160 1618//922 2462//648
f 1972//630 1618//922 1616//160
f 1583//1752 2671//969 530//1552
f 941//1753 25//1754 1667//1755
f 702//569 1796//1756 1778//1757
f 2363//1758 286//1759 487//1760
f 727//1218 605//1571 224//1647
f 1358//1738 932//1522 1277//1194
f 2178//1761 2593//1698 2408//1762
f 2638//1009 2325//1724 439//923
f 340//1462 860//1463 652//1763
f 1222//1128 950//1230 189//1372
f 889//1123 189//1372 950//1230
f 2047//1764 72//1318 696//1765
f 173//1315 296//1317 593//1581
f 1104//190 1532//251 2002//1766
f 1413//1767 549//991 729//988
f 1465//1416 447//1350 841//1321
f 13//1382 737//762 958//1043
f 917//1243 1114//1768 1354//717
f 836//537 101//492 517//362
f 1716//1769 1948//1770 718//1771
f 806//462 1586//1256 1576//1772
f 962//247 2293//1244 845//1246
f 960//1773 1740//665 533//11
f 669//1704 728//1190 1904//1667
f 1447//1216 2600//940 963//1131
f 528//893 1912//640 913//1087
f 2095//1774 2585//580 1113//1775
f 1504//1104 1631//1137 620//1102
f 688//1776 1795//1777 1417//1778
f 77//1375 2435//765 2346//1374
f 305//1779 1389//487 2374//1034
f 822//491 518//271 560//270
f 13//1382 411//1451 737//762
f 1982//278 2009//875 2468//279
f 1379//638 1912//640 1661//636
f 2019//1029 1474//1780 1748//1781
f 935//1782 2375//1783 1657//1784
f 2235//794 1350//1742 801//1785
f 354//1786 295//899 432//1787
f 2400//1788 1324//385 435//1789
f 263//1426 2489//1790 173//1315
f 2080//1791 2432//1666 2452//1792
f 2212//872 1119//1233 1223//1793
f 665//1373 311//997 791//777
f 1194//1794 1633//1795 987//1796
f 1858//149 1903//148 847//764
f 997//1797 1364//1750 1999//1798
f 1933//19 2650//418 2640//25
f 496//493 102//410 169//689
f 2152//1799 2503//1800 265//1801
f 431//253 2503//1800 2152//1799
f 837//1665 681//454 653//1473
f 1419//455 681//454 837//1665
f 2165//1508 1256//1802 740//848
f 262//907 1314//1803 1712//1804
f 647//1805 2145//1585 1345//1806
f 2145//1585 690//1502 2151//570
f 997//1797 491//590 730//1807
f 999//688 964//1342 2639//1604
f 1323//1118 1857//837 1275//925
f 371//566 508//658 896//1808
f 1534//1099 1701//565 319//564
f 1250//1809 1096//1810 1002//1811
f 2470//1060 1141//1059 2649//1294
f 1369//594 2179//1812 917//1243
f 1994//593 1493//732 1877//1813
f 1034//897 1552//346 174//663
f 2116//1656 877//1814 1441//1815
f 311//997 665//1373 81//1442
f 36//1219 715//971 1281//972
f 405//426 380//1121 1344//483
f 1235//747 810//749 1789//1332
f 1390//481 1052//1816 2104//1117
f 1212//1575 2150//1817 1738//1818
f 1675//1819 12//1820 2437//1821
f 1071//1669 2077//1822 1296//1823
f 1010//188 2002//1766 1755//1696
f 1767//1081 1743//1824 107//1825
f 1015//290 96//202 1378//429
f 111//1614 918//1826 2427//1827
f 1016//1828 2037//633 1375//981
f 1283//520 539//860 1558//1225
f 1290//1829 2118//1573 726//1830
f 1714//1831 1336//960 686//942
f 1371//1832 316//246 782//1833
f 1020//1297 18//1124 1348//1298
f 1921//1042 350//1834 1794//1835
f 1008//1366 1830//347 764//351
f 1732//702 1639//1101 1145//703
f 1180//1440 252//1348 1955//1836
f 96//202 1007//1837 685//1838
f 2505//1839 2024//47 1536//930
f 285//753 1924//210 2171//1016
f 1589//1840 1514//1841 1422//1842
f 1830//347 2083//859 764//351
f 651//1843 934//892 2293//1244
f 856//1844 1107//1561 1875//1845
f 293//1846 2566//1847 1424//1848
f 1637//1849 2308//1850 1957//885
f 1020//1297 501//1296 314//1403
f 697//1593 2031//1592 928//1731
f 1762//1851 1788//1852 1304//1853
f 1746//1854 1977//1855 475//1148
f 870//818 451//817 483//1856
f 1512//1263 413//938 2358//1648
f 8//17 1968//1605 568//810
f 1913//1857 1718//1301 522//1858
f 148//468 99//836 552//273
f 469//414 102//410 496//493
f 721//1389 1026//1204 2153//1859
f 171//1860 2630//1861 1791//1862
f 552//273 64//277 168//274
f 1298//1602 94//1601 859//1431
f 2205//1863 1887//1464 2139//1864
f 1393//1237 170//1239 2237//1249
f 872//927 974//501 330//485
f 1145//703 2290//237 1770//1537
f 111//1614 246//1865 918//1826
f 2571//1866 1531//1064 1128//1867
f 208//1868 826//1869 2093//1870
f 1219//1069 1479//1871 2207//1070
f 1141//1059 2268//1872 2663//1873
f 572//740 1647//1874 1179//1213
f 1994//593 1881//592 842//634
f 2356//1875 713//1876 1650//915
f 899//1212 1155//1211 1635//1027
f 1336//960 1029//1877 1418//1299
f 2574//1878 2030//1615 1759//1616
f 1676//350 1123//1367 764//351
f 2487//399 1196//398 2625//1879
f 1228//1343 1222//1128 1857//837
f 452//293 879//502 2462//648
f 24//1880 2543//300 1555//1881
f 1301//1044 968//1055 958//1043
f 2449//1506 1434//1015 403//1882
f 269//919 1937//659 141//330
f 242//568 29//1305 371//566
f 1515//118 2417//117 2604//1673
f 1808//1460 510//1883 399//1884
f 1406//1716 2622//1715 2633//1885
f 353//1084 443//1886 2645//1887
f 798//588 1098//1888 1108//1889
f 1993//954 1755//1696 597//655
f 1888//1890 2089//977 2646//1541
f 352//1078 1517//1598 1674//1079
f 625//581 831//1048 616//582
f 2181//1307 153//1378 670//1741
f 898//88 327//87 38//1891
f 2289//668 839//671 515//669
f 1248//1892 294//1489 2182//921
f 731//1893 1486//1894 540//1895
f 1402//759 1922//249 1104//190
f 535//693 166//850 924//1304
f 439//923 2325//1724 2482//924
f 35//216 2126//1151 2404//217
f 305//1779 901//488 1389//487
f 1917//576 1912//640 1594//230
f 1114//1768 917//1243 300//935
f 1726//1404 164//1103 620//1102
f 922//619 1573//1896 129//620
f 1333//1054 13//1382 968//1055
f 2064//1349 49//195 1524//198
f 987//1796 1967//1897 695//1898
f 1102//478 594//1899 2567//1706
f 1214//1900 195//623 880//1901
f 1034//897 143//662 414//664
f 557//826 1020//1297 314//1403
f 971//982 1695//1531 2306//348
f 1711//1153 1339//1902 749//631
f 1121//1903 1136//1904 1464//1905
f 433//1906 1613//166 1668//1424
f 1573//1896 639//1907 129//620
f 1412//1269 1999//1798 474//1267
f 1811//1908 2601//1909 2210//1910
f 171//1860 2258//1681 2160//1189
f 1621//205 2377//1032 1708//1911
f 2302//1912 2523//898 2380//1913
f 232//736 383//1914 2220//737
f 779//1709 859//1431 1209//1187
f 1216//1915 429//1916 1908//1917
f 826//1869 1401//1918 123//1919
f 299//1920 2025//1921 739//1112
f 97//1220 675//1446 788//1074
f 2461//319 2305//318 893//629
f 2481//1423 1507//621 406//1385
f 236//844 260//1922 2300//1923
f 1911//1924 565//1925 930//1711
f 42//136 645//138 275//1926
f 307//1927 1258//1928 1547//1929
f 6//13 825//9 2048//1347
f 1776//1930 948//1931 2453//1469
f 1461//1548 2228//1932 1116//1330
f 746//1933 843//1934 2047//1764
f 125//1140 373//1105 577//1119
f 2274//1086 1606//1935 2570//1936
f 606//1937 2261//1938 1984//1939
f 1648//1390 2599//101 2257//1391
f 660//1940 292//1941 1516//1942
f 769//1943 2363//1758 240//1944
f 2066//1141 2240//1945 776//611
f 823//1946 379//1947 1291//1948
f 1013//1949 1131//1950 523//1951
f 960//1773 533//11 1692//579
f 829//214 1427//1582 434//85
f 2143//1952 1710//1953 2549//1954
f 2077//1822 33//1668 743//1209
f 2490//681 1663//680 1942//1955
f 876//722 1950//729 523//1951
f 2244//1956 2489//1790 203//1425
f 246//1865 444//1957 918//1826
f 1015//290 2161//289 2082//203
f 1391//1958 297//822 2076//1959
f 1391//1958 863//1960 297//822
f 423//628 1501//845 989//1961
f 2490//681 2113//861 95//7
f 2246//1313 2514//976 1038//1311
f 542//1962 268//1596 1714//1831
f 2312//1963 1404//1144 34//72
f 1052//1816 1508//839 2104//1117
f 1605//947 50//193 2586//192
f 2260//1964 1928//1065 1525//1751
f 26//727 1357//1597 2014//1965
f 582//1041 1798//1533 1750//1553
f 2325//1724 1929//998 2482//924
f 307//1927 848//1165 1258//1928
f 85//684 344//685 492//1012
f 63//682 494//1017 346//683
f 1647//1874 369//1966 1179//1213
f 2322//425 1616//160 2275//288
f 687//128 646//127 2454//460
f 1287//1967 2149//1444 1014//1968
f 2419//424 809//1589 1972//630
f 125//1140 276//427 1221//482
f 787//1969 1834//250 816//651
f 289//721 459//718 870//818
f 624//719 289//721 870//818
f 1852//1000 293//1846 804//1700
f 1370//1120 577//1119 373//1105
f 988//1970 1087//1971 443//1886
f 1484//1972 1378//429 1032//431
f 1264//1512 1683//1634 747//124
f 2520//80 1443//820 840//284
f 2178//1761 2416//1973 1303//1974
f 272//1520 2386//1018 1159//1295
f 408//1975 807//1976 2460//1977
f 327//87 1130//1978 290//1028
f 1816//1979 2315//1980 1655//140
f 1321//1981 1312//1982 2539//1983
f 1802//134 656//133 1279//262
f 2087//1984 596//797 2532//1184
f 588//225 1468//1458 2304//832
f 2061//1985 1920//1744 2318//1590
f 891//1986 553//1987 810//749
f 2392//1988 2533//1405 1726//1404
f 1044//996 1909//1989 744//995
f 1198//1990 2344//1536 2426//1535
f 1199//1991 1312//1982 1979//1992
f 793//1362 1200//456 1934//583
f 2603//260 1836//1993 1635//1027
f 2409//1994 2521//1995 2575//1996
f 316//246 1317//248 1074//1523
f 99//836 348//275 64//277
f 496//493 169//689 220//806
f 1247//1997 471//1998 1211//1999
f 1715//2000 599//2001 940//2002
f 2510//2003 1043//2004 135//2005
f 705//2006 2319//2007 196//2008
f 1286//141 1249//2009 477//559
f 2658//2010 1628//1021 2425//1020
f 1456//2011 1127//2012 2625//1879
f 990//2013 2373//803 706//805
f 789//2014 279//2015 1739//1177
f 1822//821 967//823 1509//1514
f 1218//486 1048//125 747//124
f 602//791 2436//2016 2263//2017
f 1194//1794 239//1155 1697//165
f 1159//1295 1149//215 849//1319
f 1159//1295 1093//1019 1149//215
f 1750//1553 350//1834 1921//1042
f 746//1933 2047//1764 1790//1300
f 693//2018 2338//2019 1400//2020
f 508//658 1659//617 896//1808
f 828//1039 950//1230 1230//407
f 236//844 2300//1923 989//1961
f 1900//1720 294//1489 122//731
f 2459//2021 2629//626 2548//1266
f 2616//788 1312//1982 1199//1991
f 478//1691 2380//1913 1560//691
f 1248//1892 1493//732 294//1489
f 2022//2022 1978//2023 2311//2024
f 1459//1063 2319//2007 1128//1867
f 414//664 1257//356 1161//896
f 1750//1553 38//1891 350//1834
f 2351//2025 2285//1206 2515//1205
f 2474//2026 328//2027 692//2028
f 1029//1877 746//1933 1418//1299
f 1778//1757 1345//1806 2151//570
f 624//719 870//818 483//1856
f 1958//615 1873//151 2284//154
f 1400//2020 2379//173 1368//1449
f 354//1786 952//900 295//899
f 1934//583 1025//285 793//1362
f 604//143 2056//2029 1260//1430
f 1997//1554 1550//2030 397//1555
f 616//582 655//829 1934//583
f 630//2031 408//1975 565//1925
f 316//246 1074//1523 782//1833
f 1959//341 976//93 2270//92
f 2572//2032 2510//2003 403//1882
f 570//2033 1135//1524 2656//2034
f 13//1382 958//1043 968//1055
f 2496//18 2578//15 1630//14
f 432//1787 80//635 842//634
f 432//1787 842//634 1881//592
f 2255//1051 1777//1333 1274//1052
f 688//1776 444//1957 1795//1777
f 1067//1170 1617//2035 1081//2036
f 2445//2037 445//1627 2370//1494
f 1952//1303 1598//2038 921//2039
f 455//1255 1732//702 261//2040
f 5//21 1622//12 1933//19
f 1933//19 1622//12 533//11
f 1296//1823 743//1209 428//2041
f 1427//1582 1282//1697 434//85
f 845//1246 979//2042 2349//2043
f 2463//1236 657//694 621//1234
f 821//706 1376//2044 1449//707
f 1971//920 1786//139 1286//141
f 1189//1056 1918//2045 1656//1057
f 2424//2046 1607//2047 712//2048
f 1173//2049 2265//296 258//2050
f 2341//986 2295//302 1804//557
f 1876//2051 2038//66 1047//1452
f 299//1920 503//2052 2025//1921
f 1979//1992 578//750 1199//1991
f 2025//1921 503//2052 996//2053
f 1211//1999 471//1998 1288//122
f 1999//1798 1412//1269 2153//1859
f 1111//2054 2003//2055 1554//2056
f 1351//877 267//2057 291//2058
f 1302//1657 1039//2059 2476//562
f 2145//1585 647//1805 1038//1311
f 1399//2060 731//1893 540//1895
f 629//2061 1816//1979 1920//1744
f 2118//1573 2391//2062 1432//1574
f 2565//2063 1471//510 576//509
f 2169//585 555//180 1423//304
f 468//2064 242//568 2334//567
f 1809//1481 1547//1929 1433//1482
f 2001//889 1313//257 969//2065
f 1592//2066 2218//815 2387//204
f 2105//2067 2670//2068 2649//1294
f 2321//645 498//1639 210//1270
f 1566//1047 1315//2069 704//2070
f 1907//2071 632//1435 1913//1857
f 451//817 624//719 483//1856
f 392//499 2166//1337 2045//2072
f 2039//2073 878//2074 524//2075
f 1178//1599 2371//1702 2302//1912
f 2207//1070 1646//3 977//904
f 1551//1291 2074//1527 1108//1889
f 1988//2076 861//2077 306//2078
f 1105//1504 1876//2051 558//2079
f 503//2052 2478//792 2235//794
f 996//2053 503//2052 2235//794
f 2//2080 2042//2081 8//17
f 1228//1343 1508//839 1052//1816
f 598//1515 2580//121 499//241
f 2517//1603 1886//1341 1320//613
f 545//1088 1790//1300 1487//2082
f 1555//1881 2573//675 2245//2083
f 1444//2084 1838//99 882//2085
f 2324//150 978//2086 1903//148
f 2024//47 1870//1106 601//1534
f 2670//2068 2105//2067 1833//2087
f 1558//1225 1344//483 1455//521
f 1443//820 751//82 2563//2088
f 508//658 29//1305 166//850
f 1193//2089 1527//1631 1624//644
f 1018//2090 385//2091 128//2092
f 690//1502 326//1680 1729//1503
f 1859//1637 378//1636 2463//1236
f 18//1124 1020//1297 282//825
f 1120//865 1165//2093 2368//866
f 1301//1044 575//1003 493//1004
f 785//1453 34//72 1267//2094
f 1825//783 2283//2095 1765//784
f 1354//717 275//1926 645//138
f 2391//2062 2646//1541 1432//1574
f 2266//2096 1828//1250 1306//1252
f 543//1169 2489//1790 2414//607
f 96//202 1050//201 1007//1837
f 946//856 1527//1631 1012//854
f 1861//1040 1921//1042 230//2097
f 839//671 141//330 515//669
f 807//1976 718//1771 2460//1977
f 940//2002 1577//1547 1563//2098
f 257//409 102//410 313//413
f 254//469 257//409 313//413
f 303//98 2568//1201 1838//99
f 941//1753 1667//1755 762//113
f 2158//1356 1137//2099 2110//322
f 73//272 167//467 552//273
f 244//490 167//467 73//272
f 310//1606 2042//2081 312//1611
f 216//2100 2501//1461 1792//2101
f 1228//1343 1052//1816 1387//408
f 1390//481 1387//408 1052//1816
f 634//175 635//1652 805//2102
f 1425//333 2040//741 1179//1213
f 661//2103 1718//1301 1835//2104
f 1718//1301 1952//1303 1835//2104
f 1382//2105 2179//1812 1369//594
f 2377//1032 1483//377 819//2106
f 1500//966 740//848 1392//847
f 1376//2044 1673//2107 2317//2108
f 1856//2109 320//1509 2106//2110
f 2276//2111 2106//2110 320//1509
f 926//2112 1505//1066 2552//2113
f 104//504 802//596 1356//1276
f 1681//61 1303//1974 2011//2114
f 329//2115 2507//2116 1393//1237
f 1415//440 2041//411 1380//1162
f 1188//1024 1155//1211 1688//369
f 1385//1434 1626//2117 1807//71
f 2337//1713 896//1808 1659//617
f 1715//2000 940//2002 1442//2118
f 1874//2119 1428//2120 2144//2121
f 2359//1010 2655//758 78//2122
f 1613//166 944//164 1445//2123
f 1389//487 2631//1035 2374//1034
f 61//1406 2533//1405 1898//1439
f 2518//1172 1604//1174 2264//1326
f 1075//695 2232//1175 1792//2101
f 2624//211 1924//210 1335//439
f 772//1583 1523//1693 1919//1166
f 1393//1237 1470//804 2373//803
f 2051//63 1047//1452 1605//947
f 2550//2124 2331//2125 605//1571
f 1192//661 1225//515 143//662
f 2050//1635 1932//2126 1814//2127
f 1974//2128 771//2129 667//2130
f 1396//1083 1603//1192 902//2131
f 1179//1213 369//1966 794//81
f 479//1129 276//427 125//1140
f 1211//1999 2503//1800 435//1789
f 2557//1577 576//509 1154//1633
f 1757//177 65//1455 460//1454
f 2013//2132 2329//2133 1964//2134
f 2664//2135 1557//2136 1167//2137
f 291//2058 1914//2138 1623//1418
f 1405//2139 751//82 1276//1183
f 2310//464 806//462 2175//461
f 2140//2140 1406//1716 744//995
f 2521//1995 217//2141 1559//2142
f 2462//648 879//502 1407//161
f 2221//653 1408//781 1478//301
f 797//2143 2584//2144 565//1925
f 1998//2145 2107//2146 367//2147
f 946//856 498//1639 2321//645
f 1725//1410 1575//614 1411//463
f 2272//773 491//590 1160//774
f 1141//1059 2215//2148 2268//1872
f 82//1331 299//1920 1058//2149
f 1023//1468 1769//1467 2540//2150
f 994//1168 534//344 1076//513
f 2094//1663 2294//1662 883//2151
f 817//1490 1901//2152 1430//2153
f 985//1277 1972//630 1616//160
f 1999//1798 1364//1750 474//1267
f 693//2018 1213//2154 2338//2019
f 1030//2155 657//694 2463//1236
f 1490//144 94//1601 1753//1600
f 1042//2156 490//1351 1268//2157
f 198//432 1365//926 1588//561
f 1614//878 1351//877 291//2058
f 1035//1456 522//1858 661//2103
f 290//1028 1118//698 38//1891
f 2125//1344 1839//321 1587//323
f 2//2080 1//475 2369//1376
f 2208//2158 133//1559 1469//2159
f 1749//428 189//1372 889//1123
f 1087//1971 2654//172 569//2160
f 384//879 2421//876 697//1593
f 607//776 1699//287 493//1004
f 1138//2161 1949//2162 2471//2163
f 2376//317 1711//1153 2234//315
f 1989//2164 2394//2165 676//1485
f 721//1389 2153//1859 223//2166
f 1463//912 1831//2167 664//913
f 2653//715 2576//2168 353//1084
f 725//2169 1235//747 200//2170
f 1572//2171 2204//2172 2519//2173
f 1230//407 1228//1343 1387//408
f 1230//407 1222//1128 1228//1343
f 1069//2174 396//2175 382//2176
f 2371//1702 1241//1579 2302//1912
f 1453//1008 874//245 1677//1447
f 2557//1577 2222//2177 2565//2063
f 1031//52 2448//1240 1190//167
f 2230//1745 118//115 366//252
f 2057//107 2522//109 2368//866
f 1152//2178 2247//2179 1172//2180
f 1704//2181 1242//867 638//2182
f 616//582 411//1451 13//1382
f 1158//772 2130//1441 2272//773
f 1345//1806 2145//1585 2151//570
f 2390//2183 2609//2184 2314//1682
f 1662//833 1592//2066 2027//2185
f 1777//1333 837//1665 1233//1334
f 1496//2186 2162//755 1153//2187
f 1994//593 2365//734 1493//732
f 796//349 1939//1483 719//403
f 1248//1892 1877//1813 1493//732
f 2219//660 376//207 1512//1263
f 1464//1905 2027//2185 1991//2188
f 1870//1106 2024//47 2505//1839
f 2394//2165 652//1763 1322//1125
f 231//378 1483//377 2377//1032
f 1678//2189 1013//1949 523//1951
f 768//1160 805//2102 394//1161
f 1783//2190 72//1318 843//1934
f 2277//395 1193//2089 768//1160
f 969//2065 1313//257 2053//2191
f 860//1463 915//1345 579//1675
f 1901//2152 1530//2192 1430//2153
f 1576//1772 2100//2193 1185//292
f 2252//332 1157//331 78//2122
f 2651//2194 2365//734 547//2195
f 406//1385 1240//1181 1633//1795
f 2332//1369 175//2196 803//2197
f 88//1419 1187//2198 1542//2199
f 1057//2200 2607//2201 975//1355
f 2436//2016 2065//828 2398//1692
f 696//1765 1173//2049 258//2050
f 1074//1523 1317//248 1135//1524
f 586//2202 1885//1729 1965//2203
f 2655//758 1854//189 1078//2204
f 2115//933 1358//1738 1277//1194
f 1995//1739 2146//2205 1045//2206
f 1710//1953 2143//1952 1816//1979
f 2365//734 842//634 547//2195
f 138//1245 2403//498 1601//500
f 1209//1187 308//1186 779//1709
f 162//2207 1522//2208 2431//2209
f 2281//2210 2654//172 1087//1971
f 2574//1878 2575//1996 2658//2010
f 2107//2146 445//1627 367//2147
f 2638//1009 1274//1052 2325//1724
f 1915//256 2240//1945 146//1685
f 1530//2192 1844//2211 1430//2153
f 724//2212 1213//2154 1533//2213
f 311//997 1084//345 1076//513
f 2302//1912 184//84 2016//83
f 1352//742 440//743 1970//1621
f 389//1641 1182//2214 1217//1642
f 1223//1793 159//1232 2063//2215
f 319//564 1453//1008 1677//1447
f 1038//1311 2514//976 2145//1585
f 619//1203 277//543 427//518
f 2475//597 67//599 1263//2216
f 47//1420 2278//1475 2555//2217
f 1549//291 1576//1772 1185//292
f 2619//840 1827//842 527//2218
f 1882//1413 1610//1412 856//1844
f 1784//2219 701//2220 2397//1542
f 1764//111 680//1415 639//1907
f 2494//814 1169//813 1700//563
f 546//59 2011//2114 270//2221
f 1156//1231 1015//290 1484//1972
f 1173//2049 904//1320 1810//864
f 393//363 302//365 758//690
f 178//1429 32//2222 1231//5
f 1292//2223 1140//2224 2556//1414
f 1894//2225 1814//2127 1932//2126
f 2556//1414 2620//768 767//1198
f 1897//335 2015//340 442//2226
f 1759//1616 2368//866 1165//2093
f 1627//1100 1677//1447 2458//654
f 1527//1631 1193//2089 2277//395
f 1422//1842 1511//1499 2216//2227
f 2356//1875 2623//2228 713//1876
f 292//1941 1717//1411 1516//1942
f 960//1773 1692//579 235//578
f 392//499 2045//2072 2447//2229
f 1085//2230 193//2231 2135//2232
f 1102//478 2567//1706 35//216
f 168//274 619//1203 74//325
f 2078//622 1764//111 1573//1896
f 2192//1712 384//879 928//1731
f 594//1899 2194//551 992//2233
f 476//666 2075//1289 2527//2234
f 2260//1964 1495//2235 1928//1065
f 2170//1427 2225//1670 1326//1147
f 1606//1935 1578//1110 2033//2236
f 944//164 2129//2237 1728//2238
f 1524//198 2418//200 1269//1746
f 1008//1366 1123//1367 1581//2239
f 2558//2240 2401//778 1679//105
f 468//2064 2334//567 2518//1172
f 781//1591 2061//1985 2318//1590
f 2148//355 815//354 1939//1483
f 34//72 1807//71 2312//1963
f 2653//715 2623//2228 814//2241
f 1216//1915 1862//2242 1101//932
f 2204//2172 342//2243 1207//2244
f 1887//1464 2163//1466 2139//1864
f 2431//2209 1146//2245 2223//2246
f 2115//933 1277//1194 2498//934
f 580//2247 209//999 1937//659
f 680//1415 1252//110 763//600
f 1383//1278 1321//1981 1273//2248
f 2326//2249 1599//2250 1308//2251
f 867//102 2336//1421 375//1384
f 2317//2108 47//1420 953//2252
f 853//524 2464//282 1758//281
f 2327//1643 993//2253 799//2254
f 327//87 810//749 1130//1978
f 1934//583 655//829 1327//286
f 195//623 449//2255 1042//2156
f 1607//2047 142//1002 850//64
f 1084//345 534//344 994//1168
f 2370//1494 445//1627 2107//2146
f 514//525 618//305 862//522
f 2104//1117 125//1140 1221//482
f 190//396 2277//395 768//1160
f 1093//1019 35//216 1149//215
f 2008//1578 951//2256 2502//1443
f 1147//2257 1394//2258 1514//1841
f 670//1741 153//1378 905//2259
f 963//1131 2600//940 40//1283
f 2506//1622 1397//1323 2626//1674
f 1612//2260 2012//2261 2645//1887
f 1312//1982 2616//788 1621//205
f 2597//1076 627//1224 1533//2213
f 898//88 38//1891 1750//1553
f 2204//2172 1207//2244 769//1943
f 1741//2262 1994//593 1877//1813
f 1446//591 1994//593 1741//2262
f 1385//1434 1645//2263 1626//2117
f 2580//121 1958//615 2284//154
f 1110//2264 2664//2135 1167//2137
f 563//519 828//1039 1283//520
f 1848//2265 595//2266 1625//1111
f 1626//2117 404//1645 1420//2267
f 1214//1900 880//1901 1346//1312
f 1628//1021 2658//2010 1559//2142
f 2155//1733 2157//1310 1181//1734
f 2457//2268 660//1940 1516//1942
f 1491//1714 926//2112 2552//2113
f 1215//1395 486//1090 603//936
f 303//98 789//2014 1739//1177
f 1613//166 1445//2123 2058//2269
f 2156//2270 1653//2271 807//1976
f 1174//100 1617//2035 303//98
f 1633//1795 1194//1794 191//2272
f 2377//1032 819//2106 1708//1911
f 599//2001 2531//2273 612//2274
f 1635//1027 1836//1993 899//1212
f 2529//112 2337//1713 1634//261
f 33//1668 2077//1822 1071//1669
f 1142//2275 540//1895 193//2231
f 1051//1178 1826//1180 1598//2038
f 1773//891 43//1157 2293//1244
f 481//1038 2425//1020 321//1022
f 2144//2121 1428//2120 1901//2152
f 1996//2276 273//2277 2226//2278
f 1978//2023 2150//1817 2311//2024
f 271//888 365//2279 2001//889
f 1246//2280 308//1186 2256//1185
f 2163//1466 1980//2281 397//1555
f 1745//1472 504//1471 1463//912
f 1463//912 504//1471 1831//2167
f 1028//2282 1450//2283 1597//145
f 2492//244 2458//654 1677//1447
f 1794//1835 1761//2284 39//2285
f 1101//932 1811//1908 2115//933
f 1988//2076 2417//117 861//2077
f 1404//1144 1892//1143 1267//2094
f 2078//622 1573//1896 922//619
f 2194//551 2393//2286 992//2233
f 1881//592 1446//591 432//1787
f 301//1747 629//2061 1654//443
f 1872//1572 2631//1035 644//1570
f 205//2287 2124//2288 1883//2289
f 1305//2290 160//1507 298//2291
f 2217//2292 1343//2293 1657//1784
f 678//2294 1270//2295 2172//1393
f 850//64 785//1453 2102//62
f 1831//2167 402//533 623//532
f 2296//2296 2245//2083 495//1097
f 825//9 252//1348 2048//1347
f 933//1550 1535//1545 1632//2297
f 253//1324 1823//2298 1930//2299
f 1212//1575 2068//2300 2118//1573
f 989//1961 2300//1923 1962//2301
f 1016//1828 2486//129 687//128
f 2002//1766 1010//188 1104//190
f 1668//1424 1613//166 2058//2269
f 867//102 375//1384 588//225
f 2379//173 1774//2302 1368//1449
f 2545//1080 2495//2303 1767//1081
f 1418//1299 746//1933 1790//1300
f 1157//331 1041//2304 78//2122
f 1878//2305 513//733 2213//1584
f 42//136 486//1090 2361//1011
f 2168//882 1672//1638 127//881
f 750//1398 654//1397 103//223
f 370//1095 761//1569 1557//2136
f 146//1685 1374//2306 1915//256
f 2336//1421 2428//222 2372//221
f 1252//110 680//1415 1764//111
f 1644//2307 1775//908 1680//307
f 2157//1310 1124//1309 1828//1250
f 546//59 1681//61 2011//2114
f 2493//388 246//1865 111//1614
f 2408//1762 1555//1881 2296//2296
f 2480//1718 75//1164 1061//495
f 1571//2308 709//2309 2043//2310
f 2553//219 2099//1677 2273//220
f 1028//2282 1597//145 1349//147
f 1249//2009 2191//2311 1033//74
f 2069//1127 1147//2257 396//2175
f 2529//112 1634//261 656//133
f 1901//2152 817//1490 2144//2121
f 197//1428 701//2220 32//2222
f 1426//603 1019//704 1840//2312
f 541//1672 237//2313 2092//549
f 261//2040 1732//702 574//701
f 2333//1388 1180//1440 2147//2314
f 1963//2315 1131//1950 435//1789
f 1112//787 1347//206 1621//205
f 426//2316 1935//2317 738//2318
f 623//532 983//534 1461//1548
f 800//2319 1745//1472 1463//912
f 2123//2320 988//1970 2189//2321
f 648//1338 2559//2322 2177//1339
f 966//2323 1091//2324 750//1398
f 2623//2228 2653//715 713//1876
f 1191//714 713//1876 2653//715
f 978//2086 365//2279 2596//763
f 2247//2179 2633//1885 1172//2180
f 2571//1866 1128//1867 2096//2325
f 745//1091 1703//1093 703//894
f 1704//2181 638//2182 1762//1851
f 524//2075 2457//2268 1516//1942
f 1759//1616 1210//2326 2575//1996
f 1188//1024 1106//751 2184//1025
f 896//1808 592//2327 2420//1422
f 2650//418 533//11 1740//665
f 365//2279 12//1820 2596//763
f 1766//1567 662//1626 1414//1479
f 1955//1836 252//1348 825//9
f 1430//2153 1844//2211 216//2100
f 2074//1527 1499//2328 1108//1889
f 2516//2329 175//2196 2332//1369
f 2345//1539 1985//789 977//904
f 238//2330 1715//2000 1021//2331
f 1665//1138 228//2332 146//1685
f 1280//2333 630//2031 1341//2334
f 1595//316 830//1497 1339//1902
f 906//914 2356//1875 1650//915
f 1466//1259 1243//182 1947//184
f 1897//335 775//2335 2164//336
f 2074//1527 2471//2163 2366//2336
f 692//2028 379//1947 1837//2337
f 2281//2210 388//2338 2379//173
f 2659//2339 2442//1077 1941//255
f 2448//1240 1031//52 1961//1241
f 897//2340 2200//1115 986//1114
f 1336//960 2091//1730 1029//1877
f 514//525 853//524 1758//281
f 862//522 853//524 514//525
f 2133//2341 2137//75 2191//2311
f 837//1665 1568//1664 1233//1334
f 1116//1330 2558//2240 1261//2342
f 1567//477 594//1899 1102//478
f 1538//2343 1736//824 1850//834
f 855//1396 603//936 300//935
f 2119//2344 1385//1434 804//1700
f 760//2345 611//2346 1138//2161
f 733//2347 2555//2217 2610//1474
f 1544//2348 760//2345 2320//1290
f 409//2349 1821//2350 2053//2191
f 669//1704 2648//985 728//1190
f 1936//55 2525//191 50//193
f 418//2351 570//2033 1571//2308
f 2483//710 2340//1438 251//2352
f 579//1675 1587//323 1643//1126
f 380//1121 1455//521 1344//483
f 780//229 22//2353 1640//1486
f 2362//1717 2352//2354 139//2355
f 1021//2331 1442//2118 1883//2289
f 138//1245 43//1157 2403//498
f 448//208 2458//654 939//393
f 123//1919 1401//1918 2029//2356
f 1062//2357 1405//2139 596//797
f 924//1304 29//1305 242//568
f 1409//2358 2093//1870 2062//800
f 2254//1694 2137//75 2082//203
f 1565//2359 1842//1392 325//2360
f 2353//2361 2360//1408 1800//1407
f 1007//1837 198//432 2378//434
f 1813//137 42//136 2361//1011
f 38//1891 1118//698 995//697
f 794//81 1276//1183 751//82
f 2337//1713 2529//112 2078//622
f 1682//353 2202//352 285//753
f 675//1446 97//1220 971//982
f 1845//965 2244//1956 144//2362
f 1470//804 584//1659 706//805
f 318//2363 1262//1510 1856//2109
f 2312//1963 1441//1815 1404//1144
f 1889//2364 1666//916 2094//1663
f 663//1242 1289//1725 2448//1240
f 2212//872 1223//1793 401//2365
f 2608//1683 886//2366 1502//2367
f 2617//2368 2237//1249 170//1239
f 1704//2181 1762//1851 1203//2369
f 1794//1835 800//2319 230//2097
f 1139//1072 533//11 6//13
f 2081//2370 1023//1468 2540//2150
f 2362//1717 1138//2161 611//2346
f 1764//111 639//1907 1573//1896
f 714//2371 24//1880 1975//1067
f 60//610 2003//2055 1044//996
f 2434//97 2476//562 1039//2059
f 604//143 94//1601 1490//144
f 596//797 2087//1984 137//798
f 2051//63 2102//62 83//1340
f 2509//508 2259//497 264//496
f 1777//1333 1372//1335 1658//1275
f 837//1665 1777//1333 1658//1275
f 2167//726 1121//1903 1328//1409
f 1689//2372 1965//2203 1799//2373
f 1416//1191 1396//1083 645//138
f 507//28 2535//1679 1236//1608
f 2201//980 264//496 1061//495
f 136//2374 1716//1769 1653//2271
f 582//1041 1750//1553 1921//1042
f 938//1470 986//1114 504//1471
f 1625//1111 957//1113 1848//2265
f 736//2375 2142//1049 1754//2376
f 1053//1445 1896//1258 1466//1259
f 1557//2136 761//1569 1167//2137
f 1878//2305 772//1583 1919//1166
f 800//2319 39//2285 1745//1472
f 957//1113 1861//1040 1848//2265
f 1844//2211 1337//1459 2501//1461
f 1048//125 943//1193 646//127
f 2363//1758 487//1760 240//1944
f 522//1858 1718//1301 661//2103
f 2464//282 2568//1201 1739//1177
f 783//1723 1265//1722 954//2377
f 1741//2262 1609//902 1446//591
f 268//1596 581//1368 1330//1370
f 1266//1551 2631//1035 1389//487
f 546//59 2226//2278 273//2277
f 2544//2378 1521//2379 771//2129
f 1003//1377 1799//2373 153//1378
f 106//2380 1147//2257 1514//1841
f 209//999 580//2247 294//1489
f 666//2381 1373//2382 1843//2383
f 1615//780 610//1708 1355//1609
f 1548//2384 1100//2385 730//1807
f 1524//198 301//1747 2064//1349
f 1584//835 1802//134 1279//262
f 1876//2051 176//544 2038//66
f 1314//1803 1023//1468 1712//1804
f 694//874 1415//440 1335//439
f 1791//1862 2258//1681 171//1860
f 1894//2225 587//2386 1814//2127
f 2096//2325 1545//58 2672//2387
f 504//1471 2375//1783 935//1782
f 1763//905 1908//1917 1649//906
f 1595//316 1339//1902 2376//317
f 2403//498 1454//1158 392//499
f 2058//2269 896//1808 2420//1422
f 911//1108 1553//589 798//588
f 675//1446 965//1505 788//1074
f 1495//2235 537//2388 2564//2389
f 1548//2384 1606//1935 1079//1085
f 1645//2263 695//1898 1626//2117
f 1673//2107 1376//2044 821//706
f 654//1397 1585//1399 2479//2390
f 1943//1707 1570//2391 2412//2392
f 1210//2326 1759//1616 2367//2393
f 2020//1197 2328//2394 489//329
f 2410//1719 1923//1353 1557//2136
f 1095//238 956//2395 2657//1336
f 2409//1994 1452//2396 126//887
f 1623//1418 1914//2138 1187//2198
f 699//652 2221//653 2600//940
f 2086//1354 1057//2200 975//1355
f 2424//2046 712//2048 1352//742
f 2335//2397 2504//951 2206//2398
f 530//1552 1266//1551 1583//1752
f 1951//239 1050//201 1438//240
f 425//2399 2475//597 2636//2400
f 2134//2401 1889//2364 2094//1663
f 1669//608 2633//1885 2247//2179
f 2458//654 448//208 2381//1167
f 2350//807 874//245 1734//1071
f 1784//2219 1880//1023 1302//1657
f 1805//795 2450//2402 1437//48
f 987//1796 1645//2263 1194//1794
f 2108//1737 1297//2403 1305//2290
f 1705//625 1747//624 848//1165
f 105//2404 1307//1595 808//1625
f 1517//1598 786//1371 2238//367
f 724//2212 1526//2405 1094//174
f 612//2274 2477//1156 1577//1547
f 890//1653 1757//177 460//1454
f 2139//1864 2163//1466 1550//2030
f 1823//2298 261//2040 678//2294
f 1314//1803 262//907 488//2406
f 2103//123 1958//615 2580//121
f 404//1645 605//1571 2331//2125
f 780//229 1737//228 357//1260
f 1044//996 1134//2407 1909//1989
f 341//386 2493//388 1353//1613
f 961//2408 1992//1154 1711//1153
f 724//2212 1533//2213 627//1224
f 1220//2409 2132//1400 1619//69
f 1943//1707 2412//2392 610//1708
f 145//2410 742//1557 585//2411
f 2010//2412 2107//2146 1998//2145
f 24//1880 714//2371 2046//298
f 744//995 1406//1716 2633//1885
f 228//2332 1860//1139 1628//1021
f 1880//1023 1784//2219 2397//1542
f 1221//482 1390//481 2104//1117
f 235//578 2095//1774 2080//1791
f 1262//1510 1346//1312 2165//1508
f 1332//2413 1474//1780 2019//1029
f 1536//930 2024//47 1709//49
f 2175//461 1318//130 1584//835
f 2045//2072 1862//2242 1216//1915
f 1462//696 621//1234 657//694
f 2288//489 901//488 1910//1617
f 2151//570 702//569 1778//1757
f 1980//2281 813//2414 512//2415
f 1595//316 981//1199 830//1497
f 830//1497 981//1199 2005//2416
f 986//1114 2127//1116 2375//1783
f 808//1625 1307//1595 542//1962
f 2292//771 1780//799 137//798
f 1867//2417 521//1145 1978//2023
f 921//2039 1598//2038 1826//1180
f 766//967 2055//554 562//183
f 2023//1031 2128//1030 628//2418
f 127//881 1672//1638 1198//1990
f 2314//1682 2258//1681 1791//1862
f 1210//2326 2367//2393 2098//2419
f 240//1944 487//1760 599//2001
f 404//1645 2331//2125 1420//2267
f 1891//156 1972//630 809//1589
f 818//2420 1644//2307 1162//2421
f 1409//2358 2062//800 972//2422
f 1590//1660 584//1659 1491//1714
f 666//2381 1843//2383 2120//2423
f 2009//875 694//874 2468//279
f 1334//1671 336//232 748//506
f 2208//2158 1469//2159 422//641
f 1906//2424 2606//2425 2526//2426
f 2409//1994 217//2141 2521//1995
f 921//2039 1826//1180 1670//1732
f 2056//2029 736//2375 2256//1185
f 511//1359 1505//1066 926//2112
f 1832//1450 583//2427 980//1448
f 775//2335 1132//2428 388//2338
f 1171//2429 315//2430 1051//1178
f 2333//1388 732//1549 1180//1440
f 1472//1223 1341//2334 1362//2431
f 134//1496 916//1132 963//1131
f 1737//228 2497//1261 357//1260
f 1540//44 1926//1094 2286//2432
f 2156//2270 807//1976 408//1975
f 1329//2433 2629//626 2554//2434
f 1241//1579 2415//213 184//84
f 1278//1092 745//1091 2171//1016
f 1046//1365 1168//963 1426//603
f 1713//2435 136//2374 1899//2436
f 801//1785 725//2169 200//2170
f 596//797 1405//2139 1276//1183
f 478//1691 242//568 468//2064
f 468//2064 2380//1913 478//1691
f 2525//191 925//2437 2506//1622
f 879//502 2429//2438 1407//161
f 1195//197 2396//199 1524//198
f 635//1652 890//1653 887//2439
f 554//119 440//743 1063//120
f 904//1320 1244//862 1810//864
f 2282//2440 2524//1316 173//1315
f 170//1239 292//1941 2617//2368
f 1326//1147 973//1560 281//2441
f 1181//1734 2157//1310 1828//1250
f 838//2442 291//2058 1623//1418
f 701//2220 1231//5 32//2222
f 2116//1656 1441//1815 2312//1963
f 487//1760 1510//802 2531//2273
f 237//2313 105//2404 1097//2443
f 2329//2133 1772//1629 1096//1810
f 2276//2111 281//2441 973//1560
f 247//2444 2300//1923 260//1922
f 901//488 2260//1964 1525//1751
f 781//1591 2328//2394 1027//2445
f 1551//1291 1098//1888 2130//1441
f 1912//640 629//2061 1920//1744
f 634//175 1757//177 635//1652
f 1249//2009 1286//141 2315//1980
f 878//2074 2094//1663 883//2151
f 60//610 2406//609 127//881
f 2168//882 2612//1014 1672//1638
f 1177//2446 2445//2037 1702//1493
f 51//2447 702//569 116//571
f 2188//2448 195//623 1214//1900
f 761//1569 2385//1701 1167//2137
f 2372//221 654//1397 500//226
f 711//258 1502//2367 1388//259
f 1837//2337 1869//2449 2299//1268
f 2484//2450 382//2176 2541//2451
f 1923//1353 370//1095 1557//2136
f 1386//756 1496//2186 833//1705
f 1487//2082 1902//2452 1460//2453
f 368//1195 1162//2421 633//2454
f 613//1357 511//1359 564//2455
f 510//1883 2619//840 399//1884
f 215//2456 238//2330 1021//2331
f 1233//1334 1929//998 2325//1724
f 1015//290 1378//429 1484//1972
f 1250//1809 1002//1811 2200//1115
f 2072//1329 1461//1548 1116//1330
f 261//2040 574//701 678//2294
f 2094//1663 878//2074 450//2457
f 595//2266 2072//1329 1170//2458
f 1932//2126 2050//1635 1859//1637
f 1933//19 533//11 2650//418
f 1367//2459 134//1496 628//2418
f 54//196 961//2408 1195//197
f 905//2259 121//748 725//2169
f 38//1891 995//697 350//1834
f 285//753 1334//1671 873//754
f 1977//1855 1006//2460 1482//2461
f 95//7 1126//6 2307//371
f 762//113 118//115 2230//1745
f 2127//1116 2205//1863 2375//1783
f 1371//1832 782//1833 679//1513
f 1896//1258 2054//968 1243//182
f 740//848 1500//966 2276//2111
f 77//1375 1036//1286 2509//508
f 1714//1831 268//1596 1336//960
f 234//1053 968//1055 655//829
f 555//180 2433//584 2111//283
f 511//1359 926//2112 1060//1676
f 239//1155 2119//2344 1166//163
f 1975//1067 24//1880 1556//1068
f 2447//2229 2045//2072 1216//1915
f 1339//1902 830//1497 749//631
f 523//1951 1950//729 1678//2189
f 2656//2034 398//2462 1817//2463
f 1296//1823 428//2041 942//852
f 389//1641 1775//908 1644//2307
f 210//1270 1913//1857 1954//2464
f 2329//2133 1518//2465 1474//1780
f 541//1672 361//1314 175//2196
f 437//2466 2591//2467 1430//2153
f 2527//2234 7//10 2466//2468
f 1558//1225 2306//348 1581//2239
f 275//1926 790//937 42//136
f 2089//977 318//2363 1431//1540
f 264//496 748//506 2509//508
f 1449//707 1376//2044 159//1232
f 1041//2304 1603//1192 1813//137
f 827//700 1674//1079 1966//1073
f 1906//2424 1533//2213 1213//2154
f 1255//949 564//2455 2553//219
f 170//1239 1827//842 1237//841
f 813//2414 1319//1495 1925//2469
f 1006//2460 1977//1855 1146//2245
f 1368//1449 1774//2302 1832//1450
f 935//1782 1657//1784 1566//1047
f 662//1626 542//1962 2239//435
f 2512//2470 1482//2461 1006//2460
f 775//2335 2109//2471 2164//336
f 1829//2472 1511//1499 1422//1842
f 1107//1561 1610//1412 1815//1274
f 2619//840 527//2218 399//1884
f 769//1943 240//1944 2519//2173
f 1785//1620 2525//191 2506//1622
f 199//2473 626//705 1449//707
f 1433//1482 1651//540 2174//2474
f 569//2160 1526//2405 1092//299
f 1505//1066 1556//1068 2552//2113
f 2502//1443 1053//1445 2415//213
f 2598//1171 1981//103 867//102
f 118//115 37//2475 1083//2476
f 605//1571 727//1218 2059//1695
f 541//1672 105//2404 237//2313
f 1497//1122 723//2477 1503//2478
f 1354//717 645//138 840//284
f 2050//1635 1984//1939 378//1636
f 608//2479 1457//2480 1962//2301
f 1264//1512 1642//181 304//1363
f 1862//2242 2473//2481 1811//1908
f 397//1555 1980//2281 512//2415
f 1862//2242 1811//1908 1101//932
f 908//2482 395//2483 1120//865
f 2541//2451 149//227 780//229
f 1458//1526 2134//2401 450//2457
f 2040//741 1425//333 2252//332
f 2124//2288 1021//2331 1883//2289
f 1350//1742 2235//794 2181//1307
f 842//634 2037//633 547//2195
f 1045//2206 1976//2484 818//2420
f 1994//593 842//634 2365//734
f 1268//2157 2165//1508 880//1901
f 1125//1727 1319//1495 2052//1728
f 2272//773 2130//1441 1098//1888
f 2033//2236 2039//2073 524//2075
f 1313//257 1374//2306 2053//2191
f 1643//1126 1394//2258 1147//2257
f 453//2485 626//705 199//2473
f 1027//2445 2328//2394 2020//1197
f 262//907 1649//906 488//2406
f 2265//296 1498//1619 2267//297
f 1674//1079 827//700 2442//1077
f 2225//1670 1071//1669 69//2486
f 585//2411 2003//2055 1111//2054
f 975//1355 1137//2099 2158//1356
f 902//2131 250//465 2520//80
f 1037//1005 868//2487 425//2399
f 2082//203 96//202 1015//290
f 633//2454 1680//307 642//306
f 2243//1282 2596//763 12//1820
f 1469//2159 133//1559 2491//2488
f 873//754 748//506 264//496
f 2274//1086 1875//1845 2495//2303
f 2602//2489 2671//969 852//970
f 1497//1122 2314//1682 723//2477
f 1904//1667 1113//1775 1386//756
f 555//180 2111//283 1824//1176
f 2644//2490 425//2399 2636//2400
f 1232//1740 1481//1743 530//1552
f 2100//2193 1560//691 2380//1913
f 2055//554 2018//556 562//183
f 2420//1422 922//619 2481//1423
f 1748//1781 2579//2491 636//699
f 1264//1512 777//1511 1642//181
f 1915//256 776//611 2240//1945
f 2188//2448 2546//2492 1747//624
f 1607//2047 850//64 712//2048
f 2173//2493 426//2316 738//2318
f 258//2050 2265//296 1460//2453
f 1852//1000 142//1002 2566//1847
f 1428//2120 1293//2494 1901//2152
f 2330//218 2536//1248 864//2495
f 1797//1518 1206//1517 951//2256
f 699//652 2492//244 556//243
f 400//2496 1611//2497 2505//1839
f 491//590 1553//589 730//1807
f 1286//141 477//559 1752//2498
f 1843//2383 2010//2412 2280//2499
f 1109//2500 160//1507 2351//2025
f 863//1960 651//1843 297//822
f 780//229 357//1260 1987//2501
f 846//560 1033//74 529//76
f 478//1691 1560//691 535//693
f 1350//1742 725//2169 801//1785
f 1035//1456 661//2103 1182//2214
f 524//2075 1516//1942 1638//2502
f 532//903 846//560 2254//1694
f 2218//815 1592//2066 1662//833
f 2635//2503 692//2028 2399//1749
f 2620//768 1456//2011 767//1198
f 2484//2450 2394//2165 1069//2174
f 2016//83 943//1193 2297//294
f 2381//1167 448//208 1900//1720
f 2155//1733 1519//2504 2157//1310
f 2511//605 1110//2264 1167//2137
f 1633//1795 1240//1181 987//1796
f 849//1319 1244//862 904//1320
f 1983//1254 1414//1479 455//1255
f 2062//800 1055//1284 519//801
f 2449//1506 773//2505 2034//146
f 531//1530 1454//1158 43//1157
f 2332//1369 333//1519 1330//1370
f 1445//2123 45//2506 1439//1630
f 1664//2507 232//736 1779//735
f 1686//870 309//1279 312//1611
f 90//402 2540//2150 1593//308
f 770//2508 2665//1538 260//1922
f 1011//725 1136//1904 1121//1903
f 2649//1294 2357//770 2470//1060
f 2062//800 123//1919 1055//1284
f 1031//52 1190//167 551//50
f 1989//2164 340//1462 652//1763
f 2472//2509 1906//2424 2526//2426
f 2072//1329 684//964 1461//1548
f 1636//1710 779//1709 55//2510
f 2063//2215 1399//2060 401//2365
f 2037//633 1016//1828 547//2195
f 436//2511 1434//1015 2612//1014
f 934//892 1773//891 2293//1244
f 146//1685 2240//1945 2389//1684
f 1698//1280 2388//1658 2476//562
f 2060//983 1153//2187 1637//1849
f 2065//828 1768//376 231//378
f 83//1340 1047//1452 2051//63
f 580//2247 269//919 2182//921
f 2203//1703 1383//1278 1698//1280
f 2608//1683 2339//711 886//2366
f 1404//1144 1441//1815 1070//1142
f 2397//1542 197//1428 1155//1211
f 590//79 2581//612 954//2377
f 953//2252 733//2347 2063//2215
f 1011//725 637//1136 708//1135
f 772//1583 1427//1582 829//214
f 1965//2203 2010//2412 1843//2383
f 2198//1640 2076//1959 734//1436
f 695//1898 2248//1646 1626//2117
f 2585//580 1386//756 1113//1775
f 2014//1965 620//1102 1631//1137
f 1255//949 1191//714 564//2455
f 1138//2161 2471//2163 760//2345
f 90//402 1253//401 2540//2150
f 2009//875 1992//1154 961//2408
f 2317//2108 1623//1418 47//1420
f 2211//2512 1949//2162 1138//2161
f 1852//1000 2566//1847 293//1846
f 2017//2513 853//524 1059//186
f 584//1659 834//1661 706//805
f 1722//1437 720//2514 1107//1561
f 1194//1794 1645//2263 239//1155
f 1211//1999 1288//122 598//1515
f 1761//2284 636//699 255//2515
f 1577//1547 325//2360 1563//2098
f 2172//1393 770//2508 1325//1394
f 1716//1769 718//1771 807//1976
f 1675//1819 23//1624 2195//2516
f 121//748 2120//2423 891//1986
f 629//2061 301//1747 2549//1954
f 135//2005 982//2517 1220//2409
f 55//2510 1009//2518 2565//2063
f 1004//2519 51//2447 116//571
f 1431//1540 318//2363 2537//2520
f 2099//1677 1060//1676 2507//2116
f 416//452 1199//1991 2262//453
f 2068//2300 900//2521 720//2514
f 477//559 1741//2262 1752//2498
f 1091//2324 888//2522 750//1398
f 2584//2144 797//2143 46//880
f 806//462 1576//1772 1725//1410
f 544//909 2067//2523 2196//910
f 985//1277 2419//424 1972//630
f 1889//2364 906//914 1666//916
f 1748//1781 1518//2465 2579//2491
f 505//1179 1519//2504 2155//1733
f 1805//795 1847//796 1381//1013
f 1073//2524 2618//2525 1464//1905
f 1331//2526 546//59 270//2221
f 265//1801 1005//91 589//90
f 306//2078 1838//99 1444//2084
f 1193//2089 1624//644 634//175
f 86//2527 1795//1777 444//1957
f 2391//2062 2118//1573 1290//1829
f 2430//54 2233//961 1236//1608
f 1936//55 2430//54 2114//1678
f 1585//1399 407//2528 2444//2529
f 536//948 713//1876 1191//714
f 1601//500 2447//2229 1908//1917
f 1936//55 2114//1678 925//2437
f 1327//286 1719//830 1699//287
f 590//79 145//2410 1953//77
f 2498//934 1277//1194 2190//2530
f 1253//401 2070//1251 2081//2370
f 196//2008 1459//1063 1928//1065
f 2040//741 1078//2204 710//1214
f 1005//91 2183//242 2185//89
f 300//935 917//1243 855//1396
f 923//400 2266//2096 1253//401
f 1207//2244 2363//1758 769//1943
f 1218//486 943//1193 1048//125
f 173//1315 2489//1790 2282//2440
f 1491//1714 1470//804 2507//2116
f 2101//890 1803//855 1012//854
f 58//1253 261//2040 363//1285
f 2440//632 830//1497 2005//2416
f 1683//1634 1840//2312 1765//784
f 723//2477 2314//1682 2609//2184
f 59//2531 1417//1778 1057//2200
f 781//1591 1027//2445 2061//1985
f 2261//1938 1030//2155 378//1636
f 1130//1978 553//1987 1332//2413
f 2134//2401 458//1528 1889//2364
f 1863//958 832//2532 2125//1344
f 2216//2227 1511//1499 895//1501
f 2550//2124 644//1570 1535//1545
f 1298//1602 1636//1710 641//2533
f 147//2534 262//907 1712//1804
f 1578//1110 1548//2384 911//1108
f 1556//1068 24//1880 1555//1881
f 2408//1762 1556//1068 1555//1881
f 1513//2535 147//2534 1712//1804
f 1042//2156 449//2255 2343//1352
f 999//688 1671//381 964//1342
f 2098//2419 700//2536 271//888
f 1238//523 2341//986 2055//554
f 1361//1361 2351//2025 160//1507
f 612//2274 1577//1547 940//2002
f 531//1530 71//394 1454//1158
f 1379//638 332//231 1912//640
f 467//295 2267//297 2459//2021
f 1783//2190 849//1319 72//1318
f 2594//962 218//53 1482//2461
f 1695//1531 824//516 752//895
f 1299//2537 57//779 2401//778
f 734//1436 2076//1959 1064//2538
f 53//2539 1448//2540 2460//1977
f 1913//1857 632//1435 1718//1301
f 2562//1644 2327//1643 799//2254
f 1414//1479 2239//435 1732//702
f 878//2074 1744//2541 2457//2268
f 1927//441 1484//1972 1032//431
f 297//822 651//1843 1371//1832
f 2292//771 2206//2398 1780//799
f 871//2542 678//2294 2172//1393
f 1842//1392 1325//1394 21//843
f 2374//1034 1054//1033 347//1726
f 2149//1444 1287//1967 1053//1445
f 944//164 1166//163 2129//2237
f 88//1419 1542//2199 2278//1475
f 516//2543 51//2447 631//2544
f 1187//2198 1227//1227 1542//2199
f 1918//2045 1189//1056 858//1327
f 2213//1584 513//733 1282//1697
f 396//2175 106//2380 1561//1586
f 1762//1851 1796//1756 1851//2545
f 2441//384 999//688 471//1998
f 1546//254 431//253 2152//1799
f 1640//1486 2484//2450 2541//2451
f 256//56 2573//675 150//57
f 1656//1057 1918//2045 1424//1848
f 1509//1514 679//1513 315//2430
f 988//1970 443//1886 2576//2168
f 2259//497 502//1287 2480//1718
f 524//2075 878//2074 2457//2268
f 611//2346 2633//1885 2622//1715
f 2407//476 361//1314 1567//477
f 1140//2224 1303//1974 2569//1096
f 2599//101 2326//2249 2257//1391
f 1051//1178 1519//2504 505//1179
f 899//1212 1836//1993 811//2546
f 2224//1221 1362//2431 149//227
f 877//1814 2116//1656 2176//2547
f 1473//1401 1309//2548 2121//1650
f 1685//952 1316//2549 2071//1457
f 1176//2550 1833//2087 1451//1293
f 1799//2373 1965//2203 1373//2382
f 2000//1699 777//1511 1000//126
f 2090//1632 951//2256 882//2085
f 722//1525 1135//1524 570//2033
f 918//1826 444//1957 854//1228
f 677//1516 253//1324 1930//2299
f 1680//307 1775//908 2196//910
f 50//193 1969//577 1936//55
f 1442//2118 1329//2433 2554//2434
f 1190//167 1289//1725 1054//1033
f 956//2395 2185//89 2657//1336
f 1665//1138 2389//1684 28//531
f 1846//334 2164//336 1890//2551
f 1733//2552 200//2170 1990//2553
f 1054//1033 2059//1695 1190//167
f 1932//2126 1859//1637 1894//2225
f 2381//1167 1900//1720 122//731
f 925//2437 1024//1322 2506//1622
f 838//2442 1623//1418 2317//2108
f 2204//2172 769//1943 2519//2173
f 933//1550 1632//2297 1266//1551
f 2408//1762 2416//1973 2178//1761
f 2076//1959 297//822 1822//821
f 1695//1531 752//895 2306//348
f 972//2422 2062//800 1510//802
f 2181//1307 2088//1306 153//1378
f 2235//794 1183//793 2181//1307
f 196//2008 1928//1065 1495//2235
f 89//974 1804//557 1884//1075
f 2269//51 1963//2315 1083//2476
f 652//1763 579//1675 1322//1125
f 1521//2379 428//2041 667//2130
f 500//226 2479//2390 2395//224
f 1011//725 708//1135 1136//1904
f 2247//2179 2406//609 1669//608
f 2456//1346 1382//2105 2197//886
f 1437//48 2450//2402 920//573
f 1207//2244 342//2243 2363//1758
f 369//1966 1245//2554 794//81
f 296//1317 2524//1316 998//2555
f 569//2160 1787//2556 1612//2260
f 632//1435 245//1302 1718//1301
f 1297//2403 1152//2178 1620//2557
f 1987//2501 374//1262 626//705
f 2451//2558 1413//1767 587//2386
f 1384//2559 2579//2491 1250//1809
f 595//2266 684//964 2072//1329
f 1347//206 2660//2560 1592//2066
f 2118//1573 1874//2119 726//1830
f 1446//591 354//1786 432//1787
f 707//1134 1295//2561 2231//713
f 443//1886 353//1084 2576//2168
f 2669//387 86//2527 2493//388
f 1992//1154 1982//278 2234//315
f 1960//2562 910//2563 2488//2564
f 2516//2329 541//1672 175//2196
f 568//810 1985//789 1687//811
f 1436//1026 1660//1264 1512//1263
f 2042//2081 2//2080 2369//1376
f 2301//1208 674//1210 1819//1649
f 2040//741 2252//332 1078//2204
f 2366//2336 458//1528 2074//1527
f 843//1934 72//1318 2047//1764
f 519//801 1055//1284 253//1324
f 732//1549 2333//1388 317//2565
f 1812//2566 1948//1770 1716//1769
f 1618//922 1782//155 2462//648
f 1259//484 1218//486 747//124
f 1645//2263 1385//1434 239//1155
f 617//503 1465//1416 802//596
f 1893//412 1421//445 1380//1162
f 2573//675 2543//300 509//674
f 924//1304 478//1691 535//693
f 1789//1332 2382//86 200//2170
f 2202//352 694//874 1335//439
f 669//1704 833//1705 1496//2186
f 1587//323 1394//2258 1643//1126
f 1885//1729 2052//1728 2010//2412
f 1066//992 2451//2558 1944//744
f 2360//1408 2199//108 386//2567
f 144//2362 2244//1956 203//1425
f 1202//984 2060//983 27//2568
f 1018//2090 937//2569 385//2091
f 2579//2491 1518//2465 1250//1809
f 2049//1521 272//1520 1159//1295
f 1803//855 2101//890 1391//1958
f 205//2287 1883//2289 2267//297
f 1816//1979 1655//140 1920//1744
f 2221//653 56//639 40//1283
f 1093//1019 1102//478 35//216
f 1695//1531 759//517 824//516
f 2517//1603 964//1342 1886//1341
f 479//1129 1275//925 276//427
f 982//2517 135//2005 1043//2004
f 1330//1370 2091//1730 1336//960
f 760//2345 1544//2348 1620//2557
f 1310//2570 906//914 2211//2512
f 2296//2296 495//1097 2416//1973
f 824//516 174//663 752//895
f 1212//1575 1781//2571 2068//2300
f 2058//2269 1445//2123 1439//1630
f 2354//931 1522//2208 1536//930
f 685//1838 1378//429 96//202
f 1065//1383 1110//2264 1392//847
f 1409//2358 972//2422 286//1759
f 2417//117 1988//2076 2604//1673
f 2601//1909 887//2439 1995//1739
f 2428//222 917//1243 1354//717
f 2298//2572 2079//2573 1417//1778
f 491//590 2272//773 798//588
f 2222//2177 55//2510 2565//2063
f 1589//1840 1197//2574 1561//1586
f 1004//2519 2151//570 1729//1503
f 1013//1949 1359//979 1591//978
f 418//2351 1571//2308 1124//1309
f 2191//2311 2137//75 1033//74
f 734//1436 1064//2538 2227//2575
f 704//2070 1315//2069 1940//2576
f 1528//2577 2445//2037 1177//2446
f 791//777 607//776 1879//505
f 936//944 506//943 865//236
f 509//674 2543//300 1092//299
f 449//2255 195//623 1705//625
f 874//245 2350//807 556//243
f 2531//2273 2477//1156 612//2274
f 770//2508 260//1922 236//844
f 1485//941 1238//523 812//187
f 1865//2578 1800//1407 1328//1409
f 444//1957 246//1865 2493//388
f 2211//2512 906//914 1889//2364
f 1213//2154 693//2018 206//2579
f 856//1844 1875//1845 2570//1936
f 1589//1840 1144//2580 1197//2574
f 2643//2581 1189//1056 1115//1058
f 1581//2239 1830//347 1008//1366
f 2656//2034 1817//2463 709//2309
f 1522//2208 2354//931 1366//1265
f 398//2462 1763//905 147//2534
f 1105//1504 176//544 1876//2051
f 999//688 2639//1604 1288//122
f 1538//2343 2279//1478 2263//2017
f 388//2338 1774//2302 2379//173
f 382//2176 1129//1588 480//1686
f 240//1944 599//2001 1715//2000
f 1821//2350 969//2065 2053//2191
f 235//578 2585//580 2095//1774
f 709//2309 1608//2582 2043//2310
f 996//2053 2235//794 801//1785
f 1233//1334 2084//1618 1929//998
f 1164//1150 1572//2171 2126//1151
f 351//1487 310//1606 309//1279
f 847//764 2291//1281 1338//451
f 1322//1125 2069//1127 1069//2174
f 1517//1598 1858//149 786//1371
f 1126//6 1231//5 2455//869
f 957//1113 582//1041 1861//1040
f 181//595 867//102 2599//101
f 1118//698 1748//1781 636//699
f 1310//2570 139//2355 2044//2583
f 1832//1450 1774//2302 910//2563
f 119//2584 1656//1057 2500//2585
f 1513//2535 1712//1804 30//2586
f 1077//929 2080//1791 1148//170
f 1779//735 982//2517 2439//2587
f 1723//1386 2088//1306 1183//793
f 33//1668 263//1426 1143//1580
f 886//2366 2339//711 1520//530
f 1542//2199 1541//1229 1229//2588
f 1810//864 1986//863 1498//1619
f 779//1709 308//1186 55//2510
f 47//1420 2555//2217 733//2347
f 647//1805 1214//1900 1038//1311
f 1941//255 978//2086 2324//150
f 1930//2299 1823//2298 871//2542
f 1833//2087 576//509 691//511
f 2545//1080 2342//1082 1100//2385
f 1530//2192 1224//2589 1337//1459
f 1566//1047 1343//2293 1997//1554
f 1247//1997 435//1789 1324//385
f 452//293 330//485 974//501
f 1294//1544 1480//1655 2550//2124
f 525//1292 1340//1360 1361//1361
f 215//2456 1021//2331 2124//2288
f 69//2486 1071//1669 1291//1948
f 1605//947 1969//577 50//193
f 739//1112 2025//1921 1990//2553
f 739//1112 1990//2553 957//1113
f 2216//2227 895//1501 1812//2566
f 458//1528 1949//2162 1889//2364
f 1489//2590 25//1754 1690//2591
f 2025//1921 996//2053 801//1785
f 1623//1418 1187//2198 88//1419
f 704//2070 1940//2576 2228//1932
f 765//176 1208//1271 1757//177
f 328//2027 2474//2026 1738//1818
f 1626//2117 2248//1646 404//1645
f 1646//3 10//4 8//17
f 1874//2119 1475//2592 1428//2120
f 1485//941 1059//186 853//524
f 592//2327 922//619 2420//1422
f 1197//2574 1713//2435 1574//1587
f 2554//2434 1883//2289 1442//2118
f 385//2091 2298//2572 832//2532
f 775//2335 2488//2564 1132//2428
f 1354//717 103//223 2428//222
f 397//1555 512//2415 2364//1556
f 1280//2333 2156//2270 630//2031
f 1964//2134 2329//2133 1474//1780
f 1332//2413 1964//2134 1474//1780
f 2053//2191 1374//2306 409//2349
f 937//2569 1229//2588 385//2091
f 1789//1332 810//749 327//87
f 312//1611 309//1279 310//1606
f 615//1628 1528//2577 1096//1810
f 674//1210 593//1581 67//599
f 676//1485 2484//2450 1640//1486
f 2634//1565 2451//2558 1894//2225
f 426//2316 1998//2145 1935//2317
f 434//85 1282//1697 2454//460
f 1899//2436 136//2374 1600//2593
f 1769//1467 1593//308 2540//2150
f 1867//2417 248//2594 391//2595
f 2005//2416 981//1199 767//1198
f 982//2517 1779//735 1220//2409
f 1204//436 686//942 936//944
f 1652//656 2035//2596 2613//1379
f 2536//1248 2273//220 329//2115
f 629//2061 1917//576 1582//444
f 1536//930 400//2496 2505//1839
f 659//2597 1261//2342 857//104
f 2615//2598 395//2483 2437//1821
f 1707//2599 1163//2600 1006//2460
f 692//2028 328//2027 379//1947
f 1516//1942 1717//1411 1882//1413
f 650//679 1579//712 2611//2601
f 2312//1963 1807//71 1420//2267
f 733//2347 2610//1474 731//1893
f 1795//1777 86//2527 2085//2602
f 310//1606 1968//1605 2042//2081
f 228//2332 409//2349 1374//2306
f 945//647 1090//646 1184//26
f 1227//1227 1541//1229 1542//2199
f 1458//1526 450//2457 1580//1109
f 2039//2073 450//2457 878//2074
f 544//909 1670//1732 2355//2603
f 2602//2489 1285//2604 2671//969
f 2421//876 838//2442 1673//2107
f 790//937 486//1090 42//136
f 1674//1079 1688//369 811//2546
f 259//114 762//113 2487//399
f 2224//1221 1472//1223 1362//2431
f 1507//621 639//1907 976//93
f 654//1397 2479//2390 500//226
f 2324//150 1858//149 352//1078
f 995//697 636//699 1761//2284
f 467//295 2548//1266 1457//2480
f 799//2254 663//1242 2562//1644
f 1925//2469 1319//1495 1125//1727
f 850//64 1063//120 712//2048
f 2496//18 2499//1152 2392//1988
f 2421//876 1673//2107 2031//1592
f 1097//2443 808//1625 1766//1567
f 1780//799 2504//951 673//950
f 1638//2502 2570//1936 1606//1935
f 975//1355 2607//2201 1562//2605
f 196//2008 1495//2235 2564//2389
f 39//2285 897//2340 938//1470
f 1245//2554 2532//1184 1276//1183
f 1095//238 1438//240 2133//2341
f 2048//1347 2197//886 1957//885
f 2611//2601 844//1200 1504//1104
f 8//17 3//2606 2//2080
f 1162//2421 1680//307 633//2454
f 729//988 549//991 2508//989
f 654//1397 2372//221 103//223
f 1041//2304 1157//331 902//2131
f 1307//1595 268//1596 542//1962
f 1140//2224 1292//2223 909//2607
f 708//1135 1631//1137 844//1200
f 1246//2280 1009//2518 308//1186
f 1728//2238 858//1327 1492//1173
f 1155//1211 178//1429 1635//1027
f 1140//2224 2011//2114 1303//1974
f 1706//650 1017//1387 816//651
f 2267//297 1883//2289 2554//2434
f 617//503 447//1350 1465//1416
f 248//2594 2022//2022 2311//2024
f 887//2439 2146//2205 1995//1739
f 2282//2440 998//2555 2524//1316
f 292//1941 170//1239 1237//841
f 2221//653 1478//301 56//639
f 973//1560 391//2595 2106//2110
f 967//823 297//822 1371//1832
f 762//113 1667//1755 1196//398
f 1907//2071 734//1436 632//1435
f 1561//1586 1197//2574 1574//1587
f 2322//425 985//1277 1616//160
f 82//1331 1116//1330 659//2597
f 1755//1696 2002//1766 1652//656
f 320//1509 740//848 2276//2111
f 2372//221 500//226 375//1384
f 1270//2295 574//701 2665//1538
f 1504//1104 164//1103 650//679
f 350//1834 995//697 1761//2284
f 1738//1818 1781//2571 1212//1575
f 2103//123 2517//1603 1958//615
f 1396//1083 902//2131 2520//80
f 1356//1276 1658//1275 665//1373
f 551//50 1730//168 36//1219
f 2091//1730 2049//1521 843//1934
f 2650//418 1895//23 2640//25
f 1805//795 1381//1013 2449//1506
f 1979//1992 2530//2608 1068//95
f 2152//1799 589//90 2418//200
f 1144//2580 339//2609 1713//2435
f 1701//565 1534//1099 1947//184
f 53//2539 341//386 1353//1613
f 1815//1274 1717//1411 984//1272
f 1538//2343 1850//834 2138//2610
f 2567//1706 594//1899 1164//1150
f 2584//2144 46//880 384//879
f 2052//1728 2107//2146 2010//2412
f 559//2611 639//1907 680//1415
f 339//2609 2216//2227 1812//2566
f 592//2327 896//1808 2337//1713
f 2449//1506 165//2612 1805//795
f 665//1373 1658//1275 81//1442
f 2043//2310 1608//2582 2070//1251
f 754//380 1678//2189 526//2613
f 2534//1273 510//1883 1224//2589
f 105//2404 2516//2329 581//1368
f 210//1270 1907//2071 1913//1857
f 1482//2461 475//1148 1977//1855
f 2057//107 2368//866 2030//1615
f 782//1833 722//1525 570//2033
f 82//1331 659//2597 299//1920
f 1761//2284 255//2515 39//2285
f 1916//2614 2572//2032 403//1882
f 2324//150 352//1078 2659//2339
f 1652//656 2613//1379 2652//657
f 319//564 1677//1447 1627//1100
f 1980//2281 1702//1493 1319//1495
f 1376//2044 953//2252 159//1232
f 401//2365 1399//2060 1142//2275
f 423//628 989//1961 1457//2480
f 2380//1913 1178//1599 2302//1912
f 377//2615 1741//2262 1877//1813
f 808//1625 542//1962 662//1626
f 2472//2509 1525//1751 1928//1065
f 2238//367 1338//451 1973//752
f 1828//1250 2043//2310 2070//1251
f 1840//2312 1683//1634 304//1363
f 1539//2616 1945//1500 1511//1499
f 191//2272 1668//1424 2481//1423
f 1568//1664 959//775 2084//1618
f 1670//1732 544//909 249//2617
f 2444//2529 888//2522 2073//2618
f 653//1473 607//776 959//775
f 1826//1180 505//1179 2155//1733
f 1272//853 390//2619 1311//851
f 1825//783 1259//484 747//124
f 1837//2337 823//1946 1869//2449
f 553//1987 1130//1978 810//749
f 1273//2248 1321//1981 2539//1983
f 354//1786 1609//902 532//903
f 467//295 2459//2021 2548//1266
f 1428//2120 1722//1437 1293//2494
f 516//2543 1760//2620 869//2621
f 2101//890 1012//854 1871//1529
f 27//2568 2007//884 1202//984
f 1073//2524 708//1135 844//1200
f 1754//2376 2256//1185 736//2375
f 1371//1832 651//1843 316//246
f 394//1161 887//2439 2601//1909
f 1543//2622 2087//1984 2532//1184
f 2045//2072 2473//2481 1862//2242
f 2343//1352 1926//1094 1923//1353
f 1129//1588 2224//1221 480//1686
f 970//809 2295//302 1478//301
f 1687//811 481//1038 2496//18
f 2146//2205 460//1454 1045//2206
f 1444//2084 2643//2581 306//2078
f 1096//1810 1772//1629 615//1628
f 1911//1924 630//2031 565//1925
f 653//1473 959//775 1568//1664
f 129//620 639//1907 1507//621
f 1686//870 2455//869 1302//1657
f 1798//1533 200//2170 2382//86
f 2179//1812 1382//2105 1234//2623
f 2526//2426 1525//1751 2472//2509
f 1902//2452 258//2050 1460//2453
f 731//1893 1150//1476 1486//1894
f 1127//2012 2620//768 1001//767
f 1662//833 2027//2185 2618//2525
f 596//797 1780//799 1062//2357
f 61//1406 1898//1439 2483//710
f 2188//2448 1214//1900 647//1805
f 2561//1006 507//28 1721//708
f 1538//2343 2398//1692 1736//824
f 130//2624 921//2039 249//2617
f 952//900 354//1786 532//903
f 449//2255 307//1927 2286//2432
f 1334//1671 745//1091 703//894
f 1602//2625 1887//1464 2205//1863
f 579//1675 1643//1126 1322//1125
f 1306//1252 2070//1251 1253//401
f 2070//1251 1608//2582 30//2586
f 1762//1851 1304//1853 1796//1756
f 1770//1537 247//2444 260//1922
f 2069//1127 1643//1126 1147//2257
f 124//550 1409//2358 2393//2286
f 2546//2492 1345//1806 1778//1757
f 279//2015 1824//1176 1739//1177
f 2236//959 1863//958 2125//1344
f 531//1530 2277//395 71//394
f 1452//2396 271//888 126//887
f 1097//2443 1766//1567 1401//1918
f 2098//2419 2367//2393 700//2536
f 419//1182 1967//1897 1240//1181
f 1069//2174 2069//1127 396//2175
f 2197//886 1648//1390 2007//884
f 1436//1026 1849//990 2595//939
f 506//943 2287//1089 865//236
f 1985//789 2207//1070 977//904
f 750//1398 103//223 966//2323
f 1570//2391 2364//1556 512//2415
f 1057//2200 1417//1778 2607//2201
f 379//1947 328//2027 1978//2023
f 744//995 1909//1989 2140//2140
f 1902//2452 696//1765 258//2050
f 1369//594 2336//1421 181//595
f 2021//158 1751//474 1479//1871
f 915//1345 2125//1344 1587//323
f 2161//289 952//900 532//903
f 589//90 591//1498 1269//1746
f 255//2515 1384//2559 897//2340
f 1280//2333 1600//2593 2156//2270
f 551//50 36//1219 1281//972
f 772//1583 1878//2305 2213//1584
f 338//1222 1600//2593 1280//2333
f 2665//1538 1770//1537 260//1922
f 1776//1930 488//2406 2190//2530
f 165//2612 2513//2626 2450//2402
f 2378//434 685//1838 1007//1837
f 144//2362 1500//966 1845//965
f 1878//2305 1919//1166 122//731
f 2300//1923 778//1689 820//2627
f 626//705 928//1731 821//706
f 818//2420 1162//2421 368//1195
f 942//852 1086//2628 1296//1823
f 1013//1949 754//380 1359//979
f 237//2313 1097//2443 826//1869
f 826//1869 1097//2443 1401//1918
f 2481//1423 922//619 1507//621
f 1817//2463 1513//2535 709//2309
f 2424//2046 1352//742 2500//2585
f 998//2555 1263//2216 296//1317
f 2640//25 2313//24 2309//142
f 2035//2596 1834//250 787//1969
f 2143//1952 956//2395 2133//2341
f 2113//861 1942//1955 1502//2367
f 1673//2107 838//2442 2317//2108
f 1247//1997 1211//1999 435//1789
f 610//1708 2412//2392 2141//2629
f 2236//959 915//1345 860//1463
f 1442//2118 1563//2098 1329//2433
f 1487//2082 1460//2453 608//2479
f 1331//2526 2226//2278 546//59
f 592//2327 2337//1713 2078//622
f 2120//2423 1843//2383 2173//2493
f 1985//789 602//791 1219//1069
f 2507//2116 926//2112 1491//1714
f 2357//770 914//2630 2335//2397
f 516//2543 2261//1938 606//1937
f 211//1563 1403//901 2161//289
f 2298//2572 1417//1778 59//2531
f 2439//2587 982//2517 1043//2004
f 2362//1717 2211//2512 1138//2161
f 1436//1026 1512//1263 2187//209
f 1226//1687 778//1689 247//2444
f 1855//1159 394//1161 2473//2481
f 1186//1612 267//2057 1351//877
f 1353//1613 2493//388 111//1614
f 436//2511 1916//2614 1434//1015
f 2397//1542 701//2220 197//1428
f 1570//2391 462//2631 2412//2392
f 1365//926 198//432 52//1215
f 2622//1715 2362//1717 611//2346
f 2135//2232 340//1462 1085//2230
f 2135//2232 2236//959 340//1462
f 1214//1900 1346//1312 1038//1311
f 2367//2393 2615//2598 2437//1821
f 437//2466 216//2100 1760//2620
f 1099//1623 831//1048 1356//1276
f 1986//863 215//2456 205//2287
f 1940//2576 2401//778 2558//2240
f 1229//2588 2298//2572 385//2091
f 903//957 2236//959 2135//2232
f 738//2318 1935//2317 1964//2134
f 236//844 989//1961 1501//845
f 349//1381 89//974 1884//1075
f 1045//2206 818//2420 932//1522
f 1011//725 26//727 637//1136
f 2506//1622 2626//1674 1970//1621
f 2010//2412 1998//2145 2280//2499
f 2668//2632 1017//1387 2333//1388
f 1062//2357 1780//799 2073//2618
f 978//2086 2596//763 1903//148
f 2125//1344 59//2531 2086//1354
f 1577//1547 929//1546 325//2360
f 1688//369 1674//1079 1517//1598
f 1620//2557 525//1292 1297//2403
f 1572//2171 238//2330 215//2456
f 2672//2387 1545//58 150//57
f 2597//1076 2672//2387 150//57
f 1497//1122 1103//171 2314//1682
f 1752//2498 377//2615 2182//921
f 2210//1910 1358//1738 2115//933
f 2489//1790 543//1169 2282//2440
f 256//56 2662//2633 919//766
f 2406//609 1152//2178 2108//1737
f 2410//1719 1256//1802 1268//2157
f 1897//335 2488//2564 775//2335
f 350//1834 1761//2284 1794//1835
f 4//1748 5//2634 7//10
f 1277//1194 2193//1196 2190//2530
f 2409//1994 126//887 217//2141
f 2250//1735 298//2291 1916//2614
f 2203//1703 1698//1280 2476//562
f 1472//1223 1280//2333 1341//2334
f 2410//1719 1268//2157 490//1351
f 153//1378 1799//2373 1373//2382
f 1847//796 1437//48 2344//1536
f 250//465 794//81 2520//80
f 1179//1213 794//81 250//465
f 2549//1954 591//1498 956//2395
f 2497//1261 2159//2635 374//1262
f 1556//1068 1590//1660 2552//2113
f 1773//891 531//1530 43//1157
f 2543//300 2573//675 1555//1881
f 2546//2492 1304//1853 1747//624
f 2195//2516 2592//2636 1112//787
f 1420//2267 1807//71 1626//2117
f 907//448 1865//2578 1991//2188
f 247//2444 778//1689 2300//1923
f 1668//1424 2058//2269 2420//1422
f 799//2254 2564//2389 663//1242
f 1854//189 1010//188 710//1214
f 1708//1911 1072//819 1273//2248
f 2631//1035 1632//2297 644//1570
f 118//115 259//114 37//2475
f 774//423 566//442 2419//424
f 2522//109 2353//2361 908//2482
f 597//655 2652//657 2609//2184
f 2193//1196 368//1195 633//2454
f 1912//640 528//893 1661//636
f 521//1145 69//2486 1291//1948
f 2460//1977 1448//2540 797//2143
f 1387//408 1390//481 2122//1226
f 121//748 891//1986 810//749
f 2416//1973 495//1097 1303//1974
f 589//90 1269//1746 2418//200
f 2219//660 31//667 515//669
f 2281//2210 2379//173 2654//172
f 1946//430 1378//429 685//1838
f 730//1807 1100//2385 997//1797
f 223//2166 2544//2378 771//2129
f 2170//1427 263//1426 33//1668
f 1181//1734 1828//1250 2266//2096
f 2036//2637 1171//2429 1051//1178
f 2538//1364 2429//2438 360//604
f 1837//2337 2399//1749 692//2028
f 30//2586 1712//1804 1023//1468
f 974//501 360//604 879//502
f 1000//126 1048//125 2486//129
f 2139//1864 1550//2030 1343//2293
f 1097//2443 105//2404 808//1625
f 2105//2067 1451//1293 1833//2087
f 2026//2638 1081//2036 2131//2639
f 1226//1687 1487//2082 1629//1688
f 53//2539 1353//1613 1186//1612
f 696//1765 72//1318 1173//2049
f 1514//1841 1829//2472 1422//1842
f 487//1760 2531//2273 599//2001
f 1461//1548 983//534 704//2070
f 2130//1441 1158//772 1340//1360
f 193//2231 903//957 2135//2232
f 1450//2283 2233//961 2512//2470
f 2442//1077 827//700 44//397
f 2449//1506 403//1882 773//2505
f 1767//1081 107//1825 356//1417
f 2061//1985 913//1087 1920//1744
f 1861//1040 230//2097 1848//2265
f 1409//2358 286//1759 2393//2286
f 1246//2280 2565//2063 1009//2518
f 1471//510 2565//2063 1246//2280
f 1930//2299 1565//2359 929//1546
f 2582//512 2303//2640 2004//20
f 1554//2056 2426//1535 1111//2054
f 485//928 2075//1289 949//1288
f 1690//2591 2440//632 1489//2590
f 987//1796 1240//1181 1967//1897
f 718//1771 341//386 53//2539
f 2491//2488 1846//334 1890//2551
f 2190//2530 2193//1196 1363//2641
f 1891//156 809//1589 2580//121
f 809//1589 499//241 2580//121
f 1831//2167 623//532 664//913
f 2060//983 2648//985 669//1704
f 2110//322 1137//2099 1829//2472
f 1458//1526 458//1528 2134//2401
f 715//971 866//342 2270//92
f 1894//2225 1859//1637 2249//1235
f 1051//1178 315//2430 1519//2504
f 2269//51 551//50 1868//723
f 1383//1278 1273//2248 351//1487
f 1740//665 949//1288 476//666
f 1153//2187 2162//755 2308//1850
f 2012//2261 1612//2260 1205//1358
f 2662//2633 256//56 2583//1328
f 232//736 721//1389 223//2166
f 1548//2384 1079//1085 2545//1080
f 805//2102 635//1652 887//2439
f 2116//1656 1480//1655 2176//2547
f 1473//1401 2121//1650 2242//1402
f 891//1986 2173//2493 553//1987
f 1131//1950 876//722 523//1951
f 947//816 231//378 2377//1032
f 1940//2576 1315//2069 1299//2537
f 1572//2171 2519//2173 238//2330
f 1260//1430 859//1431 94//1601
f 2544//2378 1272//853 1521//2379
f 1341//2334 1911//1924 2159//2635
f 354//1786 1446//591 1609//902
f 1580//1109 450//2457 2039//2073
f 919//766 2662//2633 1001//767
f 1462//696 270//2221 909//2607
f 1492//1173 858//1327 1604//1174
f 1071//1669 1296//1823 1086//2628
f 1610//1412 1717//1411 1815//1274
f 535//693 470//692 671//849
f 631//2544 2591//2467 437//2466
f 419//1182 866//342 715//971
f 2367//2393 2437//1821 700//2536
f 1927//441 1156//1231 1484//1972
f 2160//1189 2258//1681 2452//1792
f 2563//2088 1091//2324 1443//820
f 1914//2138 111//1614 2427//1827
f 1945//1500 86//2527 1948//1770
f 536//948 1255//949 2330//218
f 2302//1912 2297//294 2523//898
f 1541//1229 854//1228 2079//2573
f 2351//2025 2515//1205 1664//2507
f 2401//778 1615//780 1679//105
f 608//2479 1460//2453 467//295
f 553//1987 738//2318 1332//2413
f 2485//1257 1576//1772 1586//1256
f 2385//1701 2511//605 1167//2137
f 2320//1290 2471//2163 2074//1527
f 537//2388 347//1726 663//1242
f 2003//2055 60//610 127//881
f 1241//1579 184//84 2302//1912
f 2218//815 1850//834 1736//824
f 2628//466 250//465 902//2131
f 1349//147 1596//1607 1028//2282
f 1082//2642 2044//2583 2352//2354
f 2387//204 2377//1032 1621//205
f 482//2643 1743//1824 2495//2303
f 339//2609 1812//2566 1716//1769
f 384//879 697//1593 928//1731
f 2350//807 1734//1071 1049//808
f 2400//1788 1591//978 2384//383
f 209//999 376//207 2219//660
f 2055//554 2341//986 2097//555
f 1629//1688 1487//2082 608//2479
f 268//1596 1330//1370 1336//960
f 1703//1093 1661//636 703//894
f 2467//575 1594//230 683//438
f 394//1161 805//2102 887//2439
f 37//2475 2269//51 1083//2476
f 2066//1141 886//2366 1520//530
f 2268//1872 1506//2644 1647//1874
f 593//1581 674//1210 743//1209
f 2227//2575 1064//2538 2036//2637
f 1460//2453 2265//296 467//295
f 1633//1795 191//2272 406//1385
f 1083//2476 431//253 366//252
f 2501//1461 1808//1460 1792//2101
f 2586//192 2051//63 1605//947
f 183//728 1868//723 551//50
f 1244//862 1149//215 2404//217
f 2562//1644 1961//1241 259//114
f 1839//321 2086//1354 2158//1356
f 184//84 2415//213 434//85
f 1742//235 936//944 865//236
f 1325//1394 236//844 21//843
f 2607//2201 1539//2616 1562//2605
f 190//396 1855//1159 2473//2481
f 140//359 955//358 1659//617
f 2127//1116 1002//1811 1602//2625
f 2217//2292 2139//1864 1343//2293
f 196//2008 2319//2007 1459//1063
f 970//809 1884//1075 2295//302
f 1952//1303 921//2039 1835//2104
f 1468//1458 2071//1457 1316//2549
f 631//2544 207//1491 2591//2467
f 2079//2573 688//1776 1417//1778
f 1629//1688 608//2479 820//2627
f 829//214 2415//213 1053//1445
f 1466//1259 829//214 1053//1445
f 2209//1207 2655//758 2361//1011
f 78//2122 1041//2304 2359//1010
f 572//740 2268//1872 1647//1874
f 57//779 2364//1556 1570//2391
f 305//1779 2260//1964 901//488
f 944//164 45//2506 1445//2123
f 888//2522 2637//2645 2073//2618
f 1554//2056 1198//1990 2426//1535
f 1215//1395 317//2565 792//2646
f 1954//2464 522//1858 65//1455
f 1574//1587 338//1222 2224//1221
f 834//1661 1590//1660 358//60
f 670//1741 905//2259 725//2169
f 1065//1383 1256//1802 2410//1719
f 47//1420 88//1419 2278//1475
f 1955//1836 851//8 1497//1122
f 851//8 485//928 1497//1122
f 374//1262 2192//1712 626//705
f 2429//2438 1642//181 1407//161
f 2249//1235 1859//1637 2463//1236
f 1265//1722 590//79 954//2377
f 1131//1950 2400//1788 435//1789
f 2490//681 1942//1955 2113//861
f 2315//1980 2143//1952 2133//2341
f 727//1218 1806//1217 2059//1695
f 962//247 845//1246 1317//248
f 1412//1269 2299//1268 1869//2449
f 1196//398 1456//2011 2625//1879
f 2168//882 2316//1736 2612//1014
f 1817//2463 147//2534 1513//2535
f 145//2410 590//79 1265//1722
f 803//2197 2407//476 2386//1018
f 1948//1770 86//2527 2669//387
f 763//600 1801//135 1395//601
f 1837//2337 2299//1268 2399//1749
f 846//560 529//76 2137//75
f 1570//2391 512//2415 462//2631
f 1978//2023 521//1145 379//1947
f 2327//1643 2625//1879 1127//2012
f 2485//1257 2100//2193 1576//1772
f 820//2627 608//2479 1962//2301
f 196//2008 993//2253 705//2006
f 1700//563 2018//556 1133//558
f 1339//1902 1711//1153 2376//317
f 1654//443 629//2061 1582//444
f 658//2647 2147//2314 1503//2478
f 326//1680 753//975 2089//977
f 2067//2523 923//400 90//402
f 39//2285 255//2515 897//2340
f 2599//101 1648//1390 1369//594
f 1603//1192 1041//2304 902//2131
f 2628//466 902//2131 1157//331
f 1175//2648 2030//1615 2574//1878
f 2614//1133 370//1095 288//46
f 2316//1736 2168//882 2406//609
f 540//1895 1486//1894 193//2231
f 1875//1845 1107//1561 720//2514
f 1146//2245 1707//2599 1006//2460
f 1146//2245 2431//2209 1707//2599
f 363//1285 261//2040 1823//2298
f 903//957 1486//1894 128//2092
f 2299//1268 474//1267 2399//1749
f 1746//1854 1146//2245 1977//1855
f 2160//1189 1904//1667 728//1190
f 59//2531 1057//2200 2086//1354
f 2049//1521 1783//2190 843//1934
f 1401//1918 1766//1567 1983//1254
f 1160//774 114//883 1158//772
f 2007//884 2257//1391 1202//984
f 2039//2073 1578//1110 1580//1109
f 1843//2383 2280//2499 2173//2493
f 424//602 526//2613 1678//2189
f 1893//412 1380//1162 2041//411
f 2123//2320 1469//2159 1890//2551
f 2566//1847 142//1002 1607//2047
f 1666//916 1650//915 536//948
f 80//635 1000//126 2037//633
f 2362//1717 1406//1716 2352//2354
f 2242//1402 784//70 1619//69
f 664//913 623//532 684//964
f 2121//1650 2590//598 868//2487
f 1467//2649 614//1107 2505//1839
f 211//1563 387//162 777//1511
f 452//293 2438//542 68//153
f 979//2042 1601//500 1908//1917
f 1797//1518 2371//1702 1178//1599
f 2406//609 2108//1737 2316//1736
f 2231//713 2138//2610 1850//834
f 1709//49 1529//574 1366//1265
f 696//1765 1902//2452 1790//1300
f 2626//1674 2604//1673 2587//2650
f 2425//1020 331//1037 1175//2648
f 1509//1514 315//2430 1171//2429
f 1494//78 1870//1106 2581//612
f 601//1534 1870//1106 1494//78
f 2549//1954 956//2395 2143//1952
f 997//1797 1999//1798 114//883
f 1458//1526 1580//1109 1499//2328
f 773//2505 1349//147 2034//146
f 1990//2553 200//2170 1798//1533
f 2355//2603 923//400 2067//2523
f 2566//1847 2424//2046 1424//1848
f 2109//2471 988//1970 2123//2320
f 1355//1609 610//1708 1723//1386
f 2191//2311 2315//1980 2133//2341
f 960//1773 949//1288 1740//665
f 1737//228 1362//2431 2497//1261
f 273//2277 358//60 546//59
f 1479//1871 1646//3 2207//1070
f 1133//558 1804//557 89//974
f 2162//755 1139//1072 2308//1850
f 2150//1817 328//2027 1738//1818
f 1204//436 1714//1831 686//942
f 2477//1156 677//1516 929//1546
f 270//2221 1140//2224 909//2607
f 347//1726 537//2388 2374//1034
f 1087//1971 2109//2471 2281//2210
f 390//2619 2544//2378 223//2166
f 1256//1802 2165//1508 1268//2157
f 1715//2000 1442//2118 1021//2331
f 2447//2229 1216//1915 1908//1917
f 559//2611 1931//1562 976//93
f 2431//2209 1522//2208 1707//2599
f 2008//1578 2371//1702 1797//1518
f 967//823 1371//1832 679//1513
f 1382//2105 1369//594 1648//1390
f 2232//1175 216//2100 1792//2101
f 265//1801 2503//1800 1005//91
f 1909//1989 1082//2642 2140//2140
f 1594//230 202//212 683//438
f 2175//461 1584//835 2423//618
f 513//733 2365//734 2651//2194
f 1432//1574 2311//2024 2150//1817
f 2093//1870 123//1919 2062//800
f 2029//2356 1983//1254 58//1253
f 1811//1908 394//1161 2601//1909
f 1922//249 1402//759 2209//1207
f 2297//294 943//1193 1218//486
f 1092//299 1526//2405 627//1224
f 1367//2459 628//2418 2402//606
f 2547//1532 2361//1011 486//1090
f 391//2595 248//2594 2537//2520
f 1787//2556 714//2371 1612//2260
f 2093//1870 826//1869 123//1919
f 2099//1677 2507//2116 329//2115
f 1431//1540 248//2594 2311//2024
f 620//1102 2014//1965 2578//15
f 2271//320 1027//2445 2305//318
f 2000//1699 1000//126 80//635
f 2534//1273 1224//2589 1530//2192
f 1271//987 2405//1432 729//988
f 488//2406 2498//934 2190//2530
f 2040//741 572//740 1179//1213
f 1747//624 1788//1852 2667//539
f 1976//2484 1182//2214 389//1641
f 2649//1294 2670//2068 2357//770
f 1338//451 2262//453 1973//752
f 1108//1889 911//1108 798//588
f 299//1920 659//2597 503//2052
f 750//1398 407//2528 1585//1399
f 1771//1492 326//1680 1290//1829
f 2225//1670 2170//1427 33//1668
f 1987//2501 626//705 453//2485
f 1664//2507 2439//2587 1109//2500
f 1211//1999 598//1515 1005//91
f 2604//1673 1988//2076 119//2584
f 2048//1347 1957//885 2308//1850
f 813//2414 1980//2281 1319//1495
f 1743//1824 1781//2571 107//1825
f 1109//2500 2439//2587 2253//2651
f 1575//614 1886//1341 1318//130
f 1723//1386 610//1708 1684//2652
f 845//1246 1601//500 979//2042
f 1548//2384 730//1807 1553//589
f 1794//1835 39//2285 800//2319
f 2617//2368 1744//2541 1117//1247
f 2042//2081 2369//1376 312//1611
f 2179//1812 855//1396 917//1243
f 1543//2622 2411//769 2087//1984
f 1096//1810 1528//2577 1002//1811
f 1363//2641 2193//1196 633//2454
f 1835//2104 130//2624 1217//1642
f 502//1287 48//993 2480//1718
f 1289//1725 347//1726 1054//1033
f 2495//2303 2545//1080 2274//1086
f 2333//1388 1706//650 317//2565
f 1198//1990 1672//1638 1847//796
f 1317//248 2349//2043 1135//1524
f 2012//2261 1205//1358 613//1357
f 2372//221 375//1384 2336//1421
f 860//1463 579//1675 652//1763
f 975//1355 1562//2605 1137//2099
f 498//1639 2198//1640 1907//2071
f 2205//1863 2139//1864 2217//2292
f 1043//2004 2510//2003 2572//2032
f 1725//1410 1549//291 1575//614
f 2066//1141 1151//529 2240//1945
f 1653//2271 1716//1769 807//1976
f 259//114 2487//399 2562//1644
f 1394//2258 1587//323 2110//322
f 1574//1587 1713//2435 338//1222
f 2000//1699 295//899 777//1511
f 2641//1564 909//2607 1292//2223
f 2016//83 2297//294 2302//1912
f 1689//2372 1125//1727 586//2202
f 1993//954 1905//459 2214//458
f 2293//1244 43//1157 138//1245
f 2432//1666 2095//1774 1113//1775
f 2080//1791 2095//1774 2432//1666
f 2426//1535 601//1534 1494//78
f 1995//1739 1045//2206 932//1522
f 2150//1817 1212//1575 1432//1574
f 1162//2421 1644//2307 1680//307
f 1528//2577 2348//2653 1602//2625
f 106//2380 1589//1840 1561//1586
f 1694//382 2384//383 1359//979
f 703//894 336//232 1334//1671
f 1145//703 2665//1538 574//701
f 1546//254 1693//2654 941//1753
f 1440//2655 695//1898 1967//1897
f 680//1415 1950//729 559//2611
f 1030//2155 869//2621 2232//1175
f 778//1689 1629//1688 820//2627
f 1201//1001 34//72 785//1453
f 267//2057 111//1614 1914//2138
f 1410//159 795//1477 1295//2561
f 2098//2419 271//888 1452//2396
f 2343//1352 490//1351 1042//2156
f 927//1188 641//2533 1636//1710
f 1174//100 306//2078 861//2077
f 642//306 1769//1467 2453//1469
f 946//856 1803//855 498//1639
f 2050//1635 1851//2545 1984//1939
f 65//1455 522//1858 1035//1456
f 2593//1698 1556//1068 2408//1762
f 1974//2128 1819//1649 2121//1650
f 987//1796 695//1898 1645//2263
f 509//674 1092//299 627//1224
f 856//1844 1610//1412 1107//1561
f 1305//2290 298//2291 2250//1735
f 2631//1035 1872//1572 1054//1033
f 1733//2552 801//1785 200//2170
f 1602//2625 2348//2653 1887//1464
f 1663//680 164//1103 1726//1404
f 2163//1466 1702//1493 1980//2281
f 2598//1171 2309//142 1981//103
f 1239//637 1278//1092 1254//1036
f 2123//2320 2164//336 2109//2471
f 2150//1817 1978//2023 328//2027
f 768//1160 634//175 805//2102
f 598//1515 1288//122 2580//121
f 1793//132 1801//135 1802//134
f 1318//130 1793//132 1802//134
f 2349//2043 398//2462 1135//1524
f 1046//1365 1426//603 1840//2312
f 1338//451 786//1371 847//764
f 2427//1827 918//1826 1227//1227
f 288//46 881//45 131//1130
f 910//2563 1774//2302 1132//2428
f 2488//2564 910//2563 1132//2428
f 2348//2653 698//1465 1887//1464
f 541//1672 2516//2329 105//2404
f 710//1214 1010//188 1755//1696
f 542//1962 1714//1831 1204//436
f 78//2122 1078//2204 2252//332
f 585//2411 1134//2407 1044//996
f 2510//2003 2528//68 1349//147
f 1482//2461 2512//2470 2594//962
f 1187//2198 2427//1827 1227//1227
f 811//2546 1836//1993 1966//1073
f 1637//1849 1153//2187 2308//1850
f 1506//2644 1543//2622 369//1966
f 2276//2111 1500//966 281//2441
f 911//1108 1548//2384 1553//589
f 126//887 2001//889 969//2065
f 2375//1783 2205//1863 2217//2292
f 753//975 690//1502 2514//976
f 1163//2600 1529//574 2512//2470
f 2513//2626 1450//2283 2512//2470
f 2513//2626 2512//2470 1529//574
f 2237//1249 2536//1248 329//2115
f 727//1218 419//1182 36//1219
f 893//629 2435//765 77//1375
f 281//2441 2170//1427 1326//1147
f 1122//447 23//1624 1675//1819
f 2508//989 1036//1286 1271//987
f 1253//401 2081//2370 2540//2150
f 309//1279 2388//1658 1698//1280
f 149//227 1362//2431 1737//228
f 2304//832 2303//2640 2582//512
f 1502//2367 886//2366 2066//1141
f 809//1589 1365//926 52//1215
f 436//2511 2250//1735 1916//2614
f 2546//2492 2188//2448 1345//1806
f 2279//1478 2138//2610 795//1477
f 1590//1660 1491//1714 2552//2113
f 2635//2503 1781//2571 2474//2026
f 920//573 2513//2626 1529//574
f 2391//2062 1290//1829 1888//1890
f 2174//2474 1271//987 649//670
f 2474//2026 1781//2571 1738//1818
f 666//2381 2120//2423 121//748
f 1108//1889 1499//2328 911//1108
f 1109//2500 2351//2025 1664//2507
f 1945//1500 2085//2602 86//2527
f 1539//2616 2085//2602 1945//1500
f 2435//765 201//328 2346//1374
f 1233//1334 1568//1664 2084//1618
f 1063//120 1352//742 712//2048
f 399//1884 1996//2276 1284//2656
f 1164//1150 342//2243 2204//2172
f 1054//1033 1872//1572 2059//1695
f 2338//2019 1094//174 1400//2020
f 2253//2651 298//2291 1109//2500
f 1134//2407 2208//2158 1909//1989
f 2159//2635 1911//1924 930//1711
f 1068//95 2434//97 578//750
f 2352//2354 2140//2140 1082//2642
f 413//938 2600//940 1447//1216
f 1944//744 2413//746 1956//1594
f 1944//744 1956//1594 48//993
f 1819//1649 674//1210 67//599
f 1681//61 2178//1761 1303//1974
f 1154//1633 573//457 1905//459
f 1641//1651 2126//1151 215//2456
f 1662//833 2618//2525 2611//2601
f 2601//1909 1995//1739 1358//1738
f 1827//842 170//1239 1720//1238
f 1856//2109 1262//1510 320//1509
f 1372//1335 81//1442 1658//1275
f 2530//2608 1321//1981 1383//1278
f 1229//2588 2079//2573 2298//2572
f 1545//58 2096//2325 2583//1328
f 2443//1721 2015//340 1846//334
f 2311//2024 2646//1541 1431//1540
f 1436//1026 2595//939 1660//1264
f 210//1270 498//1639 1907//2071
f 1170//2458 2072//1329 1058//2149
f 1131//1950 1013//1949 1591//978
f 1708//1911 1312//1982 1621//205
f 1847//796 1672//1638 1381//1013
f 37//2475 1961//1241 1031//52
f 430//1308 418//2351 1124//1309
f 75//1164 2480//1718 1537//1163
f 123//1919 2029//2356 1055//1284
f 1839//321 2158//1356 2110//322
f 1955//1836 1503//2478 1180//1440
f 326//1680 2089//977 1888//1890
f 11//22 1933//19 7//10
f 1386//756 2162//755 1496//2186
f 1565//2359 871//2542 1842//1392
f 383//1914 771//2129 1309//2548
f 984//1272 510//1883 2534//1273
f 1922//249 2209//1207 2589//649
f 1752//2498 1971//920 1286//141
f 573//457 572//740 2186//739
f 2167//726 386//2567 26//727
f 2141//2629 1925//2469 1125//1727
f 930//1711 2584//2144 384//879
f 1082//2642 1909//1989 422//641
f 2225//1670 69//2486 1326//1147
f 858//1327 1728//2238 1918//2045
f 2119//2344 2129//2237 1166//163
f 1267//2094 83//1340 2102//62
f 1866//871 561//873 1488//1484
f 1236//1608 1028//2282 1596//1607
f 1556//1068 2593//1698 1590//1660
f 2396//199 1690//2591 2418//200
f 1759//1616 2615//2598 2367//2393
f 1760//2620 631//2544 437//2466
f 578//750 1979//1992 1068//95
f 245//1302 1598//2038 1952//1303
f 1386//756 833//1705 1904//1667
f 2465//1576 2632//956 2627//955
f 132//179 716//303 1423//304
f 1298//1602 859//1431 779//1709
f 2212//872 401//2365 561//873
f 1064//2538 1171//2429 2036//2637
f 2575//1996 1210//2326 2409//1994
f 733//2347 731//1893 1399//2060
f 2183//242 2657//1336 2185//89
f 2617//2368 660//1940 1744//2541
f 1528//2577 1177//2446 2348//2653
f 468//2064 2518//1172 1178//1599
f 386//2567 2167//726 1328//1409
f 2398//1692 1538//2343 2263//2017
f 2133//2341 956//2395 1095//238
f 391//2595 973//1560 2551//1146
f 1562//2605 1539//2616 1511//1499
f 2182//921 377//2615 1877//1813
f 1779//735 2220//737 520//2657
f 1877//1813 1248//1892 2182//921
f 940//2002 1563//2098 1442//2118
f 27//2568 2060//983 1637//1849
f 1563//2098 325//2360 1735//2658
f 403//1882 2510//2003 773//2505
f 667//2130 428//2041 2301//1208
f 1019//704 1820//782 1765//784
f 1986//863 205//2287 1498//1619
f 1119//1233 159//1232 1223//1793
f 426//2316 2280//2499 1998//2145
f 2280//2499 426//2316 2173//2493
f 2112//2659 1106//751 2642//368
f 1205//1358 1612//2260 714//2371
f 636//699 2579//2491 255//2515
f 2441//384 471//1998 1247//1997
f 2615//2598 1759//1616 1165//2093
f 1022//185 812//187 2054//968
f 2121//1650 868//2487 2242//1402
f 604//143 1260//1430 94//1601
f 1243//182 766//967 562//183
f 1113//1775 1904//1667 2432//1666
f 1762//1851 1851//2545 1203//2369
f 797//2143 1448//2540 46//880
f 2359//1010 1041//2304 1813//137
f 1921//1042 1794//1835 230//2097
f 869//2621 1030//2155 2261//1938
f 2313//24 2056//2029 604//143
f 2462//648 1782//155 2438//542
f 1311//851 1412//1269 1869//2449
f 1176//2550 1154//1633 576//509
f 953//2252 47//1420 733//2347
f 591//1498 2185//89 956//2395
f 2100//2193 2523//898 1185//292
f 865//236 2287//1089 1226//1687
f 1601//500 392//499 2447//2229
f 601//1534 2344//1536 2024//47
f 190//396 768//1160 1855//1159
f 272//1520 803//2197 2386//1018
f 1906//2424 1213//2154 2606//2425
f 867//102 181//595 2336//1421
f 1132//2428 1774//2302 388//2338
f 1950//729 1931//1562 559//2611
f 1128//1867 2319//2007 2241//2660
f 961//2408 54//196 2009//875
f 1325//1394 770//2508 236//844
f 1823//2298 678//2294 871//2542
f 526//2613 1691//1325 717//1566
f 527//2218 2373//803 990//2013
f 107//1825 2635//2503 2399//1749
f 599//2001 612//2274 940//2002
f 2278//1475 937//2569 1150//1476
f 2232//1175 1760//2620 216//2100
f 1661//636 1703//1093 1278//1092
f 1410//159 1295//2561 707//1134
f 2636//2400 2475//597 1263//2216
f 1417//1778 1795//1777 2607//2201
f 912//2661 1542//2199 1229//2588
f 249//2617 921//2039 1670//1732
f 892//1654 2116//1656 2312//1963
f 1956//1594 2413//746 981//1199
f 2125//1344 2086//1354 1839//321
f 497//868 1126//6 2455//869
f 2539//1983 1312//1982 1708//1911
f 903//957 128//2092 1863//958
f 395//2483 1122//447 1675//1819
f 115//1007 1700//563 1169//813
f 944//164 1728//2238 1492//1173
f 293//1846 2129//2237 804//1700
f 1499//2328 1580//1109 911//1108
f 1518//2465 1096//1810 1250//1809
f 1376//2044 2317//2108 953//2252
f 979//2042 1763//905 398//2462
f 1266//1551 1389//487 1583//1752
f 2113//861 711//258 1231//5
f 1567//477 2194//551 594//1899
f 211//1563 777//1511 295//899
f 2082//203 2161//289 2254//1694
f 992//2233 342//2243 1164//1150
f 51//2447 1004//2519 631//2544
f 462//2631 512//2415 813//2414
f 114//883 1026//1204 1158//772
f 1835//2104 921//2039 130//2624
f 1954//2464 1913//1857 522//1858
f 2196//910 1593//308 1680//307
f 2178//1761 358//60 2593//1698
f 760//2345 1172//2180 611//2346
f 1065//1383 757//846 1256//1802
f 857//104 2478//792 503//2052
f 365//2279 271//888 700//2536
f 1813//137 2361//1011 2359//1010
f 1037//1005 425//2399 2561//1006
f 2025//1921 801//1785 1733//2552
f 814//2241 2647//642 2189//2321
f 193//2231 1486//1894 903//957
f 1258//1928 848//1165 2621//538
f 223//2166 771//2129 383//1914
f 2172//1393 1270//2295 770//2508
f 2393//2286 286//1759 342//2243
f 2154//643 2356//1875 2044//2583
f 1324//385 2400//1788 2384//383
f 2635//2503 2474//2026 692//2028
f 2313//24 2650//418 736//2375
f 1704//2181 587//2386 600//1433
f 224//1647 605//1571 404//1645
f 1150//1476 1018//2090 1486//1894
f 497//868 312//1611 1429//1610
f 1128//1867 2241//2660 2096//2325
f 1896//1258 1053//1445 1287//1967
f 441//1202 2149//1444 2090//1632
f 1129//1588 1574//1587 2224//1221
f 1713//2435 339//2609 136//2374
f 1605//947 1047//1452 2038//66
f 2645//1887 1087//1971 569//2160
f 1726//1404 61//1406 1663//680
f 2356//1875 906//914 1310//2570
f 1757//177 1208//1271 65//1455
f 209//999 1900//1720 376//207
f 942//852 428//2041 1272//853
f 175//2196 361//1314 2407//476
f 2519//2173 240//1944 238//2330
f 2476//562 2388//1658 1302//1657
f 2513//2626 165//2612 1597//145
f 2017//2513 1059//186 1014//1968
f 208//1868 2093//1870 1409//2358
f 1787//2556 2046//298 714//2371
f 207//1491 1004//2519 1771//1492
f 1223//1793 2063//2215 401//2365
f 1290//1829 726//1830 1771//1492
f 191//2272 1194//1794 433//1906
f 307//1927 449//2255 1705//625
f 2061//1985 2271//320 913//1087
f 1579//712 2231//713 2611//2601
f 2061//1985 1027//2445 2271//320
f 1360//1568 2614//1133 916//1132
f 2387//204 1347//206 1592//2066
f 2357//770 2335//2397 2206//2398
f 1724//2662 2446//2663 1080//1380
f 413//938 1660//1264 2595//939
f 1329//2433 622//627 2629//626
f 1532//251 1834//250 2035//2596
f 1595//316 1956//1594 981//1199
f 1752//2498 2182//921 1971//920
f 1532//251 1104//190 1922//249
f 832//2532 59//2531 2125//1344
f 1284//2656 1808//1460 399//1884
f 1593//308 2067//2523 90//402
f 329//2115 2273//220 2099//1677
f 1684//2652 1689//2372 1003//1377
f 215//2456 2124//2288 205//2287
f 245//1302 2036//2637 1598//2038
f 2494//814 349//1381 931//812
f 450//2457 2134//2401 2094//1663
f 2178//1761 1681//61 358//60
f 544//909 2355//2603 2067//2523
f 1615//780 57//779 1943//1707
f 442//2226 2488//2564 1897//335
f 561//873 1142//2275 1085//2230
f 2068//2300 1475//2592 1874//2119
f 1875//1845 720//2514 482//2643
f 442//2226 1960//2562 2488//2564
f 2473//2481 394//1161 1811//1908
f 1215//1395 792//2646 2547//1532
f 2253//2651 2439//2587 2572//2032
f 136//2374 1653//2271 1600//2593
f 1145//703 1639//1101 1742//235
f 2300//1923 820//2627 1962//2301
f 1330//1370 333//1519 2091//1730
f 2553//219 511//1359 1060//1676
f 1707//2599 1529//574 1163//2600
f 124//550 2393//2286 2194//551
f 2429//2438 879//502 360//604
f 930//1711 565//1925 2584//2144
f 1781//2571 1743//1824 900//2521
f 1908//1917 429//1916 1649//906
f 2572//2032 2439//2587 1043//2004
f 2092//549 2194//551 1567//477
f 720//2514 1722//1437 1475//2592
f 526//2613 424//602 1395//601
f 2578//15 2014//1965 1357//1597
f 527//2218 1996//2276 399//1884
f 832//2532 2298//2572 59//2531
f 1242//867 1704//2181 600//1433
f 1208//1271 1954//2464 65//1455
f 2611//2601 1504//1104 650//679
f 1112//787 1621//205 2616//788
f 1121//1903 1464//1905 1991//2188
f 1596//1607 2528//68 1477//709
f 401//2365 1142//2275 561//873
f 951//2256 2090//1632 2502//1443
f 391//2595 2551//1146 1867//2417
f 1014//1968 441//1202 2017//2513
f 1871//1529 1773//891 2101//890
f 325//2360 1842//1392 21//843
f 1193//2089 634//175 768//1160
f 269//919 141//330 489//329
f 671//849 470//692 2422//357
f 1067//1170 2414//607 2402//606
f 2538//1364 360//604 1046//1365
f 1950//729 424//602 1678//2189
f 217//2141 1821//2350 409//2349
f 1346//1312 880//1901 2165//1508
f 2358//1648 881//45 682//2664
f 1723//1386 1684//2652 2088//1306
f 453//2485 199//2473 1119//1233
f 1030//2155 2463//1236 378//1636
f 1300//2665 1213//2154 206//2579
f 850//64 142//1002 785//1453
f 1910//1617 1525//1751 852//970
f 230//2097 287//911 595//2266
f 1582//444 1380//1162 1421//445
f 1597//145 165//2612 2034//146
f 1485//941 853//524 1238//523
f 133//1559 2208//2158 1134//2407
f 744//995 2633//1885 1669//608
f 1522//2208 1727//2666 1536//930
f 1317//248 845//1246 2349//2043
f 2353//2361 1800//1407 908//2482
f 1482//2461 2136//65 475//1148
f 1391//1958 2101//890 863//1960
f 1566//1047 1997//1554 1315//2069
f 1382//2105 2456//1346 732//1549
f 2641//1564 621//1234 909//2607
f 2410//1719 1557//2136 2664//2135
f 1473//1401 520//2657 383//1914
f 524//2075 1638//2502 2033//2236
f 1172//2180 2633//1885 611//2346
f 2424//2046 2500//2585 1656//1057
f 876//722 1963//2315 2269//51
f 780//229 453//2485 22//2353
f 780//229 1987//2501 453//2485
f 1412//1269 390//2619 2153//1859
f 1534//1099 1627//1100 1523//1693
f 2381//1167 1523//1693 1627//1100
f 2370//1494 1702//1493 2445//2037
f 2191//2311 1249//2009 2315//1980
f 1940//2576 1299//2537 2401//778
f 1216//1915 1101//932 429//1916
f 914//2630 2357//770 2670//2068
f 224//1647 1440//2655 727//1218
f 2619//840 510//1883 984//1272
f 1459//1063 1128//1867 1531//1064
f 2451//2558 2634//1565 1944//744
f 2330//218 2273//220 2536//1248
f 1127//2012 1456//2011 2620//768
f 2233//961 1028//2282 1236//1608
f 1398//2667 2123//2320 2189//2321
f 452//293 2462//648 2438//542
f 444//1957 2493//388 86//2527
f 1422//1842 2216//2227 1144//2580
f 1273//2248 2539//1983 1708//1911
f 1077//929 949//1288 235//578
f 318//2363 2089//977 2514//976
f 2338//2019 724//2212 1094//174
f 1973//752 2262//453 578//750
f 949//1288 960//1773 235//578
f 1098//1888 1551//1291 1108//1889
f 1304//1853 1788//1852 1747//624
f 606//1937 702//569 51//2447
f 327//87 290//1028 38//1891
f 2130//1441 1340//1360 525//1292
f 237//2313 826//1869 208//1868
f 2331//2125 2550//2124 1480//1655
f 709//2309 1513//2535 1608//2582
f 2233//961 2594//962 2512//2470
f 2608//1683 61//1406 2339//711
f 1928//1065 1531//1064 2472//2509
f 2331//2125 1480//1655 892//1654
f 1420//2267 2331//2125 892//1654
f 792//2646 317//2565 1706//650
f 1349//147 2528//68 1596//1607
f 2296//2296 1555//1881 2245//2083
f 55//2510 308//1186 1009//2518
f 1103//171 1497//1122 2229//169
f 2522//109 2199//108 2360//1408
f 2266//2096 1306//1252 1253//401
f 171//1860 927//1188 2630//1861
f 387//162 211//1563 2275//288
f 1741//2262 477//559 1609//902
f 1599//2250 1490//144 1753//1600
f 1201//1001 1852//1000 804//1700
f 1308//2251 1599//2250 1753//1600
f 251//2352 2340//1438 2180//2668
f 292//1941 1237//841 1717//1411
f 1640//1486 2541//2451 780//229
f 2652//657 1080//1380 2609//2184
f 1414//1479 662//1626 2239//435
f 12//1820 700//2536 2437//1821
f 1270//2295 2665//1538 770//2508
f 1012//854 1527//1631 1871//1529
f 1003//1377 1689//2372 1799//2373
f 453//2485 1119//1233 1866//871
f 1950//729 763//600 424//602
f 1781//2571 2635//2503 107//1825
f 386//2567 1328//1409 2360//1408
f 1935//2317 1998//2145 367//2147
f 1246//2280 1754//2376 1471//510
f 1535//1545 644//1570 1632//2297
f 387//162 1642//181 777//1511
f 267//2057 1914//2138 291//2058
f 1287//1967 1022//185 1896//1258
f 1776//1930 1363//2641 948//1931
f 445//1627 2445//2037 615//1628
f 1372//1335 337//343 1084//345
f 891//1986 2120//2423 2173//2493
f 1035//1456 1182//2214 1976//2484
f 436//2511 2612//1014 2316//1736
f 1569//280 2234//315 1982//278
f 1466//1259 1534//1099 1523//1693
f 1176//2550 1141//1059 2663//1873
f 1720//1238 527//2218 1827//842
f 2505//1839 614//1107 1870//1106
f 2100//2193 2485//1257 1560//691
f 576//509 1833//2087 1176//2550
f 2640//25 2542//831 2582//512
f 767//1198 1456//2011 1489//2590
f 1031//52 2269//51 37//2475
f 217//2141 409//2349 1559//2142
f 1319//1495 2370//1494 2052//1728
f 977//904 1630//14 62//16
f 742//1557 133//1559 1134//2407
f 1363//2641 633//2454 948//1931
f 508//658 166//850 140//359
f 1213//2154 1300//2665 2606//2425
f 2048//1347 2308//1850 1139//1072
f 1560//691 2485//1257 470//692
f 1360//1568 1367//2459 2385//1701
f 1475//2592 2068//2300 720//2514
f 1373//2382 1965//2203 1843//2383
f 2070//1251 30//2586 2081//2370
f 659//2597 857//104 503//2052
f 2528//68 135//2005 1619//69
f 782//1833 1074//1523 722//1525
f 2227//2575 2036//2637 245//1302
f 2575//1996 2574//1878 1759//1616
f 1175//2648 2057//107 2030//1615
f 1564//507 748//506 689//234
f 2001//889 365//2279 978//2086
f 2404//217 2126//1151 1641//1651
f 1487//2082 1790//1300 1902//2452
f 1625//1111 1170//2458 1058//2149
f 839//671 649//670 2346//1374
f 990//2013 1996//2276 527//2218
f 658//2647 1503//2478 1080//1380
f 698//1465 1702//1493 2163//1466
f 1058//2149 739//1112 1625//1111
f 1284//2656 2226//2278 1331//2526
f 2571//1866 1906//2424 2472//2509
f 1164//1150 2204//2172 1572//2171
f 2035//2596 1724//2662 2613//1379
f 2542//831 867//102 588//225
f 2357//770 2411//769 2470//1060
f 2306//348 1830//347 1581//2239
f 1206//1517 2264//1326 858//1327
f 24//1880 2046//298 2543//300
f 2278//1475 1542//2199 912//2661
f 800//2319 1463//912 230//2097
f 2389//1684 2240//1945 1151//529
f 228//2332 1374//2306 146//1685
f 349//1381 2494//814 89//974
f 127//881 1198//1990 1554//2056
f 2063//2215 733//2347 1399//2060
f 511//1359 2553//219 564//2455
f 2196//910 2067//2523 1593//308
f 441//1202 2464//282 2017//2513
f 1722//1437 2534//1273 1293//2494
f 279//2015 789//2014 2128//1030
f 1498//1619 205//2287 2267//297
f 1384//2559 1250//1809 2200//1115
f 1600//2593 1653//2271 2156//2270
f 2451//2558 587//2386 1894//2225
f 1364//1750 2399//1749 474//1267
f 2259//497 1036//1286 502//1287
f 1918//2045 293//1846 1424//1848
f 1809//1481 1540//44 1547//1929
f 1741//2262 377//2615 1752//2498
f 2065//828 2436//2016 602//791
f 1735//2658 325//2360 21//843
f 765//176 2321//645 1208//1271
f 887//2439 890//1653 2146//2205
f 1614//878 291//2058 838//2442
f 506//943 1418//1299 545//1088
f 787//1969 816//651 1724//2662
f 1002//1811 1528//2577 1602//2625
f 2082//203 1438//240 1050//201
f 1670//1732 1181//1734 2355//2603
f 1876//2051 1047//1452 2559//2322
f 561//873 1989//2164 1488//1484
f 1217//1642 130//2624 1775//908
f 2228//1932 2558//2240 1116//1330
f 1144//2580 2216//2227 339//2609
f 1938//73 1201//1001 804//1700
f 2267//297 2554//2434 2459//2021
f 1617//2035 789//2014 303//98
f 209//999 294//1489 1900//1720
f 600//1433 1413//1767 729//988
f 829//214 1523//1693 772//1583
f 1350//1742 670//1741 725//2169
f 677//1516 1930//2299 929//1546
f 433//1906 1194//1794 1697//165
f 1697//165 1613//166 433//1906
f 990//2013 834//1661 273//2277
f 1693//2654 1546//254 2152//1799
f 863//1960 2101//890 934//892
f 750//1398 888//2522 407//2528
f 2575//1996 2521//1995 2658//2010
f 1454//1158 2166//1337 392//499
f 1634//261 2423//618 1279//262
f 2545//1080 1100//2385 1548//2384
f 2027//2185 1592//2066 2660//2560
f 910//2563 1960//2562 1056//2669
f 1536//930 1727//2666 400//2496
f 1760//2620 516//2543 631//2544
f 301//1747 1654//443 2064//1349
f 56//639 132//179 40//1283
f 2442//1077 44//397 1941//255
f 2013//2132 367//2147 445//1627
f 1137//2099 1511//1499 1829//2472
f 2655//758 1078//2204 78//2122
f 1309//2548 1473//1401 383//1914
f 2287//1089 545//1088 1487//2082
f 293//1846 1728//2238 2129//2237
f 2605//116 2644//2490 2636//2400
f 499//241 809//1589 52//1215
f 1173//2049 1810//864 2265//296
f 1029//1877 843//1934 746//1933
f 2091//1730 843//1934 1029//1877
f 2051//63 554//119 850//64
f 912//2661 1229//2588 937//2569
f 2049//1521 1159//1295 1783//2190
f 1075//695 1331//2526 1462//696
f 631//2544 1004//2519 207//1491
f 2660//2560 2592//2636 23//1624
f 1667//1755 1456//2011 1196//398
f 2013//2132 1772//1629 2329//2133
f 1482//2461 218//53 2136//65
f 1114//1768 275//1926 1354//717
f 2506//1622 1024//1322 1397//1323
f 1745//1472 39//2285 938//1470
f 1121//1903 1377//2670 1328//1409
f 966//2323 103//223 840//284
f 2610//1474 1150//1476 731//1893
f 2649//1294 1451//1293 2105//2067
f 1599//2250 2309//142 1490//144
f 1523//1693 829//214 1466//1259
f 1510//802 2477//1156 2531//2273
f 2054//968 1896//1258 1022//185
f 107//1825 2399//1749 356//1417
f 2188//2448 1747//624 195//623
f 251//2352 1860//1139 28//531
f 2304//832 2542//831 588//225
f 1136//1904 708//1135 1464//1905
f 382//2176 396//2175 1129//1588
f 1362//2431 1341//2334 2497//1261
f 1942//1955 1663//680 2608//1683
f 948//1931 642//306 2453//1469
f 1814//2127 1203//2369 2050//1635
f 26//727 2014//1965 637//1136
f 2036//2637 1051//1178 1598//2038
f 2418//200 1690//2591 1693//2654
f 1543//2622 1506//2644 2215//2148
f 2528//68 784//70 1477//709
f 422//641 1469//2159 1398//2667
f 1385//1434 2119//2344 239//1155
f 406//1385 1959//341 1240//1181
f 1135//1524 398//2462 2656//2034
f 741//790 1968//1605 351//1487
f 1867//2417 2022//2022 248//2594
f 585//2411 1111//2054 1953//77
f 644//1570 2550//2124 605//1571
f 1963//2315 2503//1800 431//253
f 1249//2009 1033//74 477//559
f 895//1501 1945//1500 1948//1770
f 1825//783 747//124 2283//2095
f 2311//2024 1432//1574 2646//1541
f 1266//1551 1632//2297 2631//1035
f 878//2074 883//2151 1744//2541
f 44//397 776//611 1915//256
f 719//403 815//354 965//1505
f 754//380 526//2613 717//1566
f 2547//1532 792//2646 2589//649
f 1046//1365 1840//2312 304//1363
f 2586//192 554//119 2051//63
f 402//533 935//1782 1566//1047
f 228//2332 1665//1138 1860//1139
f 2586//192 1785//1620 440//743
f 2066//1141 1388//259 1502//2367
f 852//970 1525//1751 2526//2426
f 816//651 1017//1387 2668//2632
f 1515//118 2626//1674 1397//1323
f 2514//976 1262//1510 318//2363
f 1735//2658 21//843 622//627
f 1667//1755 1489//2590 1456//2011
f 1813//137 1416//1191 645//138
f 856//1844 1638//2502 1882//1413
f 2332//1369 272//1520 333//1519
f 785//1453 1267//2094 2102//62
f 537//2388 2260//1964 305//1779
f 1979//1992 1312//1982 1321//1981
f 360//604 1168//963 1046//1365
f 2541//2451 382//2176 149//227
f 1678//2189 754//380 1013//1949
f 1130//1978 1332//2413 290//1028
f 679//1513 782//1833 418//2351
f 983//534 1566//1047 704//2070
f 1489//2590 2440//632 2005//2416
f 2396//199 2440//632 1690//2591
f 1172//2180 760//2345 1620//2557
f 1061//495 2259//497 2480//1718
f 1302//1657 1880//1023 1039//2059
f 2460//1977 718//1771 53//2539
f 519//801 677//1516 2477//1156
f 1092//299 2046//298 1787//2556
f 1219//1069 602//791 2263//2017
f 2090//1632 1838//99 2568//1201
f 925//2437 2323//1690 1024//1322
f 462//2631 2141//2629 2412//2392
f 1990//2553 1798//1533 957//1113
f 1203//2369 1851//2545 2050//1635
f 2323//1690 925//2437 2114//1678
f 760//2345 2471//2163 2320//1290
f 504//1471 935//1782 1831//2167
f 1229//2588 1541//1229 2079//2573
f 2583//1328 2241//2660 2662//2633
f 1756//106 1183//793 2478//792
f 651//1843 2293//1244 962//247
f 416//452 1338//451 2117//1488
f 2411//769 1543//2622 1435//1061
f 2414//607 2469//2671 2511//605
f 2154//643 2623//2228 2356//1875
f 2025//1921 1733//2552 1990//2553
f 2303//2640 2304//832 1468//1458
f 683//438 202//212 2624//211
f 1413//1767 600//1433 587//2386
f 1496//2186 1153//2187 2060//983
f 164//1103 1663//680 650//679
f 1655//140 2315//1980 1286//141
f 1311//851 390//2619 1412//1269
f 2029//2356 58//1253 1055//1284
f 2210//1910 2601//1909 1358//1738
f 748//506 873//754 1334//1671
f 2451//2558 1066//992 1413//1767
f 1543//2622 2532//1184 369//1966
f 2554//2434 2629//626 2459//2021
f 286//1759 972//2422 487//1760
f 1657//1784 1343//2293 1566//1047
f 1935//2317 367//2147 2013//2132
f 900//2521 482//2643 720//2514
f 429//1916 2498//934 488//2406
f 2261//1938 516//2543 869//2621
f 2171//1016 332//231 1254//1036
f 1688//369 899//1212 811//2546
f 116//571 2151//570 1004//2519
f 1011//725 1121//1903 2167//726
f 551//50 1281//972 183//728
f 675//1446 971//982 539//860
f 2443//1721 742//1557 1265//1722
f 1182//2214 661//2103 1217//1642
f 1492//1173 45//2506 944//164
f 1147//2257 106//2380 396//2175
f 2444//2529 2073//2618 2071//1457
f 823//1946 1291//1948 1086//2628
f 1309//2548 1974//2128 2121//1650
f 1082//2642 2154//643 2044//2583
f 2190//2530 1363//2641 1776//1930
f 1210//2326 2098//2419 1452//2396
f 1117//1247 883//2151 2536//1248
f 413//938 881//45 2358//1648
f 2153//1859 390//2619 223//2166
f 1778//1757 1796//1756 1304//1853
f 908//2482 1122//447 395//2483
f 406//1385 191//2272 2481//1423
f 147//2534 1763//905 262//907
f 481//1038 321//1022 2499//1152
f 1619//69 135//2005 1220//2409
f 2546//2492 1778//1757 1304//1853
f 1800//1407 907//448 908//2482
f 2410//1719 2664//2135 1065//1383
f 816//651 2446//2663 1724//2662
f 1704//2181 1203//2369 1814//2127
f 1291//1948 1071//1669 1086//2628
f 1991//2188 2027//2185 1731//446
f 2504//951 2303//2640 1316//2549
f 1821//2350 217//2141 126//887
f 2434//97 1039//2059 2184//1025
f 893//629 2305//318 2435//765
f 128//2092 832//2532 1863//958
f 857//104 1261//2342 1679//105
f 1080//1380 723//2477 2609//2184
f 105//2404 581//1368 1307//1595
f 1206//1517 2643//2581 1444//2084
f 2557//1577 2465//1576 2222//2177
f 2533//1405 2392//1988 2499//1152
f 2278//1475 912//2661 937//2569
f 55//2510 2222//2177 2465//1576
f 757//846 740//848 1256//1802
f 2666//27 1184//26 1090//646
f 1893//412 49//195 2064//1349
f 2651//2194 1016//1828 1282//1697
f 1401//1918 1983//1254 2029//2356
f 1503//2478 723//2477 1080//1380
f 997//1797 1100//2385 1364//1750
f 2332//1369 803//2197 272//1520
f 502//1287 549//991 48//993
f 1578//1110 2039//2073 2033//2236
f 2640//25 2598//1171 2542//831
f 549//991 1413//1767 1066//992
f 700//2536 12//1820 365//2279
f 2128//1030 1853//178 555//180
f 1597//145 1450//2283 2513//2626
f 1691//1325 526//2613 1395//601
f 485//928 949//1288 1077//929
f 1393//1237 2373//803 1720//1238
f 422//641 1909//1989 2208//2158
f 408//1975 2460//1977 797//2143
f 1907//2071 2198//1640 734//1436
f 2296//2296 2416//1973 2408//1762
f 159//1232 953//2252 2063//2215
f 2112//2659 1973//752 1106//751
f 705//2006 1001//767 2662//2633
f 979//2042 1908//1917 1763//905
f 25//1754 1489//2590 1667//1755
f 1770//1537 2290//237 247//2444
f 782//1833 570//2033 418//2351
f 671//849 140//359 166//850
f 2441//384 2384//383 1671//381
f 2384//383 1694//382 1671//381
f 1448//2540 1186//1612 1351//877
f 2138//2610 2279//1478 1538//2343
f 868//2487 2590//598 2475//597
f 1118//698 2019//1029 1748//1781
f 1512//1263 2358//1648 2219//660
f 2246//1313 1262//1510 2514//976
f 1086//2628 942//852 1311//851
f 1540//44 288//46 370//1095
f 1451//1293 1141//1059 1176//2550
f 1177//2446 1702//1493 698//1465
f 726//1830 817//1490 1771//1492
f 1294//1544 2550//2124 1535//1545
f 371//566 2058//2269 1439//1630
f 339//2609 1716//1769 136//2374
f 342//2243 286//1759 2363//1758
f 2305//318 1027//2445 2020//1197
f 876//722 1131//1950 1963//2315
f 202//212 2171//1016 1924//210
f 811//2546 1966//1073 1674//1079
f 25//1754 1693//2654 1690//2591
f 408//1975 797//2143 565//1925
f 298//2291 2253//2651 1916//2614
f 708//1135 1073//2524 1464//1905
f 429//1916 1101//932 2498//934
f 2032//2672 442//2226 2015//340
f 2096//2325 2672//2387 2571//1866
f 2369//1376 372//157 1429//1610
f 1058//2149 299//1920 739//1112
f 2415//213 2008//1578 2502//1443
f 386//2567 1088//587 26//727
f 998//2555 2282//2440 1081//2036
f 737//762 446//761 1301//1044
f 352//1078 1858//149 1517//1598
f 1394//2258 2110//322 1829//2472
f 862//522 2295//302 2341//986
f 2100//2193 2380//1913 2523//898
f 2448//1240 1289//1725 1190//167
f 1150//1476 937//2569 1018//2090
f 1006//2460 1163//2600 2512//2470
f 2197//886 1382//2105 1648//1390
f 2272//773 1098//1888 798//588
f 2154//643 2647//642 2623//2228
f 2152//1799 265//1801 589//90
f 191//2272 433//1906 1668//1424
f 787//1969 1724//2662 2035//2596
f 2607//2201 1795//1777 1539//2616
f 386//2567 2199//108 1088//587
f 1083//2476 366//252 118//115
f 648//1338 1267//2094 1892//1143
f 292//1941 660//1940 2617//2368
f 1935//2317 2013//2132 1964//2134
f 2068//2300 1874//2119 2118//1573
f 651//1843 962//247 316//246
f 1989//2164 1085//2230 340//1462
f 2195//2516 2243//1282 12//1820
f 2660//2560 1347//206 2592//2636
f 1620//2557 1544//2348 525//1292
f 616//582 831//1048 1099//1623
f 616//582 1099//1623 1465//1416
f 382//2176 480//1686 149//227
f 908//2482 1120//865 2522//109
f 263//1426 173//1315 1143//1580
f 928//1731 2031//1592 821//706
f 2647//642 1398//2667 2189//2321
f 2211//2512 1889//2364 1949//2162
f 1530//2192 1901//2152 1293//2494
f 200//2170 1235//747 1789//1332
f 1549//291 2028//152 1575//614
f 2237//1249 2617//2368 1117//1247
f 476//666 2527//2234 668//1050
f 961//2408 749//631 1195//197
f 734//1436 2227//2575 245//1302
f 2407//476 1102//478 1093//1019
f 1808//1460 1337//1459 510//1883
f 2327//1643 2487//399 2625//1879
f 1649//906 429//1916 488//2406
f 2639//1604 2103//123 1288//122
f 119//2584 2587//2650 2604//1673
f 1818//1558 742//1557 2443//1721
f 2611//2601 2231//713 1662//833
f 1440//2655 2248//1646 695//1898
f 2179//1812 1215//1395 855//1396
f 2358//1648 682//2664 31//667
f 1699//287 607//776 1025//285
f 583//2427 1832//1450 910//2563
f 1989//2164 652//1763 2394//2165
f 2096//2325 2241//2660 2583//1328
f 2580//121 2284//154 1891//156
f 1666//916 536//948 864//2495
f 1656//1057 119//2584 1115//1058
f 1272//853 2544//2378 390//2619
f 627//1224 1526//2405 724//2212
f 1548//2384 1578//1110 1606//1935
f 989//1961 1962//2301 1457//2480
f 1769//1467 642//306 1593//308
f 425//2399 1841//2673 2561//1006
f 1956//1594 1537//1163 48//993
f 1014//1968 2149//1444 441//1202
f 2620//768 2556//1414 2661//1098
f 232//736 223//2166 383//1914
f 318//2363 1856//2109 2106//2110
f 318//2363 2106//2110 2537//2520
f 2174//2474 1651//540 2405//1432
f 476//666 668//1050 2650//418
f 1790//1300 2047//1764 696//1765
f 705//2006 993//2253 1001//767
f 2209//1207 2547//1532 2589//649
f 991//437 1204//436 936//944
f 2588//586 2057//107 331//1037
f 705//2006 2662//2633 2241//2660
f 378//1636 1984//1939 2261//1938
f 1019//704 1765//784 1840//2312
f 2092//549 237//2313 124//550
f 849//1319 1149//215 1244//862
f 2285//1206 1340//1360 1158//772
f 1781//2571 900//2521 2068//2300
f 2425//1020 1175//2648 2658//2010
f 2664//2135 1110//2264 1065//1383
f 485//928 1148//170 2229//169
f 1301//1044 493//1004 1699//287
f 195//623 1042//2156 880//1901
f 2249//1235 621//1234 2641//1564
f 1269//1746 2549//1954 301//1747
f 2475//597 425//2399 868//2487
f 799//2254 993//2253 196//2008
f 2078//622 922//619 592//2327
f 224//1647 2248//1646 1440//2655
f 1530//2192 1293//2494 2534//1273
f 1405//2139 2637//2645 2563//2088
f 1486//1894 1018//2090 128//2092
f 1955//1836 1497//1122 1503//2478
f 1068//95 2530//2608 194//96
f 1154//1633 572//740 573//457
f 854//1228 444//1957 688//1776
f 1948//1770 341//386 718//1771
f 2455//869 1784//2219 1302//1657
f 2599//101 1981//103 2326//2249
f 2417//117 2131//2639 1617//2035
f 1918//2045 1728//2238 293//1846
f 416//452 2616//788 1199//1991
f 1849//990 699//652 2595//939
f 1885//1729 2010//2412 1965//2203
f 2313//24 736//2375 2056//2029
f 2510//2003 1349//147 773//2505
f 1914//2138 2427//1827 1187//2198
f 12//1820 1675//1819 2195//2516
f 2396//199 1195//197 749//631
f 2569//1096 2556//1414 1140//2224
f 2536//1248 2294//1662 864//2495
f 610//1708 2141//2629 1684//2652
f 303//98 1739//1177 2568//1201
f 124//550 208//1868 1409//2358
f 1854//189 710//1214 1078//2204
f 1755//1696 2214//458 710//1214
f 1045//2206 460//1454 1976//2484
f 2660//2560 1731//446 2027//2185
f 1210//2326 1452//2396 2409//1994
f 315//2430 679//1513 430//1308
f 1670//1732 1826//1180 2155//1733
f 1002//1811 2127//1116 2200//1115
f 1106//751 578//750 2434//97
f 1946//430 685//1838 2378//434
f 2187//209 1512//1263 376//207
f 2159//2635 930//1711 374//1262
f 23//1624 1731//446 2660//2560
f 251//2352 1628//1021 1860//1139
f 927//1188 2648//985 641//2533
f 2648//985 1308//2251 641//2533
f 175//2196 2407//476 803//2197
f 425//2399 2644//2490 1841//2673
f 2573//675 919//766 2245//2083
f 819//2106 1483//377 1072//819
f 1284//2656 1792//2101 1808//1460
f 2286//2432 2343//1352 449//2255
f 1692//579 1139//1072 2585//580
f 62//16 2345//1539 977//904
f 1120//865 395//2483 1165//2093
f 2561//1006 1184//26 507//28
f 2527//2234 2075//1289 7//10
f 980//1448 1400//2020 1368//1449
f 2469//2671 1110//2264 2511//605
f 1978//2023 2022//2022 1867//2417
f 1112//787 2383//786 2195//2516
f 1139//1072 6//13 2048//1347
f 1137//2099 1562//2605 1511//1499
f 2624//211 1335//439 683//438
f 840//284 1091//2324 966//2323
f 762//113 2230//1745 941//1753
f 2508//989 549//991 502//1287
f 908//2482 907//448 1122//447
f 2466//2468 7//10 2004//20
f 1956//1594 2234//315 1537//1163
f 139//2355 1310//2570 2211//2512
f 2059//1695 1872//1572 605//1571
f 1091//2324 2563//2088 888//2522
f 882//2085 1206//1517 1444//2084
f 22//2353 1488//1484 1640//1486
f 1398//2667 2647//642 422//641
f 1811//1908 2210//1910 2115//933
f 2127//1116 1602//2625 2205//1863
f 1448//2540 53//2539 1186//1612
f 2600//940 2595//939 699//652
f 1661//636 1278//1092 1239//637
f 615//1628 2445//2037 1528//2577
f 821//706 2031//1592 1673//2107
f 1559//2142 228//2332 1628//1021
f 2413//746 1864//745 767//1198
f 196//2008 2564//2389 799//2254
f 1500//966 144//2362 281//2441
f 1209//1187 1260//1430 2056//2029
f 847//764 2596//763 2291//1281
f 691//511 2006//757 2670//2068
f 1292//2223 1864//745 2634//1565
f 2491//2488 1818//1558 2443//1721
f 705//2006 2241//2660 2319//2007
f 2375//1783 2217//2292 1657//1784
f 2432//1666 2160//1189 2452//1792
f 897//2340 986//1114 938//1470
f 32//2222 178//1429 197//1428
f 999//688 1288//122 471//1998
f 951//2256 1206//1517 882//2085
f 1585//1399 2444//2529 2479//2390
f 2383//786 2243//1282 2195//2516
f 2466//2468 2004//20 2335//2397
f 633//2454 642//306 948//1931
f 2569//1096 1303//1974 495//1097
f 1579//712 2490//681 95//7
f 2294//1662 2536//1248 883//2151
f 25//1754 941//1753 1693//2654
f 673//950 2073//2618 1780//799
f 2108//1737 1152//2178 1297//2403
f 2596//763 2243//1282 2291//1281
f 2636//2400 998//2555 2026//2638
f 1812//2566 895//1501 1948//1770
f 679//1513 418//2351 430//1308
f 2452//1792 1103//171 1148//170
f 2006//757 1471//510 1754//2376
f 2335//2397 668//1050 2466//2468
f 1232//1740 2671//969 1285//2604
f 1817//2463 398//2462 147//2534
f 1352//742 2587//2650 2500//2585
f 1315//2069 1997//1554 1299//2537
f 1129//1588 396//2175 1561//1586
f 736//2375 2650//418 2142//1049
f 1544//2348 2320//1290 525//1292
f 2585//580 1139//1072 2162//755
f 1796//1756 606//1937 1984//1939
f 961//2408 1711//1153 749//631
f 1821//2350 126//887 969//2065
f 1399//2060 540//1895 1142//2275
f 57//779 1570//2391 1943//1707
f 1614//878 838//2442 2421//876
f 881//45 1447//1216 131//1130
f 422//641 2154//643 1082//2642
f 2352//2354 1406//1716 2140//2140
f 2141//2629 1125//1727 1689//2372
f 881//45 413//938 1447//1216
f 1865//2578 1377//2670 1991//2188
f 1848//2265 230//2097 595//2266
f 67//599 296//1317 1263//2216
f 1975//1067 1505//1066 511//1359
f 2060//983 669//1704 1496//2186
f 1424//1848 2424//2046 1656//1057
f 1110//2264 1845//965 1392//847
f 174//663 1552//346 752//895
f 2483//710 2339//711 61//1406
f 1291//1948 379//1947 521//1145
f 1468//1458 1316//2549 2303//2640
f 1298//1602 641//2533 1753//1600
f 1809//1481 2289//668 682//2664
f 1775//908 249//2617 544//909
f 1931//1562 2347//94 976//93
f 2075//1289 485//928 851//8
f 1809//1481 682//2664 881//45
f 165//2612 2449//1506 2034//146
f 2405//1432 1651//540 1242//867
f 740//848 320//1509 2165//1508
f 1786//139 2318//1590 1655//140
f 2338//2019 1213//2154 724//2212
f 2495//2303 1743//1824 1767//1081
f 128//2092 385//2091 832//2532
f 1176//2550 2663//1873 1154//1633
f 2509//508 1036//1286 2259//497
f 1717//1411 1237//841 984//1272
f 2071//1457 2073//2618 673//950
f 1428//2120 1475//2592 1722//1437
f 520//2657 2220//737 383//1914
f 1880//1023 2397//1542 1188//1024
f 2307//371 1579//712 95//7
f 2644//2490 2605//116 1841//2673
f 1986//863 1641//1651 215//2456
f 2316//1736 2250//1735 436//2511
f 1966//1073 1836//1993 2603//260
f 2245//2083 919//766 495//1097
f 77//1375 1564//507 893//629
f 817//1490 1430//2153 2591//2467
f 1287//1967 1059//186 1022//185
f 2446//2663 2668//2632 2147//2314
f 726//1830 2144//2121 817//1490
f 1519//2504 430//1308 2157//1310
f 329//2115 1393//1237 2237//1249
f 1854//189 1402//759 1104//190
f 1679//105 1615//780 1355//1609
f 1331//2526 270//2221 1462//696
f 2295//302 618//305 716//303
f 2279//1478 2021//158 1479//1871
f 1237//841 2619//840 984//1272
f 1569//280 75//1164 2234//315
f 2645//1887 569//2160 1612//2260
f 338//1222 1713//2435 1899//2436
f 794//81 1245//2554 1276//1183
f 1981//103 2309//142 1599//2250
f 1416//1191 1603//1192 1396//1083
f 1198//1990 1847//796 2344//1536
f 839//671 2346//1374 201//328
f 2238//367 1973//752 2112//2659
f 566//442 1365//926 2419//424
f 287//911 684//964 595//2266
f 816//651 2668//2632 2446//2663
f 1367//2459 1360//1568 916//1132
f 2106//2110 391//2595 2537//2520
f 1666//916 864//2495 2294//1662
f 1933//19 2640//25 2004//20
f 555//180 2169//585 2433//584
f 1314//1803 1776//1930 2453//1469
f 2439//2587 1664//2507 1779//735
f 281//2441 144//2362 2170//1427
f 2286//2432 307//1927 1547//1929
f 1550//2030 2163//1466 397//1555
f 2369//1376 2021//158 372//157
f 216//2100 1844//2211 2501//1461
f 371//566 896//1808 2058//2269
f 237//2313 208//1868 124//550
f 817//1490 2591//2467 207//1491
f 717//1566 1671//381 754//380
f 2288//489 1583//1752 1389//487
f 315//2430 430//1308 1519//2504
f 1844//2211 1530//2192 1337//1459
f 2651//2194 547//2195 1016//1828
f 767//1198 1489//2590 2005//2416
f 2402//606 628//2418 1067//1170
f 2198//1640 1391//1958 2076//1959
f 2291//1281 2383//786 2117//1488
f 1725//1410 1576//1772 1549//291
f 2012//2261 353//1084 2645//1887
f 693//2018 1400//2020 980//1448
f 1197//2574 1144//2580 1713//2435
f 1290//1829 326//1680 1888//1890
f 1220//2409 520//2657 2132//1400
f 468//2064 1178//1599 2380//1913
f 1710//1953 629//2061 2549//1954
f 2658//2010 2521//1995 1559//2142
f 894//716 2012//2261 613//1357
f 1124//1309 2043//2310 1828//1250
f 443//1886 1087//1971 2645//1887
f 2636//2400 1263//2216 998//2555
f 2398//1692 2065//828 231//378
f 1040//760 411//1451 616//582
f 2603//260 1388//259 776//611
f 2090//1632 2568//1201 441//1202
f 253//1324 363//1285 1823//2298
f 2558//2240 1679//105 1261//2342
f 2559//2322 558//2079 1876//2051
f 309//1279 1686//870 2388//1658
f 62//16 2588//586 2345//1539
f 1457//2480 2548//1266 423//628
f 2653//715 814//2241 2576//2168
f 290//1028 1332//2413 2019//1029
f 2349//2043 979//2042 398//2462
f 2483//710 251//2352 28//531
f 597//655 1791//1862 2627//955
f 228//2332 1559//2142 409//2349
f 460//1454 1035//1456 1976//2484
f 2369//1376 1751//474 2021//158
f 1563//2098 1735//2658 1329//2433
f 379//1947 823//1946 1837//2337
f 988//1970 2109//2471 1087//1971
f 2077//1822 743//1209 1296//1823
f 2455//869 1231//5 701//2220
f 2044//2583 2356//1875 1310//2570
f 2281//2210 2109//2471 388//2338
f 2577//1480 1106//751 1188//1024
f 2056//2029 2256//1185 1209//1187
f 1888//1890 2646//1541 2391//2062
f 8//17 1687//811 2496//18
f 1075//695 1792//2101 1331//2526
f 1294//1544 2176//2547 1480//1655
f 972//2422 1510//802 487//1760
f 594//1899 992//2233 1164//1150
f 1377//2670 1865//2578 1328//1409
f 606//1937 1796//1756 702//569
f 2637//2645 1405//2139 1062//2357
f 77//1375 2509//508 1564//507
f 1086//2628 1869//2449 823//1946
f 1639//1101 991//437 1742//235
f 2132//1400 520//2657 1473//1401
f 1435//1061 2215//2148 1141//1059
f 1226//1687 2287//1089 1487//2082
f 2362//1717 139//2355 2211//2512
f 856//1844 2570//1936 1638//2502
f 1174//100 861//2077 1617//2035
f 1435//1061 1543//2622 2215//2148
f 1345//1806 2188//2448 647//1805
f 1404//1144 1267//2094 34//72
f 2634//1565 1894//2225 2249//1235
f 1743//1824 482//2643 900//2521
f 2374//1034 537//2388 305//1779
f 672//131 1691//1325 1793//132
f 1230//407 950//1230 1222//1128
f 973//1560 2106//2110 2276//2111
f 2578//15 2392//1988 1726//1404
f 1208//1271 210//1270 1954//2464
f 527//2218 1720//1238 2373//803
f 1520//530 2483//710 28//531
f 2232//1175 657//694 1030//2155
f 2417//117 1617//2035 861//2077
f 1944//744 48//993 1066//992
f 2587//2650 1970//1621 2626//1674
f 1123//1367 2122//1226 1581//2239
f 691//511 2670//2068 1833//2087
f 279//2015 2128//1030 555//180
f 638//2182 2667//539 1788//1852
f 1114//1768 790//937 275//1926
f 1420//2267 892//1654 2312//1963
f 2578//15 1726//1404 620//1102
f 2429//2438 2538//1364 1642//181
f 458//1528 2366//2336 1949//2162
f 438//370 1126//6 497//868
f 1142//2275 193//2231 1085//2230
f 2503//1800 1963//2315 435//1789
f 2260//1964 537//2388 1495//2235
f 1586//1256 806//462 2422//357
f 1625//1111 595//2266 1170//2458
f 1094//174 1526//2405 2654//172
f 2320//1290 2074//1527 1551//1291
f 2503//1800 1211//1999 1005//91
f 145//2410 1265//1722 742//1557
f 2616//788 416//452 2117//1488
f 1492//1173 2518//1172 45//2506
f 2323//1690 2666//27 1090//646
f 1106//751 2577//1480 2642//368
f 251//2352 2180//2668 1628//1021
f 2343//1352 2286//2432 1926//1094
f 1693//2654 2152//1799 2418//200
f 2579//2491 1384//2559 255//2515
f 882//2085 1838//99 2090//1632
f 694//874 2202//352 2468//279
f 114//883 2153//1859 1026//1204
f 1242//867 2667//539 638//2182
f 230//2097 1463//912 287//911
f 2385//1701 1367//2459 2402//606
f 1941//255 2001//889 978//2086
f 160//1507 1297//2403 525//1292
f 143//662 1034//897 174//663
f 2307//371 438//370 707//1134
f 1367//2459 916//1132 134//1496
f 2499//1152 2340//1438 1898//1439
f 2661//1098 495//1097 919//766
f 2668//2632 2333//1388 2147//2314
f 321//1022 1628//1021 2180//2668
f 2426//1535 1494//78 1953//77
f 2126//1151 1572//2171 215//2456
f 2491//2488 133//1559 1818//1558
f 1930//2299 871//2542 1565//2359
f 2074//1527 1458//1526 1499//2328
f 2263//2017 2279//1478 1479//1871
f 1786//139 1971//920 269//919
f 1689//2372 586//2202 1965//2203
f 1805//795 165//2612 2450//2402
f 1067//1170 2128//1030 789//2014
f 1617//2035 1067//1170 789//2014
f 786//1371 1338//451 2238//367
f 641//2533 1308//2251 1753//1600
f 919//766 2620//768 2661//1098
f 741//790 1768//376 2065//828
f 2609//2184 2390//2183 597//655
f 574//701 1270//2295 678//2294
f 33//1668 1143//1580 743//1209
f 668//1050 2142//1049 2650//418
f 1199//1991 578//750 2262//453
f 1156//1231 2322//425 2275//288
f 2422//357 140//359 671//849
f 2183//242 598//1515 499//241
f 668//1050 2527//2234 2466//2468
f 1993//954 597//655 2627//955
f 725//2169 121//748 1235//747
f 1072//819 1708//1911 819//2106
f 2147//2314 658//2647 2446//2663
f 918//1826 854//1228 1227//1227
f 1440//2655 1967//1897 419//1182
f 2020//1197 489//329 201//328
f 2382//86 898//88 1750//1553
f 263//1426 203//1425 2489//1790
f 945//647 1184//26 1841//2673
f 2197//886 2048//1347 2456//1346
f 1352//742 1970//1621 2587//2650
f 1527//1631 946//856 2321//645
f 2464//282 853//524 2017//2513
f 452//293 1218//486 330//485
f 1637//1849 1957//885 27//2568
f 114//883 491//590 997//1797
f 2666//27 2535//1679 507//28
f 2547//1532 2209//1207 2361//1011
f 2470//1060 2411//769 1435//1061
f 905//2259 1373//2382 666//2381
f 543//1169 1067//1170 1081//2036
f 2335//2397 2303//2640 2504//951
f 2348//2653 1177//2446 698//1465
f 1165//2093 395//2483 2615//2598
f 905//2259 666//2381 121//748
f 2244//1956 2414//607 2489//1790
f 2142//1049 2006//757 1754//2376
f 2342//1082 356//1417 1364//1750
f 1151//529 28//531 2389//1684
f 2630//1861 2627//955 1791//1862
f 1704//2181 1814//2127 587//2386
f 2446//2663 658//2647 1080//1380
f 2133//2341 1438//240 2137//75
f 834//1661 990//2013 706//805
f 2013//2132 445//1627 1772//1629
f 2345//1539 2588//586 1687//811
f 1993//954 2632//956 1905//459
f 1822//821 1509//1514 1171//2429
f 1064//2538 1822//821 1171//2429
f 2006//757 668//1050 914//2630
f 1834//250 1922//249 2589//649
f 513//733 1878//2305 122//731
f 1069//2174 382//2176 2484//2450
f 2129//2237 2119//2344 804//1700
f 1554//2056 2003//2055 127//881
f 521//1145 1867//2417 2551//1146
f 2516//2329 2332//1369 581//1368
f 2441//384 1247//1997 1324//385
f 178//1429 1231//5 711//258
f 153//1378 1373//2382 905//2259
f 1599//2250 2326//2249 1981//103
f 1384//2559 2200//1115 897//2340
f 351//1487 1072//819 1768//376
f 351//1487 1768//376 741//790
f 1518//2465 2329//2133 1096//1810
f 2238//367 2112//2659 2642//368
f 1106//751 2434//97 2184//1025
f 2228//1932 1940//2576 2558//2240
f 2610//1474 2555//2217 2278//1475
f 649//670 1271//987 1036//1286
f 857//104 1756//106 2478//792
f 1343//2293 1550//2030 1997//1554
f 1094//174 2379//173 1400//2020
f 1959//341 866//342 1240//1181
f 771//2129 1521//2379 667//2130
f 2611//2601 2618//2525 844//1200
f 795//1477 2138//2610 1295//2561
f 569//2160 2654//172 1526//2405
f 1724//2662 1080//1380 2613//1379
f 1841//2673 1184//26 2561//1006
f 2007//884 27//2568 1957//885
f 23//1624 2592//2636 2195//2516
f 2097//555 2341//986 1804//557
f 2103//123 2639//1604 2517//1603
f 638//2182 1788//1852 1762//1851
f 2510//2003 135//2005 2528//68
f 2355//2603 1181//1734 923//400
f 2174//2474 649//670 1433//1482
f 2141//2629 1689//2372 1684//2652
f 1433//1482 1547//1929 1258//1928
f 2400//1788 1131//1950 1591//978
f 2292//771 137//798 2087//1984
f 2590//598 1819//1649 67//599
f 1735//2658 622//627 1329//2433
f 888//2522 2444//2529 407//2528
f 863//1960 934//892 651//1843
f 190//396 2473//2481 2166//1337
f 597//655 2390//2183 1791//1862
f 1077//929 235//578 2080//1791
f 2602//2489 852//970 2606//2425
f 728//1190 2648//985 927//1188
f 687//128 1282//1697 1016//1828
f 1647//1874 1506//2644 369//1966
f 1450//2283 1028//2282 2233//961
f 588//225 2395//224 1468//1458
f 2035//2596 1652//656 2002//1766
f 2035//2596 2002//1766 1532//251
f 2033//2236 1638//2502 1606//1935
f 2578//15 2496//18 2392//1988
f 6//13 4//1748 825//9
f 1316//2549 1685//952 2504//951
f 2334//567 45//2506 2518//1172
f 1705//625 848//1165 307//1927
f 2270//92 2347//94 1281//972
f 1871//1529 1527//1631 2277//395
f 1234//2623 1382//2105 732//1549
f 2117//1488 1338//451 2291//1281
f 1202//984 2257//1391 1308//2251
f 2006//757 914//2630 2670//2068
f 2499//1152 1898//1439 2533//1405
f 910//2563 1056//2669 2560//2674
f 8//17 1630//14 1646//3
f 1200//456 625//581 1934//583
f 349//1381 1734//1071 931//812
f 1800//1407 1865//2578 907//448
f 45//2506 2334//567 1439//1630
f 2218//815 1736//824 947//816
f 1067//1170 628//2418 2128//1030
f 2571//1866 2672//2387 2597//1076
f 2292//771 2087//1984 2411//769
f 1477//709 1721//708 507//28
f 1886//1341 1575//614 1320//613
f 1267//2094 648//1338 83//1340
f 890//1653 460//1454 2146//2205
f 1513//2535 30//2586 1608//2582
f 1976//2484 389//1641 1644//2307
f 1866//871 1119//1233 2212//872
f 2563//2088 2637//2645 888//2522
f 1081//2036 2026//2638 998//2555
f 2663//1873 2268//1872 1154//1633
f 883//2151 1117//1247 1744//2541
f 2183//242 1951//239 2657//1336
f 1841//2673 2605//116 945//647
f 1361//1361 2285//1206 2351//2025
f 1806//1217 36//1219 1730//168
f 2587//2650 119//2584 2500//2585
f 1103//171 2452//1792 2258//1681
f 1058//2149 2072//1329 82//1331
f 1116//1330 1261//2342 659//2597
f 661//2103 1835//2104 1217//1642
f 1662//833 2231//713 1850//834
f 2499//1152 2180//2668 2340//1438
f 2132//1400 2242//1402 1619//69
f 1915//256 1374//2306 1313//257
f 939//393 1849//990 2187//209
f 2108//1737 1305//2290 2250//1735
f 1754//2376 1246//2280 2256//1185
f 1258//1928 2621//538 1651//540
f 1838//99 306//2078 1174//100
f 814//2241 2189//2321 2576//2168
f 1284//2656 1996//2276 2226//2278
f 2042//2081 1968//1605 8//17
f 1575//614 1318//130 2175//461
f 580//2247 2182//921 294//1489
f 1583//1752 2288//489 2671//969
f 1969//577 2136//65 1251//194
f 1531//1064 2571//1866 2472//2509
f 1650//915 713//1876 536//948
f 1721//708 2242//1402 1037//1005
f 868//2487 1037//1005 2242//1402
f 2057//107 2588//586 2199//108
f 1431//1540 2537//2520 248//2594
f 2079//2573 854//1228 688//1776
f 106//2380 1514//1841 1589//1840
f 2177//1339 2559//2322 1047//1452
f 1044//996 2003//2055 585//2411
f 1686//870 312//1611 497//868
f 556//243 2350//807 970//809
f 639//1907 559//2611 976//93
f 1360//1568 2385//1701 761//1569
f 1234//2623 1215//1395 2179//1812
f 1234//2623 317//2565 1215//1395
f 2608//1683 1502//2367 1942//1955
f 1115//1058 119//2584 1988//2076
f 2499//1152 321//1022 2180//2668
f 676//1485 2394//2165 2484//2450
f 1308//2251 2648//985 1202//984
f 2315//1980 1816//1979 2143//1952
f 2246//1313 1346//1312 1262//1510
f 370//1095 1923//1353 1926//1094
f 871//2542 2172//1393 1842//1392
f 1516//1942 1882//1413 1638//2502
f 894//716 353//1084 2012//2261
f 1771//1492 1729//1503 326//1680
f 338//1222 1280//2333 1472//1223
f 2592//2636 1347//206 1112//787
f 338//1222 1899//2436 1600//2593
f 1172//2180 1620//2557 1152//2178
f 2605//116 2026//2638 2131//2639
f 568//810 1968//1605 741//790
f 2113//861 1502//2367 711//258
f 1299//2537 2364//1556 57//779
f 564//2455 894//716 613//1357
f 964//1342 1671//381 672//131
f 914//2630 668//1050 2335//2397
f 1039//2059 1880//1023 2184//1025
f 858//1327 2643//2581 1206//1517
f 1143//1580 173//1315 593//1581
f 630//2031 2156//2270 408//1975
f 2071//1457 673//950 1685//952
f 2641//1564 1292//2223 2634//1565
f 462//2631 813//2414 1925//2469
f 1675//1819 2437//1821 395//2483
f 238//2330 240//1944 1715//2000
f 1115//1058 306//2078 2643//2581
f 60//610 1044//996 1669//608
f 2430//54 1236//1608 2535//1679
f 1186//1612 111//1614 267//2057
f 907//448 1991//2188 1731//446
f 570//2033 2656//2034 709//2309
f 570//2033 709//2309 1571//2308
f 1707//2599 1522//2208 1366//1265
f 1295//2561 2138//2610 2231//713
f 792//2646 1706//650 2589//649
f 2301//1208 1974//2128 667//2130
f 1125//1727 1885//1729 586//2202
f 2263//2017 2436//2016 2398//1692
f 2274//1086 2570//1936 1875//1845
f 561//873 1085//2230 1989//2164
f 1786//139 489//329 2328//2394
f 1244//862 2404//217 1641//1651
f 1824//1176 279//2015 555//180
f 2454//460 1282//1697 687//128
f 1091//2324 840//284 1443//820
f 2667//539 2621//538 848//1165
f 1269//1746 591//1498 2549//1954
f 2634//1565 1864//745 1944//744
f 1803//855 1391//1958 2198//1640
f 1949//2162 2366//2336 2471//2163
f 2605//116 2131//2639 2417//117
f 2239//435 542//1962 1204//436
f 2189//2321 988//1970 2576//2168
f 869//2621 1760//2620 2232//1175
f 2136//65 218//53 1251//194
f 2452//1792 1148//170 2080//1791
f 2137//75 2254//1694 846//560
f 368//1195 932//1522 818//2420
f 1245//2554 369//1966 2532//1184
f 1831//2167 935//1782 402//533
f 2251//953 1682//353 873//754
f 247//2444 2290//237 1226//1687
f 1786//139 2328//2394 781//1591
f 771//2129 1974//2128 1309//2548
f 2073//2618 2637//2645 1062//2357
f 1469//2159 2491//2488 1890//2551
f 1546//254 941//1753 2230//1745
f 1048//125 646//127 2486//129
f 1748//1781 1474//1780 1518//2465
f 1979//1992 1321//1981 2530//2608
f 1582//444 1917//576 2467//575
f 58//1253 455//1255 261//2040
f 1785//1620 2586//192 2525//191
f 2562//1644 663//1242 1961//1241
f 1300//2665 2602//2489 2606//2425
f 2004//20 2303//2640 2335//2397
f 1219//1069 2263//2017 1479//1871
f 2076//1959 1822//821 1064//2538
f 1779//735 520//2657 1220//2409
f 2186//739 2040//741 710//1214
f 2171//1016 1254//1036 1278//1092
f 993//2253 1127//2012 1001//767
f 2628//466 1157//331 1425//333
f 37//2475 259//114 1961//1241
f 943//1193 2016//83 2454//460
f 2571//1866 2597//1076 1533//2213
f 926//2112 2507//2116 1060//1676
f 726//1830 1874//2119 2144//2121
f 913//1087 1912//640 1920//1744
f 711//258 1635//1027 178//1429
f 171//1860 2160//1189 927//1188
f 1947//184 2018//556 1701//565
f 1984//1939 1851//2545 1796//1756
f 1341//2334 630//2031 1911//1924
f 743//1209 2301//1208 428//2041
f 572//740 1154//1633 2268//1872
f 2283//2095 1683//1634 1765//784
f 351//1487 1273//2248 1072//819
f 2011//2114 1140//2224 270//2221
f 851//8 1955//1836 825//9
f 1589//1840 1422//1842 1144//2580
f 2186//739 2214//458 573//457
f 1684//2652 1003//1377 2088//1306
f 2206//2398 2292//771 2357//770
f 649//670 1036//1286 2346//1374
f 1282//1697 513//733 2651//2194
f 482//2643 2495//2303 1875//1845
f 2122//1226 1390//481 1344//483
f 2606//2425 852//970 2526//2426
f 1318//130 1802//134 1584//835
f 2464//282 1739//1177 2111//283
f 2623//2228 2647//642 814//2241
f 1792//2101 1284//2656 1331//2526
f 2314//1682 1791//1862 2390//2183
f 858//1327 1189//1056 2643//2581
f 1742//235 2290//237 1145//703
f 2394//2165 1322//1125 1069//2174
f 637//1136 2014//1965 1631//1137
f 1466//1259 1947//184 1534//1099
f 2352//2354 2044//2583 139//2355
f 467//295 1457//2480 608//2479
f 783//1723 2032//2672 2015//340
f 2522//109 2360//1408 2353//2361
f 69//2486 521//1145 1326//1147
f 2535//1679 2666//27 2323//1690
f 2535//1679 2323//1690 2114//1678
f 2344//1536 1437//48 2024//47
f 2469//2671 1845//965 1110//2264
f 298//2291 160//1507 1109//2500
f 2206//2398 2504//951 1780//799
f 2215//2148 1506//2644 2268//1872
f 1464//1905 2618//2525 2027//2185
f 72//1318 904//1320 1173//2049
f 537//2388 663//1242 2564//2389
f 2461//319 893//629 689//234
f 1115//1058 1988//2076 306//2078
f 1581//2239 2122//1226 1558//1225
f 52//1215 198//432 1007//1837
f 2032//2672 1960//2562 442//2226
f 160//1507 1305//2290 1297//2403
f 1394//2258 1829//2472 1514//1841
f 62//16 26//727 1088//587
f 894//716 564//2455 1191//714
f 134//1496 40//1283 1853//178
f 2008//1578 1797//1518 951//2256
f 26//727 62//16 1357//1597
f 504//1471 986//1114 2375//1783
f 2406//609 2247//2179 1152//2178
f 2405//1432 600//1433 729//988
f 1272//853 428//2041 1521//2379
f 1866//871 1488//1484 22//2353
f 7//10 2075//1289 851//8
f 2283//2095 747//124 1683//1634
f 992//2233 2393//2286 342//2243
f 1042//2156 1268//2157 880//1901
f 919//766 2573//675 256//56
f 2123//2320 1398//2667 1469//2159
f 2444//2529 2071//1457 2395//224
f 2479//2390 2444//2529 2395//224
f 732//1549 317//2565 1234//2623
f 1784//2219 2455//869 701//2220
f 2636//2400 2026//2638 2605//116
f 2530//2608 1383//1278 2203//1703
f 1974//2128 2301//1208 1819//1649
f 1258//1928 1651//540 1433//1482
f 2342//1082 1364//1750 1100//2385
f 1081//2036 1617//2035 2131//2639
f 1948//1770 2669//387 341//386
f 2214//458 1755//1696 1993//954
f 1114//1768 300//935 790//937
f 1890//2551 2164//336 2123//2320
f 2166//1337 2473//2481 2045//2072
f 52//1215 1007//1837 1050//201
f 2465//1576 1636//1710 55//2510
f 1016//1828 1375//981 2486//129
f 1332//2413 738//2318 1964//2134
f 2257//1391 2326//2249 1308//2251
f 812//187 2055//554 766//967
f 1462//696 909//2607 621//1234
f 2424//2046 2566//1847 1607//2047
f 1646//3 1479//1871 1751//474
f 1539//2616 1795//1777 2085//2602
f 2443//1721 783//1723 2015//340
f 1540//44 2286//2432 1547//1929
f 437//2466 1430//2153 216//2100
f 1081//2036 2282//2440 543//1169
f 925//2437 2525//191 1936//55
f 1181//1734 2266//2096 923//400
f 114//883 1999//1798 2153//1859
f 2457//2268 1744//2541 660//1940
f 144//2362 203//1425 2170//1427
f 2491//2488 2443//1721 1846//334
f 1393//1237 2507//2116 1470//804
f 462//2631 1925//2469 2141//2629
f 1793//132 1691//1325 1801//135
f 2442//1077 2659//2339 352//1078
f 761//1569 370//1095 2614//1133
f 1124//1309 1571//2308 2043//2310
f 1467//2649 2505//1839 1611//2497
f 931//812 1734//1071 1169//813
f 1169//813 1734//1071 1453//1008
f 331//1037 2057//107 1175//2648
f 1787//2556 569//2160 1092//299
f 1533//2213 1906//2424 2571//1866
f 22//2353 453//2485 1866//871
f 1175//2648 2574//1878 2658//2010
f 1415//440 694//874 54//196
f 51//2447 516//2543 606//1937
f 358//60 273//2277 834//1661
f 2009//875 1982//278 1992//1154
f 2370//1494 2107//2146 2052//1728
f 1937//659 269//919 580//2247
f 2253//2651 2572//2032 1916//2614
f 2203//1703 194//96 2530//2608
f 1941//255 2324//150 2659//2339
f 1111//2054 2426//1535 1953//77
f 1676//350 1696//404 828//1039
f 1488//1484 1989//2164 676//1485
f 1664//2507 2515//1205 232//736
f 1314//1803 2453//1469 1023//1468
f 672//131 1671//381 717//1566
f 1433//1482 649//670 2289//668
f 199//2473 1449//707 1119//1233
f 1461//1548 704//2070 2228//1932
f 927//1188 2465//1576 2630//1861
f 1996//2276 990//2013 273//2277
f 593//1581 296//1317 67//599
f 1845//965 2469//2671 2244//1956
f 844//1200 2618//2525 1073//2524
f 1627//1100 2458//654 2381//1167
f 2563//2088 751//82 1405//2139
f 31//667 682//2664 2289//668
f 727//1218 1440//2655 419//1182
f 1868//723 183//728 876//722
f 1121//1903 1991//2188 1377//2670
f 34//72 1201//1001 1938//73
f 1912//640 1917//576 629//2061
f 2054//968 812//187 766//967
f 1816//1979 629//2061 1710//1953
f 2556//1414 1864//745 1292//2223
f 818//2420 1976//2484 1644//2307
f 1314//1803 488//2406 1776//1930
f 993//2253 2327//1643 1127//2012
f 1963//2315 431//253 1083//2476
f 1869//2449 1086//2628 1311//851
f 628//2418 134//1496 2023//1031
f 1429//1610 372//157 438//370
f 1429//1610 438//370 497//868
f 1281//972 2347//94 183//728
f 2264//1326 1178//1599 2518//1172
f 511//1359 1205//1358 1975//1067
f 553//1987 2173//2493 738//2318
f 2661//1098 2556//1414 2569//1096
f 1596//1607 1477//709 507//28
f 1434//1015 1916//2614 403//1882
f 1205//1358 714//2371 1975//1067
f 1529//574 1707//2599 1366//1265
f 2001//889 1941//255 1313//257
f 775//2335 388//2338 2109//2471
f 1224//2589 510//1883 1337//1459
f 2461//319 689//234 735//233
f 1448//2540 1351//877 46//880
f 576//509 2557//1577 2565//2063
f 40//1283 132//179 1853//178
f 1079//1085 1606//1935 2274//1086
f 2465//1576 2627//955 2630//1861
f 2614//1133 131//1130 916//1132
f 1004//2519 1729//1503 1771//1492
f 295//899 80//635 432//1787
f 864//2495 536//948 2330//218
f 1953//77 145//2410 585//2411
f 2081//2370 30//2586 1023//1468
f 2192//1712 930//1711 384//879
f 1134//2407 585//2411 742//1557
f 622//627 1501//845 423//628
f 929//1546 1565//2359 325//2360
f 162//2207 1727//2666 1522//2208
f 357//1260 374//1262 1987//2501
f 1059//186 1287//1967 1014//1968
f 1180//1440 1503//2478 2147//2314
f 1783//2190 1159//1295 849//1319
f 36//1219 419//1182 715//971
f 2405//1432 1271//987 2174//2474
f 920//573 2450//2402 2513//2626
f 1688//369 2577//1480 1188//1024
f 29//1305 508//658 371//566
f 2244//1956 2469//2671 2414//607
f 2497//1261 1341//2334 2159//2635
f 1997//1554 2364//1556 1299//2537
f 2632//956 2557//1577 1905//459
f 1687//811 2588//586 331//1037
f 134//1496 963//1131 40//1283
f 130//2624 249//2617 1775//908
